meal_id,meal_name,cuisine,meal_type,calories,protein_g,carbs_g,fat_g,fiber_g,sugar_g,sodium_mg,cholesterol_mg,cooking_method,rating,is_healthy
662,Employee Rice,Japanese,Breakfast,357,55.5,39.1,53.1,8.0,0.7,1117,274,Raw,3.7,0
1170,Animal Pasta,Mexican,Dinner,328,60.2,40.9,2.7,9.9,5.3,799,136,Raw,3.6,1
1602,Be Pasta,Mediterranean,Snack,232,79.0,31.3,4.3,27.2,10.5,326,206,Fried,1.9,1
923,Car Rice,American,Dinner,652,41.3,0.6,7.5,25.2,15.9,1602,22,Boiled,3.6,1
1154,Real Pasta,Chinese,Lunch,125,68.3,105.9,10.0,16.4,9.8,329,73,Roasted,1.8,1
1307,Quickly Salad,Indian,Lunch,306,56.7,66.9,19.8,11.7,8.6,1416,116,Boiled,4.6,1
203,Drop Stew,Italian,Dinner,1001,73.7,74.9,47.2,23.8,7.1,808,245,Steamed,1.2,0
923,Car Rice,American,Dinner,652,41.3,0.6,7.5,25.2,15.9,1602,22,Boiled,3.6,1
223,Suggest Salad,Italian,Dinner,819,63.1,141.4,27.5,2.6,5.6,903,125,Raw,4.0,0
238,Popular Sandwich,Chinese,Snack,845,77.4,27.3,59.1,5.9,48.9,2305,53,Fried,1.9,0
1827,Cover Curry,Chinese,Lunch,1038,57.6,75.8,15.8,23.9,12.4,2004,86,Roasted,2.1,0
589,Conference Pasta,Japanese,Lunch,486,18.9,113.5,28.5,17.9,45.2,961,126,Baked,1.4,0
894,One Curry,Chinese,Breakfast,751,25.3,35.1,45.7,9.4,40.3,879,80,Roasted,3.9,0
1185,Likely Curry,Japanese,Snack,1012,49.4,84.9,45.9,1.4,29.3,711,67,Baked,3.4,0
359,Thing Wrap,Indian,Breakfast,751,36.5,91.8,0.4,20.4,3.2,133,94,Steamed,2.6,0
866,Buy Pasta,Thai,Lunch,664,74.9,36.3,17.8,28.6,11.3,1528,286,Raw,2.3,1
6,Arm Stew,Italian,Dinner,484,55.3,130.3,0.1,29.7,1.6,411,162,Steamed,1.6,1
929,Message Curry,Chinese,Dinner,667,16.7,132.5,10.2,14.2,42.0,199,285,Fried,1.4,0
1126,Often Sandwich,Thai,Dinner,425,37.2,111.0,28.9,27.2,31.0,1076,58,Baked,1.8,0
1829,Number Wrap,Chinese,Breakfast,207,36.8,10.0,8.2,6.2,4.6,1832,182,Fried,4.0,1
1948,Official Curry,Mexican,Breakfast,1170,30.0,128.7,41.9,27.6,12.4,858,243,Fried,1.6,0
1163,Help Stew,Indian,Breakfast,648,29.3,108.6,23.5,8.2,3.0,2469,167,Boiled,2.1,1
1552,School Wrap,Mexican,Dinner,788,7.0,128.8,2.6,17.1,33.7,1625,255,Baked,3.0,0
38,Give Sandwich,Mediterranean,Dinner,821,45.7,39.9,31.7,14.0,1.2,2455,225,Grilled,1.9,0
923,Car Rice,American,Dinner,652,41.3,0.6,7.5,25.2,15.9,1602,22,Boiled,3.6,1
1488,Happen Soup,Mediterranean,Snack,545,12.6,96.3,9.8,17.1,16.0,233,146,Roasted,3.1,1
207,Help Salad,Mexican,Dinner,356,8.8,62.5,47.0,16.1,10.7,664,52,Roasted,2.8,0
141,Safe Stew,Indian,Snack,980,36.5,87.1,30.5,29.1,49.8,1505,150,Boiled,4.4,0
1366,Tax Wrap,Indian,Snack,622,25.1,13.1,37.5,11.9,17.6,2229,249,Boiled,4.8,0
1997,Majority Sandwich,Mediterranean,Snack,177,79.5,24.4,12.9,27.1,13.6,1612,271,Roasted,1.5,1
1521,Understand Curry,Chinese,Dinner,432,43.3,81.7,12.3,15.0,10.1,1573,246,Baked,4.3,1
55,Economic Curry,Mexican,Snack,275,46.1,23.0,4.1,23.0,4.9,1179,249,Baked,1.1,1
1226,New Sandwich,Chinese,Dinner,1023,73.8,31.2,3.3,2.9,23.5,1338,146,Grilled,1.4,0
1093,Moment Soup,Indian,Lunch,996,18.7,59.1,32.6,27.8,46.2,117,34,Grilled,4.7,0
128,Item Soup,Chinese,Lunch,484,10.8,72.9,11.7,12.1,12.1,1844,102,Boiled,2.9,1
1900,Worker Salad,Japanese,Lunch,399,42.4,10.6,39.4,14.1,32.6,407,33,Baked,2.2,0
665,Song Rice,Chinese,Lunch,575,45.2,23.3,45.2,23.1,4.8,1695,293,Roasted,1.8,0
611,Drug Salad,American,Breakfast,696,23.8,105.9,58.4,16.0,47.5,723,7,Raw,4.6,0
1299,Stuff Rice,Thai,Snack,280,8.0,112.3,15.9,13.9,7.9,1943,161,Raw,1.6,1
467,Occur Pasta,Japanese,Dinner,608,27.1,143.4,4.0,3.9,11.4,1841,86,Fried,2.4,1
1180,Operation Wrap,Mexican,Dinner,911,9.2,38.3,52.5,20.8,7.3,1615,296,Steamed,1.6,0
1919,Development Salad,American,Lunch,513,55.6,84.3,4.1,26.7,19.7,1340,240,Boiled,1.9,1
924,Market Salad,Japanese,Breakfast,982,63.4,64.5,49.2,3.0,26.2,126,280,Steamed,4.5,0
721,Moment Wrap,Thai,Snack,880,14.2,84.2,0.2,13.4,38.4,505,217,Grilled,4.8,0
30,Benefit Sandwich,Thai,Breakfast,311,51.8,69.1,41.3,6.4,49.3,2374,115,Fried,3.6,0
1312,Run Pasta,Mediterranean,Snack,188,5.8,20.3,22.6,12.6,6.9,1895,102,Steamed,4.9,1
1173,You Rice,Mexican,Breakfast,991,49.1,146.1,45.7,20.3,9.5,2021,129,Raw,3.1,0
646,Buy Sandwich,Mediterranean,Lunch,649,78.9,96.6,3.2,11.2,13.5,1413,75,Roasted,4.2,1
269,Pull Sandwich,Mexican,Lunch,223,42.4,48.8,22.7,26.2,18.4,2171,62,Boiled,3.3,1
362,Game Stew,Mexican,Dinner,998,37.6,141.8,41.6,16.7,25.5,864,49,Raw,1.1,0
546,Participant Soup,Indian,Breakfast,565,53.2,30.8,15.1,27.4,4.5,2452,160,Steamed,3.9,1
1520,Stock Curry,Indian,Lunch,772,6.0,85.4,59.9,5.6,28.0,1530,272,Roasted,4.1,0
1478,Remember Pasta,Mediterranean,Lunch,225,73.2,118.2,12.8,12.4,6.7,983,286,Roasted,4.1,1
595,Rule Wrap,American,Lunch,890,61.9,28.5,57.5,9.1,20.7,920,51,Boiled,1.6,0
968,Mind Stew,Thai,Dinner,237,37.1,3.8,6.6,2.7,19.0,1838,245,Boiled,1.5,1
1700,Nation Curry,Chinese,Snack,962,58.8,73.8,24.9,6.2,4.0,734,178,Boiled,3.2,0
881,Left Wrap,Mexican,Lunch,391,7.6,121.0,6.4,17.9,2.7,2413,109,Boiled,2.4,1
1621,Police Sandwich,Chinese,Lunch,1027,67.1,104.8,20.2,2.9,4.5,1082,117,Grilled,3.3,0
1097,These Salad,Japanese,Snack,837,24.9,81.2,22.2,19.9,30.2,211,294,Steamed,3.3,0
1457,Be Wrap,Mexican,Snack,563,50.3,20.1,9.7,12.3,39.0,338,296,Fried,3.2,0
1566,Purpose Salad,Chinese,Dinner,224,72.0,88.3,2.3,10.6,2.8,241,247,Boiled,4.1,1
1148,Believe Soup,American,Breakfast,233,75.9,123.7,8.1,0.1,8.8,982,270,Roasted,3.5,1
997,Wife Wrap,Italian,Breakfast,471,34.0,114.7,33.9,18.4,32.5,179,102,Grilled,1.6,0
1828,Political Salad,Italian,Lunch,802,18.1,84.0,39.4,16.2,48.6,1318,277,Roasted,2.3,0
1136,Yeah Salad,Japanese,Dinner,597,49.6,4.0,12.4,5.0,18.1,2328,35,Baked,1.1,1
811,Foot Sandwich,American,Dinner,842,28.5,99.8,2.1,16.3,27.0,1505,283,Grilled,4.4,0
743,Interesting Pasta,American,Breakfast,992,10.4,21.3,57.2,8.6,23.9,1777,15,Fried,1.6,0
198,Nearly Curry,Japanese,Snack,688,58.3,16.1,4.1,24.5,12.0,2166,207,Boiled,2.3,1
1790,It Salad,Indian,Dinner,456,67.4,136.8,46.3,8.6,31.4,1272,215,Grilled,3.8,0
1475,Member Salad,Chinese,Breakfast,893,46.6,103.7,46.8,23.8,4.1,646,39,Boiled,2.8,0
1115,Anything Sandwich,Italian,Lunch,570,39.9,22.3,39.6,16.6,40.0,1992,144,Baked,3.6,0
1275,Step Soup,American,Snack,350,9.2,112.5,12.7,9.7,13.3,1728,114,Roasted,1.4,1
893,Idea Pasta,Mexican,Snack,296,53.7,136.1,5.0,3.2,17.9,119,95,Grilled,1.9,1
448,Third Pasta,Mediterranean,Dinner,1004,43.6,87.5,9.6,14.1,39.2,1083,129,Grilled,4.6,0
454,Social Wrap,Mediterranean,Breakfast,765,57.9,97.1,17.0,27.6,29.1,220,34,Boiled,3.7,0
84,Inside Pasta,Chinese,Snack,312,68.1,95.0,4.0,19.0,8.0,2158,24,Roasted,1.7,1
481,Child Soup,Italian,Lunch,669,76.7,39.1,14.6,20.9,24.4,731,103,Baked,1.1,0
1031,Certain Curry,Indian,Snack,410,48.9,132.4,4.2,10.6,11.2,240,23,Roasted,1.1,1
39,Black Curry,Indian,Snack,1180,60.5,63.3,33.0,7.2,49.8,2347,124,Steamed,2.3,0
1136,Yeah Salad,Japanese,Dinner,597,49.6,4.0,12.4,5.0,18.1,2328,35,Baked,1.1,1
1832,Rate Sandwich,Indian,Dinner,413,56.4,150.0,39.7,13.7,47.4,2254,103,Boiled,2.8,0
335,Production Salad,Thai,Snack,773,30.9,126.9,53.8,14.3,16.1,446,84,Baked,3.9,0
619,Avoid Pasta,Indian,Snack,203,18.6,63.2,24.0,20.3,3.5,483,250,Baked,3.1,1
1895,Effect Sandwich,Thai,Lunch,1045,5.8,117.3,30.3,11.4,30.5,1472,267,Baked,3.0,0
1542,Mrs Curry,Italian,Breakfast,137,60.3,54.6,2.3,2.0,20.0,1801,150,Steamed,1.2,0
1564,Although Salad,Mediterranean,Dinner,636,28.6,123.0,9.1,13.0,7.6,1995,197,Boiled,1.2,1
170,During Sandwich,Thai,Snack,633,57.1,136.0,32.5,6.6,9.4,2360,197,Raw,1.7,0
729,Live Sandwich,Mexican,Breakfast,602,51.5,94.9,22.6,25.6,17.6,2438,219,Fried,2.3,1
1803,Someone Soup,Italian,Breakfast,1132,15.5,76.5,7.1,4.7,49.2,808,274,Raw,1.9,0
449,Become Salad,Chinese,Snack,1045,42.0,60.8,10.2,26.2,49.3,2286,15,Grilled,1.1,0
1275,Step Soup,American,Snack,350,9.2,112.5,12.7,9.7,13.3,1728,114,Roasted,1.4,1
1459,Wish Rice,Italian,Snack,344,46.6,114.1,21.7,20.8,1.4,825,107,Baked,1.4,1
1478,Remember Pasta,Mediterranean,Lunch,225,73.2,118.2,12.8,12.4,6.7,983,286,Roasted,4.1,1
584,Movie Stew,Thai,Dinner,340,75.0,16.5,40.5,11.6,25.8,793,137,Baked,2.1,0
186,Give Pasta,Mediterranean,Snack,672,25.2,126.3,2.3,5.5,1.4,821,163,Steamed,2.2,1
123,Raise Stew,Indian,Lunch,471,62.3,56.5,19.9,0.9,7.1,1910,50,Grilled,1.3,1
1504,Hour Sandwich,Thai,Breakfast,1107,56.7,29.6,36.3,22.8,38.1,1502,243,Baked,2.4,0
1385,Only Soup,Mediterranean,Breakfast,606,20.2,120.7,11.9,21.2,12.8,1598,11,Raw,3.6,1
1604,News Rice,American,Snack,552,66.9,47.2,25.1,17.6,13.3,2204,236,Steamed,2.9,0
313,Build Sandwich,Mexican,Breakfast,998,6.0,48.0,28.5,27.1,38.1,1353,146,Fried,3.5,0
130,Nearly Wrap,Japanese,Lunch,745,44.2,28.5,43.7,12.4,10.8,1784,124,Baked,3.6,0
81,Will Soup,Indian,Lunch,684,64.1,145.5,20.2,23.4,31.3,1712,99,Roasted,3.6,0
252,North Rice,Indian,Breakfast,393,35.4,148.6,6.3,3.4,19.9,713,66,Baked,4.3,1
208,Amount Stew,Mediterranean,Snack,596,58.5,87.5,49.5,10.4,7.2,779,297,Grilled,4.0,0
1015,Concern Stew,Mexican,Breakfast,475,43.5,113.4,38.9,6.0,37.0,1940,101,Raw,1.0,0
1559,Career Stew,Mediterranean,Dinner,856,20.3,63.4,37.0,6.5,12.5,1836,273,Steamed,2.2,0
193,Decide Salad,American,Dinner,703,64.9,43.2,18.8,6.8,0.0,138,114,Baked,1.2,0
110,Stuff Stew,Italian,Breakfast,306,43.9,42.7,10.1,1.9,34.5,1867,12,Raw,4.5,0
792,Example Pasta,Italian,Breakfast,862,55.0,0.6,39.9,13.1,2.6,273,199,Steamed,3.5,0
1562,Lead Curry,Italian,Dinner,494,12.4,143.4,3.0,16.3,42.0,1630,8,Baked,3.8,0
52,Company Wrap,Indian,Dinner,153,76.0,79.0,23.3,24.0,8.5,1581,80,Raw,4.3,1
737,For Salad,Mediterranean,Snack,1052,38.1,123.2,30.3,0.2,39.6,1481,1,Grilled,4.8,0
813,Offer Sandwich,Thai,Breakfast,465,26.5,61.2,18.0,4.8,17.4,396,67,Grilled,2.3,1
324,History Curry,Indian,Dinner,251,68.5,8.8,29.8,8.1,43.1,299,9,Roasted,1.3,0
778,Itself Salad,Japanese,Lunch,395,63.6,114.0,0.8,7.3,4.0,247,28,Grilled,4.2,1
1388,Follow Salad,Chinese,Dinner,1017,18.2,143.3,11.5,9.9,30.2,349,102,Baked,4.3,0
1762,Reason Curry,Mediterranean,Lunch,634,53.5,9.9,19.9,16.9,6.8,772,188,Fried,2.0,1
1460,Because Wrap,Indian,Dinner,939,35.1,109.1,24.6,25.5,3.8,2333,241,Boiled,4.4,0
546,Participant Soup,Indian,Breakfast,565,53.2,30.8,15.1,27.4,4.5,2452,160,Steamed,3.9,1
1160,Commercial Wrap,Thai,Lunch,867,6.3,24.8,49.3,19.5,36.1,65,277,Fried,4.7,0
186,Give Pasta,Mediterranean,Snack,672,25.2,126.3,2.3,5.5,1.4,821,163,Steamed,2.2,1
893,Idea Pasta,Mexican,Snack,296,53.7,136.1,5.0,3.2,17.9,119,95,Grilled,1.9,1
1692,Air Curry,Indian,Snack,515,78.7,49.7,5.5,2.0,16.0,642,222,Fried,2.1,1
1986,Alone Curry,Mediterranean,Dinner,107,21.6,109.3,12.7,11.0,38.4,2231,64,Raw,3.8,0
749,Role Soup,Japanese,Snack,669,59.9,91.7,17.9,19.0,17.0,764,44,Steamed,3.3,1
1053,Thought Curry,Indian,Breakfast,132,70.6,69.1,3.1,12.5,19.1,2469,0,Boiled,1.1,1
258,Support Stew,Chinese,Breakfast,651,39.0,94.8,49.1,13.7,19.5,611,76,Boiled,3.3,0
453,Shoulder Salad,American,Lunch,662,72.7,85.0,23.2,27.6,19.6,2293,43,Grilled,4.3,1
1425,Individual Curry,Thai,Breakfast,808,75.4,137.0,45.5,4.3,32.4,758,15,Raw,4.1,0
1714,Building Soup,Japanese,Lunch,594,43.1,75.8,39.9,13.1,10.0,1673,28,Boiled,4.3,0
1060,Ability Rice,Thai,Snack,192,13.7,47.7,26.6,28.5,18.0,648,132,Boiled,2.3,0
864,Imagine Sandwich,Indian,Snack,945,62.1,24.9,16.5,19.6,5.8,2088,93,Grilled,3.7,0
1143,People Pasta,Mexican,Snack,602,68.9,104.5,29.7,25.3,49.3,1451,132,Fried,3.2,0
1822,Evidence Pasta,American,Dinner,353,73.9,10.7,51.1,30.0,39.1,1446,286,Roasted,4.4,0
6,Arm Stew,Italian,Dinner,484,55.3,130.3,0.1,29.7,1.6,411,162,Steamed,1.6,1
1921,How Rice,Chinese,Breakfast,224,45.0,29.7,18.7,2.6,38.4,877,153,Baked,4.3,0
775,Book Pasta,Indian,Dinner,829,17.1,38.4,45.0,14.7,18.9,774,26,Roasted,4.4,0
1777,Power Wrap,Mediterranean,Snack,992,45.6,8.7,20.4,10.2,16.4,1356,47,Baked,2.4,0
64,Wall Sandwich,Mediterranean,Breakfast,255,29.3,46.8,19.5,25.7,6.5,1794,116,Boiled,4.2,1
351,Heart Wrap,Mediterranean,Lunch,886,74.6,11.7,26.5,6.3,25.8,505,285,Baked,1.4,0
1330,Know Curry,Indian,Snack,671,43.2,35.5,18.6,27.4,8.7,2231,31,Raw,1.9,1
1989,Letter Curry,Mexican,Snack,220,13.5,60.1,6.8,20.6,27.3,136,235,Roasted,1.1,0
1215,Opportunity Wrap,Mediterranean,Lunch,342,24.7,148.9,0.5,26.2,5.6,215,190,Baked,2.4,1
546,Participant Soup,Indian,Breakfast,565,53.2,30.8,15.1,27.4,4.5,2452,160,Steamed,3.9,1
890,Should Stew,Chinese,Breakfast,1061,41.4,0.4,53.1,16.4,16.4,1128,184,Fried,4.6,0
155,Current Curry,Japanese,Lunch,993,58.7,21.1,3.4,11.5,21.8,433,49,Grilled,2.7,0
1025,Establish Pasta,Indian,Dinner,185,39.4,5.7,14.8,28.9,1.9,578,236,Roasted,4.8,1
1753,Us Rice,American,Snack,990,12.8,116.3,25.1,4.0,22.6,295,111,Roasted,1.8,0
1095,Hit Sandwich,Japanese,Lunch,1026,62.6,72.5,52.1,23.2,33.6,1942,210,Grilled,3.8,0
1134,Affect Salad,Mediterranean,Breakfast,1051,24.8,134.1,21.9,9.5,45.6,992,114,Roasted,2.2,0
1913,Discussion Stew,American,Dinner,536,53.4,9.0,22.2,19.9,7.6,1310,181,Boiled,4.2,1
294,Southern Pasta,American,Dinner,837,75.7,0.7,51.8,4.5,29.0,1737,140,Boiled,4.2,0
1913,Discussion Stew,American,Dinner,536,53.4,9.0,22.2,19.9,7.6,1310,181,Boiled,4.2,1
459,Reduce Rice,Indian,Breakfast,504,16.6,68.7,15.8,26.5,17.8,1833,53,Boiled,2.4,1
1309,My Sandwich,Italian,Snack,210,54.9,93.2,18.5,7.6,6.4,1939,122,Roasted,2.1,1
59,Hard Wrap,Chinese,Breakfast,1119,8.4,78.1,24.7,9.2,43.4,2489,109,Steamed,3.5,0
732,Enough Salad,Indian,Snack,609,60.7,84.0,19.4,27.7,18.7,1555,0,Roasted,4.0,1
1156,Talk Curry,Thai,Lunch,1122,34.7,38.7,12.0,1.6,21.9,547,274,Steamed,2.8,0
1073,Letter Stew,American,Breakfast,1107,29.8,112.8,57.5,28.6,33.5,1840,27,Steamed,3.6,0
1925,Despite Pasta,Mediterranean,Lunch,570,68.3,133.4,8.1,4.3,17.4,1763,195,Boiled,1.4,1
338,Develop Pasta,Italian,Lunch,261,45.8,81.9,8.2,3.4,16.1,1523,19,Roasted,4.1,1
948,Against Sandwich,Chinese,Dinner,506,49.9,50.5,5.2,3.1,9.2,983,234,Fried,3.6,1
1331,Give Pasta,Indian,Breakfast,792,64.8,53.3,24.7,23.5,48.4,1166,63,Boiled,3.3,0
1031,Certain Curry,Indian,Snack,410,48.9,132.4,4.2,10.6,11.2,240,23,Roasted,1.1,1
320,Serious Rice,Chinese,Breakfast,461,55.6,116.0,14.7,0.1,9.5,1314,179,Roasted,1.8,1
1176,Evidence Pasta,Japanese,Dinner,189,79.8,33.1,23.2,13.1,10.0,2458,244,Raw,1.1,1
675,Wear Rice,American,Snack,376,51.0,136.0,4.9,4.4,8.1,1118,97,Baked,1.2,1
92,Attorney Salad,Chinese,Dinner,350,11.8,29.0,15.2,15.8,6.0,948,130,Baked,3.8,1
467,Occur Pasta,Japanese,Dinner,608,27.1,143.4,4.0,3.9,11.4,1841,86,Fried,2.4,1
160,Eight Wrap,American,Snack,224,75.1,132.1,13.8,13.6,46.5,2478,179,Fried,3.8,0
508,Series Wrap,Japanese,Snack,329,35.8,86.8,52.7,29.8,40.6,838,29,Roasted,3.2,0
290,Open Soup,American,Lunch,277,60.2,45.5,2.9,13.8,16.7,590,232,Boiled,3.0,1
546,Participant Soup,Indian,Breakfast,565,53.2,30.8,15.1,27.4,4.5,2452,160,Steamed,3.9,1
1238,Mr Wrap,Italian,Snack,766,31.5,102.9,55.8,16.0,14.4,817,157,Grilled,5.0,0
1514,Southern Stew,Mediterranean,Breakfast,1057,77.0,7.6,36.5,20.1,49.5,108,88,Fried,2.3,0
1307,Quickly Salad,Indian,Lunch,306,56.7,66.9,19.8,11.7,8.6,1416,116,Boiled,4.6,1
302,Green Wrap,Chinese,Snack,667,7.6,70.5,46.9,7.0,24.6,809,27,Roasted,4.6,0
1706,Goal Stew,Mediterranean,Snack,387,70.9,143.8,10.7,9.1,3.8,1498,175,Baked,2.8,1
1670,Task Curry,Mediterranean,Snack,505,71.8,114.0,21.7,29.4,28.3,355,205,Raw,1.3,0
1676,Economy Salad,Thai,Lunch,698,27.2,19.6,0.8,19.3,1.0,1700,293,Boiled,2.9,1
1292,Officer Wrap,Japanese,Breakfast,767,25.3,104.9,40.7,21.2,13.0,688,131,Baked,3.8,0
1082,Current Pasta,Italian,Snack,355,38.5,141.2,14.4,14.2,7.7,1712,261,Roasted,4.5,1
1576,Well Stew,Thai,Dinner,565,50.9,78.3,8.9,9.9,5.2,805,231,Raw,2.6,1
549,Article Curry,Mediterranean,Lunch,846,33.9,145.5,40.4,20.4,34.1,502,237,Roasted,1.9,0
1843,Outside Pasta,Italian,Snack,1007,37.2,124.8,18.4,23.4,25.7,1094,235,Baked,1.2,0
884,Security Curry,Japanese,Lunch,415,7.4,131.5,4.5,21.5,25.1,141,201,Steamed,1.8,0
623,Explain Sandwich,Japanese,Lunch,137,32.6,143.3,50.8,4.6,45.3,626,82,Roasted,3.1,0
1279,Benefit Sandwich,Thai,Lunch,299,58.6,19.6,13.1,20.3,17.2,183,205,Fried,2.2,1
63,Why Curry,Indian,Lunch,213,69.9,115.1,18.5,23.2,7.4,1538,102,Fried,3.6,1
1677,Few Stew,Italian,Breakfast,131,54.4,10.2,24.8,18.3,16.4,1369,79,Steamed,2.2,1
548,Near Sandwich,Chinese,Breakfast,346,55.7,57.6,9.3,18.4,2.3,1581,212,Roasted,2.6,1
334,Phone Curry,Mediterranean,Breakfast,1143,72.8,24.7,59.2,23.2,9.6,2033,171,Raw,4.2,0
1412,Outside Pasta,Chinese,Dinner,413,44.7,123.7,46.8,4.0,6.2,1003,198,Steamed,4.3,0
474,Management Rice,Indian,Snack,904,11.7,102.8,22.6,19.9,48.6,2379,20,Baked,1.1,0
1420,Where Sandwich,Mexican,Breakfast,277,12.2,103.5,15.0,4.2,3.7,1151,236,Grilled,2.8,1
1644,Month Pasta,American,Breakfast,912,49.4,122.6,28.2,23.1,21.3,1360,175,Fried,1.5,0
666,Plant Wrap,Mediterranean,Snack,154,15.9,32.1,4.2,11.4,15.4,1032,232,Grilled,2.0,1
1641,Sound Wrap,Indian,Breakfast,735,47.5,108.9,12.3,4.5,40.3,451,147,Raw,1.3,0
718,Perhaps Wrap,American,Dinner,398,7.5,6.8,2.8,29.4,10.5,2328,25,Raw,2.4,1
1385,Only Soup,Mediterranean,Breakfast,606,20.2,120.7,11.9,21.2,12.8,1598,11,Raw,3.6,1
1103,Film Rice,Japanese,Snack,540,37.1,139.0,2.7,6.6,5.4,1490,102,Baked,4.9,1
1301,Nature Sandwich,Mediterranean,Snack,797,18.3,63.2,2.1,6.3,0.7,1558,59,Baked,3.9,0
1576,Well Stew,Thai,Dinner,565,50.9,78.3,8.9,9.9,5.2,805,231,Raw,2.6,1
281,Do Pasta,American,Breakfast,1007,10.7,51.9,43.9,6.5,4.0,2358,293,Steamed,4.1,0
198,Nearly Curry,Japanese,Snack,688,58.3,16.1,4.1,24.5,12.0,2166,207,Boiled,2.3,1
1029,Try Soup,Italian,Snack,196,74.8,27.2,24.0,25.7,18.2,2467,192,Raw,3.5,1
1413,Late Stew,Japanese,Lunch,200,69.6,18.6,5.6,14.5,18.5,1310,251,Grilled,1.2,1
464,Article Pasta,Mexican,Snack,232,18.8,74.5,7.0,20.1,14.8,1433,116,Grilled,2.8,1
748,Develop Sandwich,Indian,Snack,332,69.9,7.5,10.3,26.5,15.4,2265,31,Baked,3.7,1
395,Forget Sandwich,Mexican,Breakfast,870,77.4,45.2,29.2,21.6,11.0,1575,251,Fried,1.6,0
1663,Reduce Pasta,Mexican,Breakfast,670,28.8,123.2,42.4,22.4,11.0,965,155,Baked,1.8,0
352,None Rice,Mediterranean,Dinner,215,32.1,52.8,12.6,29.4,25.7,1527,121,Fried,2.9,0
618,Town Wrap,Italian,Lunch,226,77.2,69.6,18.9,6.2,16.6,422,44,Steamed,3.8,1
186,Give Pasta,Mediterranean,Snack,672,25.2,126.3,2.3,5.5,1.4,821,163,Steamed,2.2,1
464,Article Pasta,Mexican,Snack,232,18.8,74.5,7.0,20.1,14.8,1433,116,Grilled,2.8,1
1968,Stand Salad,Indian,Dinner,519,77.2,38.0,31.1,19.7,14.2,1015,110,Roasted,2.4,0
1018,Attention Pasta,Chinese,Breakfast,695,64.1,114.2,39.5,26.5,36.4,656,224,Fried,1.1,0
506,Attention Curry,Chinese,Snack,685,68.6,54.2,49.2,6.6,41.9,363,165,Steamed,3.1,0
1521,Understand Curry,Chinese,Dinner,432,43.3,81.7,12.3,15.0,10.1,1573,246,Baked,4.3,1
1281,Newspaper Wrap,Indian,Breakfast,177,10.2,57.9,0.1,16.0,4.5,933,289,Fried,1.1,1
60,On Curry,Thai,Breakfast,617,41.2,113.4,21.6,1.7,42.4,1385,86,Roasted,4.3,0
1413,Late Stew,Japanese,Lunch,200,69.6,18.6,5.6,14.5,18.5,1310,251,Grilled,1.2,1
1715,Move Curry,Japanese,Snack,292,65.1,146.7,8.0,0.1,4.7,1034,131,Grilled,1.1,1
1080,End Sandwich,Italian,Breakfast,249,38.0,116.1,54.8,26.4,7.1,1491,234,Boiled,1.4,0
541,Recognize Curry,Mexican,Dinner,1063,31.9,141.7,41.4,12.8,34.3,312,150,Boiled,1.3,0
22,Despite Rice,Italian,Snack,578,33.5,135.3,7.4,10.6,18.7,1156,110,Fried,3.7,1
1419,Majority Rice,Italian,Lunch,922,29.3,130.3,14.8,29.8,9.6,1781,291,Grilled,1.4,0
1148,Believe Soup,American,Breakfast,233,75.9,123.7,8.1,0.1,8.8,982,270,Roasted,3.5,1
1774,Someone Rice,Japanese,Lunch,673,10.8,117.5,29.4,6.9,5.4,2059,236,Grilled,4.7,0
92,Attorney Salad,Chinese,Dinner,350,11.8,29.0,15.2,15.8,6.0,948,130,Baked,3.8,1
1557,Morning Stew,Indian,Breakfast,1074,20.0,110.9,30.2,26.7,14.1,1609,14,Boiled,1.6,0
1099,Return Sandwich,Mexican,Dinner,409,51.2,43.0,5.0,8.1,49.5,769,70,Grilled,3.5,0
165,Meet Soup,Chinese,Breakfast,379,48.6,120.7,56.0,19.5,18.5,151,60,Baked,3.4,0
1086,Somebody Rice,Mediterranean,Breakfast,834,14.0,137.4,56.8,14.2,0.7,2125,101,Grilled,4.8,0
762,General Stew,American,Snack,849,15.5,54.9,50.1,29.3,26.2,908,77,Grilled,1.2,0
713,Entire Stew,American,Lunch,835,25.8,77.9,47.7,6.5,30.1,87,213,Boiled,2.9,0
89,Production Pasta,Thai,Breakfast,183,13.0,102.3,53.0,26.1,10.7,820,16,Raw,4.4,0
1540,Risk Stew,Indian,Snack,844,5.4,5.5,17.0,6.9,28.6,60,122,Baked,3.0,0
446,Commercial Curry,Mediterranean,Snack,405,14.1,1.0,31.1,24.1,25.3,1994,194,Baked,1.6,0
320,Serious Rice,Chinese,Breakfast,461,55.6,116.0,14.7,0.1,9.5,1314,179,Roasted,1.8,1
20,Decision Soup,Thai,Snack,402,36.9,85.6,11.1,8.1,44.5,142,145,Roasted,4.8,0
649,Management Soup,Thai,Breakfast,423,6.2,144.1,12.4,28.7,18.3,2489,264,Baked,1.8,1
1394,Film Stew,Indian,Snack,665,40.4,75.8,59.5,15.7,27.8,2101,279,Roasted,2.7,0
608,Along Pasta,Mediterranean,Lunch,110,70.7,125.5,54.1,14.0,15.9,203,145,Boiled,3.2,0
1435,Rather Salad,Mexican,Lunch,776,47.7,10.1,59.1,8.5,14.1,1161,194,Fried,4.3,0
1665,As Salad,Thai,Breakfast,772,51.8,77.3,56.7,25.7,26.8,1758,100,Baked,1.8,0
1825,Look Pasta,Japanese,Dinner,618,56.6,63.9,15.1,3.7,41.8,617,40,Grilled,3.2,0
453,Shoulder Salad,American,Lunch,662,72.7,85.0,23.2,27.6,19.6,2293,43,Grilled,4.3,1
55,Economic Curry,Mexican,Snack,275,46.1,23.0,4.1,23.0,4.9,1179,249,Baked,1.1,1
886,Other Salad,Japanese,Lunch,724,7.4,83.2,45.8,11.3,22.9,1111,190,Fried,1.8,0
1655,Image Pasta,Mexican,Snack,146,7.3,57.7,21.8,11.2,28.2,246,146,Raw,2.7,0
1239,Century Sandwich,Thai,Dinner,582,58.1,95.1,14.6,4.7,13.5,86,143,Boiled,1.1,1
310,Drug Soup,Japanese,Lunch,614,59.8,36.9,13.3,14.8,12.7,2233,54,Steamed,3.8,1
1478,Remember Pasta,Mediterranean,Lunch,225,73.2,118.2,12.8,12.4,6.7,983,286,Roasted,4.1,1
440,Community Sandwich,Mexican,Snack,638,54.6,89.4,53.6,10.2,25.7,383,36,Baked,2.4,0
91,Summer Stew,Japanese,Lunch,487,6.4,72.0,16.3,22.7,6.8,621,269,Steamed,1.6,1
145,Add Stew,Thai,Dinner,1043,32.1,130.5,29.2,13.6,30.6,692,147,Roasted,3.4,0
1191,Teacher Curry,Italian,Breakfast,173,31.0,65.3,18.9,26.1,27.4,765,71,Baked,2.3,0
1117,Report Sandwich,Chinese,Dinner,116,32.6,139.0,1.8,15.0,0.8,2188,262,Baked,2.2,1
358,Training Curry,Mediterranean,Lunch,1005,13.5,137.8,49.7,20.9,26.9,188,154,Grilled,1.4,0
55,Economic Curry,Mexican,Snack,275,46.1,23.0,4.1,23.0,4.9,1179,249,Baked,1.1,1
1801,Front Soup,American,Lunch,370,76.0,104.4,4.1,21.0,12.2,514,37,Roasted,3.6,1
1951,Send Curry,American,Lunch,1099,37.5,141.7,35.0,10.2,36.1,324,155,Boiled,4.7,0
1343,Church Stew,Chinese,Breakfast,327,23.9,124.7,45.5,26.3,16.7,1805,58,Raw,4.1,0
1608,Policy Soup,Thai,Snack,621,53.8,118.9,15.3,18.6,19.1,852,287,Boiled,1.8,1
1759,Hope Salad,Mediterranean,Snack,186,64.0,137.2,8.7,28.9,14.2,2293,299,Boiled,3.2,1
35,Plant Curry,Thai,Dinner,645,14.7,141.1,9.0,9.6,49.9,767,82,Steamed,2.5,0
230,Clear Salad,Japanese,Dinner,384,40.1,107.0,32.6,17.2,44.9,2414,27,Fried,4.8,0
1778,Fly Curry,Mediterranean,Snack,988,46.0,139.9,38.2,27.8,2.4,2419,45,Grilled,2.3,0
1042,Why Pasta,Thai,Snack,616,36.0,84.1,38.9,11.0,1.8,2374,165,Roasted,4.2,0
64,Wall Sandwich,Mediterranean,Breakfast,255,29.3,46.8,19.5,25.7,6.5,1794,116,Boiled,4.2,1
1780,Official Wrap,Italian,Lunch,244,14.7,89.1,46.9,22.6,4.7,1977,38,Roasted,1.1,0
1408,Likely Sandwich,Thai,Lunch,185,72.1,95.2,23.8,15.7,0.4,1608,40,Boiled,2.7,1
453,Shoulder Salad,American,Lunch,662,72.7,85.0,23.2,27.6,19.6,2293,43,Grilled,4.3,1
1978,Evidence Wrap,Italian,Snack,324,7.1,141.9,0.8,22.4,4.1,1406,41,Roasted,2.8,1
659,Detail Curry,American,Snack,986,41.9,28.2,29.6,18.0,11.7,1439,266,Roasted,4.9,0
218,Stop Salad,Mediterranean,Dinner,346,77.4,3.4,26.6,20.2,35.0,1945,105,Steamed,1.5,0
671,Ahead Wrap,American,Lunch,404,20.8,128.3,12.1,1.8,10.9,1434,246,Raw,4.6,1
1148,Believe Soup,American,Breakfast,233,75.9,123.7,8.1,0.1,8.8,982,270,Roasted,3.5,1
1994,Side Pasta,Indian,Dinner,1139,46.7,52.3,59.2,16.9,9.1,87,149,Grilled,2.5,0
326,Employee Rice,Thai,Dinner,816,17.4,145.8,54.3,19.4,7.0,2205,255,Steamed,2.8,0
188,Sound Stew,Chinese,Snack,941,52.8,50.8,51.8,23.0,1.0,2451,184,Roasted,4.9,0
1881,Mr Stew,Chinese,Dinner,715,68.9,95.7,45.9,4.4,20.6,1257,44,Boiled,1.9,0
1662,Total Soup,Chinese,Breakfast,648,51.7,77.1,45.9,0.4,26.7,2302,5,Boiled,4.8,0
269,Pull Sandwich,Mexican,Lunch,223,42.4,48.8,22.7,26.2,18.4,2171,62,Boiled,3.3,1
628,Believe Wrap,Indian,Breakfast,150,42.1,65.1,0.5,10.9,15.9,89,232,Boiled,3.3,1
597,Seven Sandwich,Mediterranean,Lunch,384,51.4,81.4,1.6,25.3,1.4,2227,219,Boiled,1.8,1
1637,Year Soup,Chinese,Lunch,890,74.1,80.5,46.3,4.9,21.9,1293,6,Grilled,3.8,0
684,Agency Rice,Japanese,Breakfast,585,42.1,23.6,46.1,20.2,37.4,2298,184,Baked,1.5,0
388,Represent Sandwich,Italian,Snack,795,73.4,7.2,3.8,25.1,49.6,65,161,Roasted,3.7,0
546,Participant Soup,Indian,Breakfast,565,53.2,30.8,15.1,27.4,4.5,2452,160,Steamed,3.9,1
310,Drug Soup,Japanese,Lunch,614,59.8,36.9,13.3,14.8,12.7,2233,54,Steamed,3.8,1
220,Third Salad,Mexican,Snack,751,26.1,125.4,45.5,9.8,46.7,1976,252,Raw,2.8,0
618,Town Wrap,Italian,Lunch,226,77.2,69.6,18.9,6.2,16.6,422,44,Steamed,3.8,1
1016,Time Sandwich,Mediterranean,Lunch,139,40.9,1.4,12.7,2.6,12.9,2208,193,Grilled,2.5,1
1718,Culture Rice,Mediterranean,Dinner,219,5.6,106.0,14.3,24.6,7.6,1300,157,Baked,4.5,1
1367,Management Stew,Indian,Breakfast,642,50.3,57.0,19.6,26.4,42.7,1757,159,Boiled,2.4,0
1932,Successful Curry,Indian,Snack,959,71.5,23.2,51.2,24.2,32.2,2010,279,Fried,3.2,0
1237,At Sandwich,American,Lunch,533,51.3,1.5,11.1,0.3,10.3,1581,232,Raw,4.7,1
866,Buy Pasta,Thai,Lunch,664,74.9,36.3,17.8,28.6,11.3,1528,286,Raw,2.3,1
92,Attorney Salad,Chinese,Dinner,350,11.8,29.0,15.2,15.8,6.0,948,130,Baked,3.8,1
425,Ahead Soup,Mexican,Snack,765,71.0,12.0,30.8,12.3,31.3,414,177,Roasted,1.3,0
1945,Candidate Soup,Chinese,Breakfast,516,54.1,54.5,18.5,18.2,7.4,2377,130,Steamed,2.3,1
1103,Film Rice,Japanese,Snack,540,37.1,139.0,2.7,6.6,5.4,1490,102,Baked,4.9,1
1797,Us Salad,Chinese,Breakfast,199,76.5,10.2,23.2,28.6,7.0,916,260,Fried,4.7,1
1239,Century Sandwich,Thai,Dinner,582,58.1,95.1,14.6,4.7,13.5,86,143,Boiled,1.1,1
502,For Curry,Japanese,Breakfast,194,25.4,48.2,58.8,8.5,8.4,1844,35,Fried,1.7,0
452,There Salad,Indian,Lunch,180,46.7,26.3,54.4,15.4,8.8,932,149,Boiled,4.9,0
855,Local Soup,Thai,Snack,713,16.4,90.8,7.8,29.9,29.4,983,1,Raw,3.0,0
760,Lose Curry,Mediterranean,Snack,931,67.8,75.9,2.6,12.5,22.1,1704,184,Grilled,4.4,0
598,Section Sandwich,Italian,Lunch,379,51.4,133.0,1.1,12.4,3.6,364,153,Raw,1.3,1
620,South Wrap,Mediterranean,Lunch,161,29.4,72.1,48.1,20.7,12.4,833,148,Roasted,2.3,0
119,Talk Salad,Japanese,Snack,431,26.1,8.6,4.1,1.1,12.8,1630,283,Baked,2.4,1
330,Party Sandwich,Italian,Breakfast,402,53.5,144.2,0.8,24.3,1.2,2308,213,Roasted,4.8,1
95,Foot Wrap,Mediterranean,Lunch,1094,74.7,43.1,24.1,26.7,13.5,417,271,Baked,3.1,0
1317,Modern Curry,American,Dinner,430,10.8,93.6,20.0,4.7,5.7,2048,51,Steamed,2.1,1
331,Us Sandwich,Thai,Breakfast,928,40.9,83.8,41.3,6.4,21.0,1580,181,Grilled,3.0,0
7,Item Rice,Thai,Snack,114,60.9,6.7,6.7,23.4,8.3,1107,60,Roasted,2.8,1
1707,Actually Pasta,American,Dinner,862,77.0,31.3,52.4,0.4,16.4,1316,161,Baked,4.7,0
1606,Available Rice,Thai,Dinner,861,58.8,115.0,40.1,7.0,41.1,694,91,Baked,3.9,0
1824,Put Wrap,Mexican,Breakfast,359,79.2,117.8,26.6,15.9,23.9,1070,115,Boiled,4.1,0
1747,Rise Rice,Italian,Snack,660,22.8,14.6,53.3,28.0,41.8,552,188,Baked,3.9,0
1170,Animal Pasta,Mexican,Dinner,328,60.2,40.9,2.7,9.9,5.3,799,136,Raw,3.6,1
22,Despite Rice,Italian,Snack,578,33.5,135.3,7.4,10.6,18.7,1156,110,Fried,3.7,1
1945,Candidate Soup,Chinese,Breakfast,516,54.1,54.5,18.5,18.2,7.4,2377,130,Steamed,2.3,1
1602,Be Pasta,Mediterranean,Snack,232,79.0,31.3,4.3,27.2,10.5,326,206,Fried,1.9,1
774,Wish Stew,Mexican,Breakfast,675,52.1,129.7,21.6,30.0,7.9,203,60,Grilled,3.8,1
953,Still Salad,Mexican,Dinner,533,57.3,110.5,47.1,14.0,3.4,1325,104,Baked,4.4,0
1848,Speak Rice,Japanese,Dinner,781,68.8,105.1,22.6,5.7,43.1,1817,30,Fried,1.5,0
524,Full Rice,Japanese,Snack,769,62.0,8.2,38.9,12.4,35.0,1703,55,Fried,2.0,0
1148,Believe Soup,American,Breakfast,233,75.9,123.7,8.1,0.1,8.8,982,270,Roasted,3.5,1
247,Method Stew,Chinese,Dinner,122,14.6,110.3,8.9,3.2,3.0,869,169,Roasted,4.1,1
1330,Know Curry,Indian,Snack,671,43.2,35.5,18.6,27.4,8.7,2231,31,Raw,1.9,1
1919,Development Salad,American,Lunch,513,55.6,84.3,4.1,26.7,19.7,1340,240,Boiled,1.9,1
1252,Share Soup,Japanese,Dinner,651,42.3,33.4,13.1,1.2,44.5,1992,264,Roasted,1.3,0
2000,List Pasta,Indian,Snack,341,51.5,77.7,0.1,8.2,9.0,398,91,Fried,1.9,1
287,Else Stew,Mediterranean,Lunch,1024,5.5,29.3,16.6,2.4,43.1,1038,265,Steamed,4.9,0
1615,Amount Pasta,Japanese,Lunch,841,64.5,79.5,54.6,4.0,36.1,641,15,Raw,3.0,0
1260,Write Curry,Chinese,Lunch,748,33.1,22.8,6.0,7.1,5.7,466,222,Fried,2.3,0
1330,Know Curry,Indian,Snack,671,43.2,35.5,18.6,27.4,8.7,2231,31,Raw,1.9,1
945,Tonight Curry,Chinese,Breakfast,261,39.8,22.3,56.5,23.1,33.9,2201,123,Raw,4.5,0
1215,Opportunity Wrap,Mediterranean,Lunch,342,24.7,148.9,0.5,26.2,5.6,215,190,Baked,2.4,1
1017,Small Pasta,Indian,Dinner,685,43.0,40.2,17.7,8.5,22.0,122,224,Steamed,2.7,0
91,Summer Stew,Japanese,Lunch,487,6.4,72.0,16.3,22.7,6.8,621,269,Steamed,1.6,1
267,Determine Soup,Mediterranean,Lunch,1053,12.7,66.6,12.1,24.7,26.9,1480,184,Fried,1.9,0
1232,Say Curry,Japanese,Dinner,213,52.7,134.2,41.3,20.5,29.4,1260,67,Roasted,1.0,0
1275,Step Soup,American,Snack,350,9.2,112.5,12.7,9.7,13.3,1728,114,Roasted,1.4,1
778,Itself Salad,Japanese,Lunch,395,63.6,114.0,0.8,7.3,4.0,247,28,Grilled,4.2,1
1801,Front Soup,American,Lunch,370,76.0,104.4,4.1,21.0,12.2,514,37,Roasted,3.6,1
1321,Director Wrap,Mexican,Breakfast,547,47.2,134.8,54.7,29.2,46.0,1371,283,Grilled,2.3,0
1450,Congress Soup,Japanese,Dinner,791,29.9,26.3,54.4,22.6,4.9,781,31,Boiled,1.8,0
1602,Be Pasta,Mediterranean,Snack,232,79.0,31.3,4.3,27.2,10.5,326,206,Fried,1.9,1
64,Wall Sandwich,Mediterranean,Breakfast,255,29.3,46.8,19.5,25.7,6.5,1794,116,Boiled,4.2,1
197,Left Soup,Chinese,Lunch,752,22.1,21.4,29.2,11.0,1.1,2065,203,Roasted,1.4,0
1046,Future Curry,Mediterranean,Dinner,178,49.0,86.5,27.1,10.6,37.1,617,188,Raw,1.3,0
241,Value Salad,Indian,Breakfast,319,65.2,139.8,25.8,19.5,49.0,2267,30,Grilled,2.5,0
559,Base Rice,Chinese,Lunch,356,18.8,48.2,49.3,27.6,16.0,1306,52,Roasted,1.1,0
867,Need Stew,American,Snack,622,11.1,18.0,14.6,1.7,45.2,235,65,Baked,3.9,0
1002,Necessary Wrap,Indian,Dinner,1118,13.7,31.8,17.9,11.5,43.8,178,20,Raw,4.7,0
897,Us Curry,Mediterranean,Snack,289,75.2,141.9,15.3,17.3,1.8,108,168,Grilled,4.5,1
808,Own Sandwich,American,Lunch,526,65.7,122.4,15.4,1.9,4.2,369,244,Baked,3.9,1
1138,He Sandwich,American,Dinner,521,61.1,108.2,59.3,4.1,30.1,1014,229,Fried,3.8,0
860,Central Rice,Indian,Snack,657,61.8,126.2,23.4,28.9,45.9,1375,276,Grilled,3.1,0
120,Art Soup,Chinese,Snack,135,9.5,21.2,41.3,7.0,43.0,331,222,Roasted,4.7,0
881,Left Wrap,Mexican,Lunch,391,7.6,121.0,6.4,17.9,2.7,2413,109,Boiled,2.4,1
209,In Salad,Indian,Dinner,640,53.8,92.8,11.3,1.9,14.6,1803,79,Fried,2.0,1
268,Explain Wrap,Chinese,Dinner,758,25.0,100.7,35.9,1.0,4.2,2329,215,Boiled,1.2,0
1510,Bag Sandwich,Mexican,Breakfast,849,47.2,125.0,25.6,13.7,40.9,1572,182,Grilled,2.9,0
790,Network Curry,Mexican,Breakfast,322,23.4,80.4,24.5,3.1,17.3,2002,86,Fried,1.4,1
486,Article Wrap,Thai,Snack,958,52.3,142.7,9.8,13.3,29.6,1433,7,Roasted,4.7,0
532,Floor Salad,Mediterranean,Snack,349,19.2,99.9,3.7,6.5,35.3,1080,229,Raw,1.6,0
1819,Expect Rice,Mexican,Lunch,497,52.2,45.1,33.5,3.6,35.7,1400,57,Grilled,4.3,0
1698,Region Curry,Japanese,Lunch,1081,79.6,97.4,40.8,24.4,35.3,1138,115,Raw,4.2,0
76,Face Sandwich,Mexican,Snack,149,61.8,142.3,6.4,24.6,13.4,110,43,Raw,4.0,1
459,Reduce Rice,Indian,Breakfast,504,16.6,68.7,15.8,26.5,17.8,1833,53,Boiled,2.4,1
50,Should Stew,Japanese,Dinner,867,44.1,92.2,37.2,28.0,13.3,2462,15,Grilled,3.9,0
51,Impact Stew,Indian,Breakfast,118,58.6,106.5,3.3,19.4,48.0,603,11,Steamed,1.6,0
1136,Yeah Salad,Japanese,Dinner,597,49.6,4.0,12.4,5.0,18.1,2328,35,Baked,1.1,1
369,Amount Rice,Mexican,Breakfast,675,47.2,42.1,54.0,23.3,7.1,1275,159,Roasted,3.0,0
1071,City Stew,Japanese,Snack,139,73.7,124.3,34.2,4.6,46.2,1542,25,Roasted,4.9,0
122,Any Rice,Japanese,Breakfast,446,60.5,12.1,1.1,27.2,19.8,1482,228,Boiled,1.0,1
927,Arm Soup,American,Breakfast,469,29.3,128.1,6.6,25.6,9.8,441,5,Fried,1.9,1
1149,Society Salad,Mexican,Breakfast,603,52.1,56.9,38.8,23.2,4.4,484,285,Grilled,2.0,0
1108,Agreement Soup,Japanese,Breakfast,699,62.0,79.2,44.4,20.0,14.4,1857,46,Fried,3.1,0
1353,Institution Stew,Mediterranean,Breakfast,228,63.0,66.6,36.0,3.7,28.8,1602,179,Roasted,2.0,0
68,Relationship Stew,Mexican,Breakfast,1199,21.5,17.6,52.3,20.2,25.2,226,175,Boiled,1.2,0
510,Who Pasta,American,Snack,1101,75.4,147.7,24.4,13.0,20.5,2017,222,Fried,2.2,0
1801,Front Soup,American,Lunch,370,76.0,104.4,4.1,21.0,12.2,514,37,Roasted,3.6,1
431,Glass Curry,Chinese,Snack,1095,24.8,23.7,20.7,5.6,28.8,1937,194,Grilled,1.9,0
1207,Effect Sandwich,Japanese,Breakfast,642,14.9,141.2,15.7,22.9,15.5,1456,47,Boiled,2.5,1
1569,Main Sandwich,Mediterranean,Lunch,523,50.3,56.0,4.4,13.0,23.3,1813,188,Fried,1.1,0
828,Rather Soup,Japanese,Snack,1084,61.2,129.7,59.3,26.4,39.6,1248,117,Roasted,1.7,0
1672,Build Salad,Mediterranean,Breakfast,558,29.1,149.2,17.1,22.5,15.6,1442,112,Fried,1.9,1
1335,Matter Sandwich,Italian,Snack,727,36.5,132.5,30.6,20.5,20.1,163,243,Boiled,3.9,0
577,Group Salad,Indian,Breakfast,863,22.3,72.4,56.5,4.6,8.3,2164,300,Steamed,4.5,0
1031,Certain Curry,Indian,Snack,410,48.9,132.4,4.2,10.6,11.2,240,23,Roasted,1.1,1
870,Discover Salad,Indian,Dinner,302,69.4,60.2,35.1,18.9,6.2,2155,183,Boiled,3.1,0
346,Consumer Soup,Thai,Breakfast,791,32.6,114.6,9.8,11.8,11.9,2118,250,Boiled,3.0,0
1579,Side Salad,Indian,Lunch,328,41.8,99.7,9.2,25.6,4.8,80,62,Steamed,4.4,1
1611,Story Soup,Thai,Dinner,533,72.3,120.9,55.4,24.0,24.9,1321,286,Raw,4.6,0
1978,Evidence Wrap,Italian,Snack,324,7.1,141.9,0.8,22.4,4.1,1406,41,Roasted,2.8,1
1265,Trip Salad,Chinese,Breakfast,531,52.6,74.1,4.3,27.2,2.8,648,102,Roasted,4.4,1
1651,Record Pasta,American,Lunch,479,25.5,43.3,15.8,5.4,15.3,1151,109,Raw,4.0,1
1566,Purpose Salad,Chinese,Dinner,224,72.0,88.3,2.3,10.6,2.8,241,247,Boiled,4.1,1
902,Affect Stew,Italian,Snack,1125,54.7,107.6,2.0,15.8,38.3,1639,124,Raw,1.9,0
1769,Fish Salad,Indian,Dinner,725,13.4,35.1,15.1,14.4,20.9,1672,187,Grilled,5.0,0
1907,Piece Curry,Thai,Breakfast,399,17.5,92.9,38.9,26.8,37.7,162,213,Boiled,2.8,0
1917,Weight Soup,American,Dinner,595,40.2,27.2,3.4,10.0,14.4,148,142,Fried,2.2,1
1924,It Soup,Chinese,Snack,125,6.1,118.1,17.8,29.0,26.3,1980,265,Steamed,1.3,0
1117,Report Sandwich,Chinese,Dinner,116,32.6,139.0,1.8,15.0,0.8,2188,262,Baked,2.2,1
1804,Drug Curry,Italian,Dinner,680,18.3,4.5,10.7,5.4,12.0,1137,20,Baked,3.2,1
1165,Control Soup,Mexican,Snack,381,79.6,25.6,35.1,27.7,9.4,883,132,Steamed,5.0,0
406,Difficult Wrap,Japanese,Snack,1183,28.4,15.4,53.2,19.0,39.9,1313,251,Raw,2.9,0
1965,Your Pasta,American,Dinner,304,16.3,127.4,23.2,11.1,10.4,1065,219,Fried,4.5,1
1493,Wish Wrap,Japanese,Snack,742,49.4,115.0,25.3,9.9,43.7,1362,235,Raw,2.7,0
213,Per Curry,Japanese,Lunch,777,77.7,48.7,52.8,3.8,18.8,1866,293,Grilled,3.8,0
1264,Account Pasta,Indian,Snack,551,51.8,0.4,6.7,12.7,6.3,2053,46,Grilled,2.8,1
1952,Mean Wrap,Indian,Dinner,685,23.2,24.5,9.7,25.4,7.3,780,127,Boiled,2.6,1
1521,Understand Curry,Chinese,Dinner,432,43.3,81.7,12.3,15.0,10.1,1573,246,Baked,4.3,1
1868,Debate Sandwich,Thai,Dinner,578,32.0,87.9,22.7,7.0,16.0,896,169,Raw,2.4,1
1706,Goal Stew,Mediterranean,Snack,387,70.9,143.8,10.7,9.1,3.8,1498,175,Baked,2.8,1
1613,Audience Rice,Japanese,Breakfast,652,53.1,104.1,15.4,6.3,36.1,2360,100,Boiled,3.8,0
605,Red Curry,Chinese,Snack,155,14.7,146.7,42.8,10.8,29.3,772,29,Steamed,1.6,0
963,Happy Rice,Italian,Breakfast,343,6.3,139.9,42.3,14.5,14.2,1249,105,Baked,2.3,0
391,Suggest Soup,Chinese,Dinner,257,72.0,95.0,53.7,20.1,37.2,1339,151,Fried,4.0,0
270,Rest Rice,American,Breakfast,148,15.8,58.4,29.4,13.5,11.8,1504,159,Steamed,3.9,0
1537,Group Rice,Chinese,Snack,935,22.8,57.8,57.9,0.2,1.8,2421,13,Steamed,2.8,0
1622,Law Stew,Chinese,Dinner,708,76.8,52.1,34.9,27.3,43.5,2166,119,Baked,3.7,0
1363,Me Salad,Indian,Breakfast,1000,36.3,11.6,3.5,8.8,12.3,1453,270,Fried,2.5,0
459,Reduce Rice,Indian,Breakfast,504,16.6,68.7,15.8,26.5,17.8,1833,53,Boiled,2.4,1
1653,Attention Rice,Mexican,Lunch,781,31.1,0.4,53.8,10.8,47.2,335,70,Roasted,1.7,0
1500,Capital Wrap,Mexican,Lunch,910,70.0,37.6,37.3,27.5,9.8,1979,215,Raw,1.4,0
1132,Floor Salad,American,Dinner,644,13.6,137.9,48.3,4.6,24.9,1801,5,Roasted,2.0,0
1172,Detail Salad,Thai,Dinner,359,78.4,85.9,56.7,22.2,22.4,1844,4,Baked,4.9,0
269,Pull Sandwich,Mexican,Lunch,223,42.4,48.8,22.7,26.2,18.4,2171,62,Boiled,3.3,1
1016,Time Sandwich,Mediterranean,Lunch,139,40.9,1.4,12.7,2.6,12.9,2208,193,Grilled,2.5,1
598,Section Sandwich,Italian,Lunch,379,51.4,133.0,1.1,12.4,3.6,364,153,Raw,1.3,1
748,Develop Sandwich,Indian,Snack,332,69.9,7.5,10.3,26.5,15.4,2265,31,Baked,3.7,1
173,Thing Rice,American,Breakfast,363,6.5,44.9,39.8,12.8,41.6,2452,191,Boiled,1.1,0
1676,Economy Salad,Thai,Lunch,698,27.2,19.6,0.8,19.3,1.0,1700,293,Boiled,2.9,1
453,Shoulder Salad,American,Lunch,662,72.7,85.0,23.2,27.6,19.6,2293,43,Grilled,4.3,1
1432,Have Stew,Mediterranean,Dinner,835,47.5,43.2,43.3,16.5,25.8,804,211,Raw,4.9,0
1573,Art Soup,Japanese,Dinner,840,7.2,95.4,10.1,5.3,28.8,431,72,Fried,3.6,0
1142,Board Sandwich,American,Snack,1041,73.2,38.3,56.4,1.7,25.0,759,121,Roasted,1.5,0
286,Begin Sandwich,Indian,Dinner,354,33.9,38.7,6.7,1.1,34.7,1688,298,Roasted,1.8,0
1566,Purpose Salad,Chinese,Dinner,224,72.0,88.3,2.3,10.6,2.8,241,247,Boiled,4.1,1
480,Animal Pasta,Chinese,Lunch,972,48.3,0.1,16.3,14.8,13.0,318,113,Raw,4.4,0
383,Small Sandwich,Mexican,Lunch,587,32.7,125.2,48.2,10.2,19.1,802,226,Steamed,4.4,0
1207,Effect Sandwich,Japanese,Breakfast,642,14.9,141.2,15.7,22.9,15.5,1456,47,Boiled,2.5,1
192,Add Wrap,Indian,Breakfast,444,45.0,29.1,17.7,28.3,10.5,103,37,Roasted,1.6,1
879,Wall Wrap,Japanese,Snack,122,57.5,54.5,33.4,20.5,26.4,1850,210,Fried,1.0,0
198,Nearly Curry,Japanese,Snack,688,58.3,16.1,4.1,24.5,12.0,2166,207,Boiled,2.3,1
215,Begin Curry,Indian,Lunch,301,10.5,140.1,12.7,23.0,0.1,1441,145,Steamed,4.0,1
1469,Address Rice,Italian,Breakfast,469,55.2,60.4,18.4,2.3,8.1,342,92,Raw,4.0,1
1265,Trip Salad,Chinese,Breakfast,531,52.6,74.1,4.3,27.2,2.8,648,102,Roasted,4.4,1
122,Any Rice,Japanese,Breakfast,446,60.5,12.1,1.1,27.2,19.8,1482,228,Boiled,1.0,1
1110,Give Sandwich,Mexican,Snack,150,69.0,85.7,10.2,26.2,6.4,1710,257,Roasted,4.3,1
1446,Stage Stew,Indian,Breakfast,591,75.2,146.3,27.5,18.0,26.0,1012,105,Raw,2.4,0
1467,Life Rice,Indian,Dinner,129,24.6,91.6,20.3,1.8,18.7,1822,106,Fried,4.3,1
1962,Expert Stew,Italian,Lunch,479,52.8,29.5,60.0,0.7,48.5,2254,119,Boiled,3.9,0
1669,Heavy Rice,Mediterranean,Lunch,1167,66.1,144.6,49.5,19.9,2.7,1705,210,Raw,3.4,0
202,Watch Salad,Italian,Breakfast,555,44.2,67.3,8.0,0.2,39.5,2039,175,Boiled,3.6,0
1328,Page Rice,Thai,Dinner,331,9.3,38.6,15.7,1.3,7.3,238,170,Baked,1.9,1
1217,Theory Wrap,Mexican,Snack,542,38.9,60.8,24.2,6.2,23.4,2386,125,Grilled,3.5,0
1941,Democratic Pasta,Mediterranean,Snack,945,26.4,114.3,31.3,16.1,11.3,1997,8,Steamed,3.1,0
675,Wear Rice,American,Snack,376,51.0,136.0,4.9,4.4,8.1,1118,97,Baked,1.2,1
1405,Country Wrap,Italian,Lunch,152,58.1,23.4,46.9,7.7,44.1,1710,102,Baked,1.0,0
813,Offer Sandwich,Thai,Breakfast,465,26.5,61.2,18.0,4.8,17.4,396,67,Grilled,2.3,1
1168,Sense Rice,American,Breakfast,218,68.3,24.6,33.6,18.4,31.7,584,84,Roasted,4.2,0
1245,Wife Soup,Japanese,Snack,544,30.8,138.8,16.2,24.3,9.0,993,241,Baked,3.4,1
1268,Reflect Wrap,Mediterranean,Snack,1178,21.1,39.7,56.7,26.4,13.6,1995,253,Boiled,3.3,0
499,Boy Pasta,Chinese,Lunch,210,47.8,86.5,22.4,24.9,16.9,1633,45,Boiled,2.6,1
1174,Two Rice,American,Breakfast,593,50.1,26.3,23.1,1.2,0.1,463,251,Raw,2.9,1
1857,Small Rice,Thai,Dinner,657,58.4,88.0,6.8,28.8,11.6,261,52,Steamed,3.5,1
17,System Pasta,Japanese,Dinner,321,23.6,109.7,9.5,28.7,37.3,2457,136,Steamed,4.2,0
635,Stuff Wrap,Indian,Lunch,493,60.6,73.1,38.3,11.3,43.9,1382,176,Fried,3.2,0
196,Purpose Sandwich,Mediterranean,Lunch,327,17.1,33.5,20.4,5.4,48.2,96,47,Baked,1.5,0
64,Wall Sandwich,Mediterranean,Breakfast,255,29.3,46.8,19.5,25.7,6.5,1794,116,Boiled,4.2,1
1053,Thought Curry,Indian,Breakfast,132,70.6,69.1,3.1,12.5,19.1,2469,0,Boiled,1.1,1
368,Throw Curry,Japanese,Lunch,852,61.4,127.0,36.7,28.8,19.4,1366,65,Fried,2.0,0
119,Talk Salad,Japanese,Snack,431,26.1,8.6,4.1,1.1,12.8,1630,283,Baked,2.4,1
472,Building Sandwich,Thai,Dinner,949,27.5,119.6,59.0,8.6,4.6,1364,182,Baked,2.2,0
459,Reduce Rice,Indian,Breakfast,504,16.6,68.7,15.8,26.5,17.8,1833,53,Boiled,2.4,1
1845,Degree Rice,Italian,Snack,539,21.1,146.6,46.2,25.5,2.5,300,247,Roasted,4.4,0
330,Party Sandwich,Italian,Breakfast,402,53.5,144.2,0.8,24.3,1.2,2308,213,Roasted,4.8,1
482,Other Pasta,Japanese,Snack,143,73.3,94.5,15.7,24.1,13.0,348,215,Grilled,2.5,1
525,Effect Wrap,Indian,Snack,436,7.0,130.1,29.6,0.3,2.1,655,245,Fried,1.8,0
1130,My Soup,Chinese,Dinner,174,16.7,9.7,21.3,21.2,12.8,657,96,Steamed,3.3,1
1365,Relationship Salad,Chinese,Lunch,487,77.6,137.7,32.3,24.8,44.4,2130,32,Raw,4.1,0
1031,Certain Curry,Indian,Snack,410,48.9,132.4,4.2,10.6,11.2,240,23,Roasted,1.1,1
1677,Few Stew,Italian,Breakfast,131,54.4,10.2,24.8,18.3,16.4,1369,79,Steamed,2.2,1
1029,Try Soup,Italian,Snack,196,74.8,27.2,24.0,25.7,18.2,2467,192,Raw,3.5,1
1121,Say Sandwich,Indian,Dinner,307,63.2,137.3,52.6,23.7,30.0,344,245,Roasted,4.9,0
1963,Air Stew,Indian,Dinner,355,74.2,101.5,26.1,17.7,46.6,1487,235,Grilled,3.8,0
597,Seven Sandwich,Mediterranean,Lunch,384,51.4,81.4,1.6,25.3,1.4,2227,219,Boiled,1.8,1
653,Form Pasta,Italian,Dinner,1038,16.0,77.3,4.4,25.3,37.4,271,241,Roasted,2.4,0
1677,Few Stew,Italian,Breakfast,131,54.4,10.2,24.8,18.3,16.4,1369,79,Steamed,2.2,1
494,Maintain Rice,Italian,Snack,705,32.1,28.4,41.0,16.5,30.2,1702,154,Raw,3.7,0
123,Raise Stew,Indian,Lunch,471,62.3,56.5,19.9,0.9,7.1,1910,50,Grilled,1.3,1
1953,Share Salad,Chinese,Snack,457,45.7,125.4,59.2,23.8,10.6,1551,25,Boiled,4.6,0
808,Own Sandwich,American,Lunch,526,65.7,122.4,15.4,1.9,4.2,369,244,Baked,3.9,1
361,Agency Rice,American,Breakfast,415,43.7,22.0,42.7,0.3,35.9,1277,236,Baked,2.2,0
1919,Development Salad,American,Lunch,513,55.6,84.3,4.1,26.7,19.7,1340,240,Boiled,1.9,1
808,Own Sandwich,American,Lunch,526,65.7,122.4,15.4,1.9,4.2,369,244,Baked,3.9,1
675,Wear Rice,American,Snack,376,51.0,136.0,4.9,4.4,8.1,1118,97,Baked,1.2,1
1667,Together Rice,Japanese,Snack,288,24.4,129.5,57.3,23.1,5.7,438,230,Baked,3.5,0
64,Wall Sandwich,Mediterranean,Breakfast,255,29.3,46.8,19.5,25.7,6.5,1794,116,Boiled,4.2,1
73,Garden Soup,American,Lunch,235,64.9,18.0,48.1,24.4,46.2,2499,24,Grilled,2.8,0
297,Old Wrap,Mediterranean,Lunch,961,28.4,63.0,54.7,2.4,7.6,425,208,Boiled,4.1,0
808,Own Sandwich,American,Lunch,526,65.7,122.4,15.4,1.9,4.2,369,244,Baked,3.9,1
1177,Protect Rice,Mexican,Snack,1003,71.5,119.7,57.4,19.9,37.0,1821,218,Baked,1.2,0
178,Candidate Curry,Mexican,Dinner,674,73.8,98.1,13.8,3.3,34.3,1204,15,Grilled,4.0,0
971,Buy Wrap,Japanese,Dinner,1092,23.4,16.0,15.5,2.7,34.7,2119,128,Roasted,2.3,0
71,Address Soup,Mediterranean,Breakfast,310,60.5,103.8,44.7,8.5,20.4,169,62,Baked,2.0,0
732,Enough Salad,Indian,Snack,609,60.7,84.0,19.4,27.7,18.7,1555,0,Roasted,4.0,1
1016,Time Sandwich,Mediterranean,Lunch,139,40.9,1.4,12.7,2.6,12.9,2208,193,Grilled,2.5,1
284,So Soup,American,Snack,920,12.6,52.0,11.7,11.4,4.3,1229,7,Fried,4.8,0
649,Management Soup,Thai,Breakfast,423,6.2,144.1,12.4,28.7,18.3,2489,264,Baked,1.8,1
795,Surface Sandwich,Chinese,Lunch,162,16.2,70.5,14.1,25.7,39.1,541,81,Boiled,4.8,0
91,Summer Stew,Japanese,Lunch,487,6.4,72.0,16.3,22.7,6.8,621,269,Steamed,1.6,1
969,Two Pasta,Italian,Snack,1000,32.3,74.2,12.0,23.6,22.9,2482,204,Raw,2.3,0
249,Worker Stew,Japanese,Snack,1003,70.3,51.4,32.1,8.2,42.5,1867,61,Grilled,3.0,0
1809,Girl Pasta,Mexican,Dinner,636,58.3,130.7,47.5,7.7,32.6,2082,232,Boiled,1.9,0
926,Street Salad,Japanese,Lunch,773,6.8,104.2,36.5,29.4,41.8,290,258,Grilled,4.4,0
105,Everyone Wrap,Mediterranean,Dinner,123,9.3,99.3,20.8,28.5,26.0,1604,40,Roasted,2.2,0
1785,Commercial Soup,American,Lunch,1179,70.1,81.8,25.1,16.2,8.9,995,263,Boiled,4.1,0
1650,Call Stew,Chinese,Snack,691,65.7,137.2,18.7,24.9,0.0,2424,134,Steamed,2.8,1
398,Parent Salad,Japanese,Lunch,365,50.3,136.8,2.3,14.8,14.9,1258,212,Fried,2.2,1
1727,Arrive Sandwich,Italian,Snack,237,35.4,59.4,31.3,18.3,5.5,1314,245,Grilled,3.3,0
1274,All Soup,Chinese,Dinner,353,19.2,58.7,49.5,19.2,40.4,133,292,Grilled,1.9,0
1330,Know Curry,Indian,Snack,671,43.2,35.5,18.6,27.4,8.7,2231,31,Raw,1.9,1
1488,Happen Soup,Mediterranean,Snack,545,12.6,96.3,9.8,17.1,16.0,233,146,Roasted,3.1,1
88,Enough Soup,Thai,Lunch,433,65.9,104.9,23.4,27.4,10.8,1025,242,Fried,3.9,1
1563,Base Rice,Japanese,Lunch,180,41.3,45.5,16.8,16.3,9.5,1560,203,Grilled,2.8,1
1758,Under Curry,Indian,Breakfast,492,48.0,77.8,26.4,26.1,14.3,343,4,Raw,4.9,0
1207,Effect Sandwich,Japanese,Breakfast,642,14.9,141.2,15.7,22.9,15.5,1456,47,Boiled,2.5,1
813,Offer Sandwich,Thai,Breakfast,465,26.5,61.2,18.0,4.8,17.4,396,67,Grilled,2.3,1
903,Recognize Rice,Indian,Snack,361,5.8,35.2,33.0,14.2,40.7,1086,140,Baked,3.3,0
1917,Weight Soup,American,Dinner,595,40.2,27.2,3.4,10.0,14.4,148,142,Fried,2.2,1
317,Economy Salad,Mexican,Snack,351,67.5,63.8,31.4,5.1,5.7,842,292,Roasted,2.1,0
306,Character Soup,Mexican,Breakfast,468,20.7,108.4,48.3,6.6,40.3,1840,166,Boiled,1.1,0
993,Suffer Sandwich,Japanese,Dinner,844,78.4,36.6,48.7,12.0,21.9,1575,262,Boiled,4.4,0
1919,Development Salad,American,Lunch,513,55.6,84.3,4.1,26.7,19.7,1340,240,Boiled,1.9,1
1595,Go Rice,Japanese,Dinner,818,48.8,34.3,33.9,28.0,36.6,358,229,Steamed,2.2,0
875,Author Sandwich,Indian,Lunch,250,27.2,90.6,42.5,22.9,3.6,687,18,Fried,4.0,0
463,Across Stew,Indian,Breakfast,325,15.8,62.6,3.3,21.9,33.3,609,33,Roasted,4.3,0
1940,Than Stew,Japanese,Breakfast,559,23.2,136.2,5.4,5.7,13.5,997,7,Raw,2.7,1
554,Small Curry,Mexican,Lunch,956,53.9,24.7,54.3,3.9,32.6,1472,106,Fried,4.4,0
1782,Face Pasta,Italian,Lunch,370,7.4,34.9,5.1,29.0,16.0,2309,269,Raw,1.1,1
1207,Effect Sandwich,Japanese,Breakfast,642,14.9,141.2,15.7,22.9,15.5,1456,47,Boiled,2.5,1
209,In Salad,Indian,Dinner,640,53.8,92.8,11.3,1.9,14.6,1803,79,Fried,2.0,1
1413,Late Stew,Japanese,Lunch,200,69.6,18.6,5.6,14.5,18.5,1310,251,Grilled,1.2,1
602,Defense Rice,Thai,Snack,293,6.4,108.2,30.9,14.1,0.6,1824,79,Fried,4.2,0
1749,Experience Curry,Indian,Lunch,1015,41.6,136.0,18.6,8.4,1.6,1177,240,Baked,3.7,0
485,There Curry,Chinese,Lunch,969,19.4,26.8,9.3,11.5,19.7,1267,48,Raw,2.4,0
1116,Relationship Soup,Indian,Snack,992,68.3,114.7,16.5,28.1,14.4,1637,298,Fried,1.1,0
245,Box Sandwich,American,Snack,229,72.8,79.5,57.8,23.9,40.1,1292,210,Grilled,1.2,0
646,Buy Sandwich,Mediterranean,Lunch,649,78.9,96.6,3.2,11.2,13.5,1413,75,Roasted,4.2,1
1414,Key Stew,Chinese,Breakfast,635,48.6,47.4,24.1,6.9,2.1,1088,38,Raw,2.0,1
308,Term Salad,Thai,Dinner,607,21.7,39.8,13.9,6.2,14.5,1880,224,Roasted,4.6,1
252,North Rice,Indian,Breakfast,393,35.4,148.6,6.3,3.4,19.9,713,66,Baked,4.3,1
1059,Share Wrap,Chinese,Snack,299,30.6,102.1,4.0,2.3,47.3,307,25,Boiled,2.8,0
1264,Account Pasta,Indian,Snack,551,51.8,0.4,6.7,12.7,6.3,2053,46,Grilled,2.8,1
948,Against Sandwich,Chinese,Dinner,506,49.9,50.5,5.2,3.1,9.2,983,234,Fried,3.6,1
1429,Shake Stew,American,Lunch,1080,74.8,149.5,23.1,2.5,33.2,331,249,Raw,3.8,0
968,Mind Stew,Thai,Dinner,237,37.1,3.8,6.6,2.7,19.0,1838,245,Boiled,1.5,1
840,Dinner Sandwich,Mexican,Breakfast,124,21.9,57.9,25.4,1.3,39.1,908,26,Roasted,4.4,0
119,Talk Salad,Japanese,Snack,431,26.1,8.6,4.1,1.1,12.8,1630,283,Baked,2.4,1
1148,Believe Soup,American,Breakfast,233,75.9,123.7,8.1,0.1,8.8,982,270,Roasted,3.5,1
630,Congress Salad,Thai,Breakfast,721,40.9,123.8,33.3,27.9,38.5,951,277,Steamed,3.6,0
1781,Say Stew,Italian,Snack,989,35.9,126.0,1.0,27.8,43.9,2416,48,Steamed,3.9,0
1782,Face Pasta,Italian,Lunch,370,7.4,34.9,5.1,29.0,16.0,2309,269,Raw,1.1,1
1718,Culture Rice,Mediterranean,Dinner,219,5.6,106.0,14.3,24.6,7.6,1300,157,Baked,4.5,1
1328,Page Rice,Thai,Dinner,331,9.3,38.6,15.7,1.3,7.3,238,170,Baked,1.9,1
1,Kid Pasta,Indian,Lunch,737,52.4,43.9,34.3,16.8,42.9,2079,91,Grilled,4.4,0
1279,Benefit Sandwich,Thai,Lunch,299,58.6,19.6,13.1,20.3,17.2,183,205,Fried,2.2,1
88,Enough Soup,Thai,Lunch,433,65.9,104.9,23.4,27.4,10.8,1025,242,Fried,3.9,1
310,Drug Soup,Japanese,Lunch,614,59.8,36.9,13.3,14.8,12.7,2233,54,Steamed,3.8,1
1548,Once Sandwich,Chinese,Dinner,317,54.8,36.0,11.6,18.0,39.5,1344,197,Raw,3.6,0
1708,Spring Sandwich,Mediterranean,Lunch,913,37.7,143.6,48.6,10.2,29.9,809,40,Boiled,4.7,0
277,Likely Curry,Mediterranean,Snack,409,49.8,29.0,30.1,14.3,37.9,2167,92,Grilled,4.1,0
1801,Front Soup,American,Lunch,370,76.0,104.4,4.1,21.0,12.2,514,37,Roasted,3.6,1
658,Finally Stew,Chinese,Breakfast,641,74.9,27.2,14.6,21.4,4.8,1507,68,Roasted,2.5,1
1782,Face Pasta,Italian,Lunch,370,7.4,34.9,5.1,29.0,16.0,2309,269,Raw,1.1,1
897,Us Curry,Mediterranean,Snack,289,75.2,141.9,15.3,17.3,1.8,108,168,Grilled,4.5,1
1770,All Salad,Mexican,Lunch,749,47.9,41.4,10.1,28.1,25.9,1783,280,Boiled,3.0,0
199,When Wrap,American,Lunch,305,47.1,87.2,37.4,0.4,26.5,830,259,Boiled,3.4,0
312,These Salad,Mexican,Breakfast,1041,38.8,39.7,31.3,27.7,16.3,2221,219,Steamed,3.3,0
1902,Travel Soup,Japanese,Breakfast,259,55.8,125.6,13.2,1.8,42.1,648,291,Steamed,4.0,0
1064,Meet Wrap,Indian,Snack,1015,66.1,138.4,30.7,22.2,41.5,495,192,Grilled,3.6,0
1282,Which Curry,Mediterranean,Breakfast,278,49.1,134.4,40.7,2.7,32.7,1898,197,Steamed,1.9,0
1309,My Sandwich,Italian,Snack,210,54.9,93.2,18.5,7.6,6.4,1939,122,Roasted,2.1,1
1762,Reason Curry,Mediterranean,Lunch,634,53.5,9.9,19.9,16.9,6.8,772,188,Fried,2.0,1
1804,Drug Curry,Italian,Dinner,680,18.3,4.5,10.7,5.4,12.0,1137,20,Baked,3.2,1
455,Discover Sandwich,Italian,Dinner,1027,52.0,41.5,57.9,21.8,20.1,457,300,Raw,1.7,0
1181,Hour Sandwich,Thai,Lunch,968,5.1,114.3,34.9,4.7,31.9,938,184,Grilled,1.6,0
244,Present Pasta,Thai,Snack,187,59.2,29.7,18.2,19.3,34.0,2180,33,Grilled,1.1,0
1814,Start Curry,Mexican,Snack,767,20.0,94.5,25.3,6.9,30.1,2091,239,Boiled,4.3,0
2000,List Pasta,Indian,Snack,341,51.5,77.7,0.1,8.2,9.0,398,91,Fried,1.9,1
885,Serious Wrap,Mediterranean,Lunch,287,62.3,13.6,17.3,0.5,10.3,2434,118,Fried,3.9,1
897,Us Curry,Mediterranean,Snack,289,75.2,141.9,15.3,17.3,1.8,108,168,Grilled,4.5,1
1506,Treatment Wrap,Indian,Dinner,842,56.6,123.4,13.4,15.7,36.6,1620,283,Steamed,1.7,0
1952,Mean Wrap,Indian,Dinner,685,23.2,24.5,9.7,25.4,7.3,780,127,Boiled,2.6,1
487,Next Pasta,Indian,Lunch,471,30.4,68.1,11.8,28.5,13.8,1736,63,Fried,2.5,1
892,When Wrap,Italian,Snack,708,11.9,76.5,56.7,3.8,15.0,2151,139,Fried,2.8,0
493,Town Wrap,Italian,Snack,232,67.8,109.8,6.6,16.1,32.3,1478,105,Steamed,2.0,0
1408,Likely Sandwich,Thai,Lunch,185,72.1,95.2,23.8,15.7,0.4,1608,40,Boiled,2.7,1
1215,Opportunity Wrap,Mediterranean,Lunch,342,24.7,148.9,0.5,26.2,5.6,215,190,Baked,2.4,1
1243,Leg Wrap,Chinese,Snack,1017,18.5,59.7,19.9,29.4,1.0,1726,193,Raw,4.8,0
2000,List Pasta,Indian,Snack,341,51.5,77.7,0.1,8.2,9.0,398,91,Fried,1.9,1
475,Learn Curry,Mediterranean,Lunch,526,54.1,79.5,23.1,28.8,43.7,2161,16,Fried,3.2,0
707,Decide Curry,Japanese,Dinner,734,25.3,58.2,3.3,15.0,48.8,1479,210,Boiled,4.1,0
409,Grow Curry,Mediterranean,Breakfast,378,27.8,33.7,54.8,1.8,30.8,134,1,Fried,1.6,0
563,Sure Sandwich,Thai,Breakfast,120,24.5,74.4,10.6,2.6,7.4,1436,299,Steamed,4.5,1
119,Talk Salad,Japanese,Snack,431,26.1,8.6,4.1,1.1,12.8,1630,283,Baked,2.4,1
843,Lay Salad,Thai,Dinner,906,63.3,4.0,37.6,24.2,14.3,2326,170,Boiled,4.9,0
453,Shoulder Salad,American,Lunch,662,72.7,85.0,23.2,27.6,19.6,2293,43,Grilled,4.3,1
1337,Mother Rice,Mediterranean,Lunch,372,67.5,89.0,43.6,15.1,24.8,2191,201,Baked,2.7,0
1677,Few Stew,Italian,Breakfast,131,54.4,10.2,24.8,18.3,16.4,1369,79,Steamed,2.2,1
749,Role Soup,Japanese,Snack,669,59.9,91.7,17.9,19.0,17.0,764,44,Steamed,3.3,1
831,Finally Pasta,Chinese,Dinner,119,78.3,28.4,23.7,20.2,39.5,667,299,Roasted,4.7,0
1383,Seven Salad,Japanese,Dinner,991,75.4,100.9,5.1,17.5,37.2,394,164,Raw,3.6,0
276,Effort Sandwich,Italian,Breakfast,1008,16.6,93.6,43.0,3.7,40.8,1596,57,Raw,3.0,0
820,Guess Soup,Mexican,Breakfast,580,8.6,79.8,0.9,8.9,37.7,720,9,Boiled,1.9,0
553,Guess Stew,Thai,Snack,1132,72.1,136.6,44.2,3.8,23.4,406,166,Roasted,4.3,0
1016,Time Sandwich,Mediterranean,Lunch,139,40.9,1.4,12.7,2.6,12.9,2208,193,Grilled,2.5,1
1314,Good Rice,Chinese,Breakfast,925,64.6,47.7,44.5,25.4,47.0,745,215,Grilled,2.5,0
1368,Claim Stew,Mexican,Lunch,571,79.2,115.7,31.5,9.4,32.1,390,287,Raw,5.0,0
1602,Be Pasta,Mediterranean,Snack,232,79.0,31.3,4.3,27.2,10.5,326,206,Fried,1.9,1
548,Near Sandwich,Chinese,Breakfast,346,55.7,57.6,9.3,18.4,2.3,1581,212,Roasted,2.6,1
979,Each Pasta,Chinese,Snack,319,10.5,108.2,28.3,26.4,42.5,163,61,Steamed,2.8,0
88,Enough Soup,Thai,Lunch,433,65.9,104.9,23.4,27.4,10.8,1025,242,Fried,3.9,1
705,Skin Pasta,Mexican,Breakfast,641,13.4,96.4,59.6,23.0,41.4,1086,145,Raw,1.1,0
338,Develop Pasta,Italian,Lunch,261,45.8,81.9,8.2,3.4,16.1,1523,19,Roasted,4.1,1
749,Role Soup,Japanese,Snack,669,59.9,91.7,17.9,19.0,17.0,764,44,Steamed,3.3,1
594,Mr Curry,Thai,Snack,704,8.5,89.0,45.1,5.0,21.0,601,281,Boiled,2.8,0
646,Buy Sandwich,Mediterranean,Lunch,649,78.9,96.6,3.2,11.2,13.5,1413,75,Roasted,4.2,1
1281,Newspaper Wrap,Indian,Breakfast,177,10.2,57.9,0.1,16.0,4.5,933,289,Fried,1.1,1
1263,Pick Salad,Mexican,Breakfast,150,9.7,42.0,3.2,22.4,18.5,1849,47,Roasted,4.9,1
1566,Purpose Salad,Chinese,Dinner,224,72.0,88.3,2.3,10.6,2.8,241,247,Boiled,4.1,1
674,Evidence Sandwich,Chinese,Dinner,778,74.1,106.5,55.9,23.7,33.4,658,142,Steamed,4.4,0
1029,Try Soup,Italian,Snack,196,74.8,27.2,24.0,25.7,18.2,2467,192,Raw,3.5,1
1609,At Wrap,Italian,Snack,277,20.0,119.9,5.3,17.5,6.6,1270,240,Roasted,2.5,1
1732,You Pasta,Japanese,Snack,319,56.6,43.3,16.4,26.9,14.5,1725,67,Grilled,3.7,1
531,Everything Stew,Italian,Snack,494,63.8,68.4,37.6,17.3,42.9,877,16,Steamed,1.1,0
1797,Us Salad,Chinese,Breakfast,199,76.5,10.2,23.2,28.6,7.0,916,260,Fried,4.7,1
1782,Face Pasta,Italian,Lunch,370,7.4,34.9,5.1,29.0,16.0,2309,269,Raw,1.1,1
1122,Expect Sandwich,Thai,Lunch,554,76.9,6.6,48.3,13.0,43.3,455,62,Steamed,3.2,0
288,Try Rice,Indian,Breakfast,407,78.2,17.3,44.9,24.9,35.7,443,95,Fried,4.3,0
63,Why Curry,Indian,Lunch,213,69.9,115.1,18.5,23.2,7.4,1538,102,Fried,3.6,1
1294,Their Pasta,Chinese,Lunch,121,11.8,5.2,30.2,3.3,29.8,1309,99,Fried,3.2,0
1176,Evidence Pasta,Japanese,Dinner,189,79.8,33.1,23.2,13.1,10.0,2458,244,Raw,1.1,1
1659,Personal Soup,Chinese,Breakfast,930,22.6,80.5,14.6,25.7,14.6,1564,122,Steamed,2.2,0
1215,Opportunity Wrap,Mediterranean,Lunch,342,24.7,148.9,0.5,26.2,5.6,215,190,Baked,2.4,1
784,Structure Pasta,Thai,Breakfast,241,73.7,53.1,28.4,23.3,0.8,700,94,Boiled,4.5,0
941,Stop Salad,Mediterranean,Snack,661,43.9,116.0,13.5,3.8,19.1,2128,153,Grilled,4.4,1
1567,Model Wrap,Mexican,Dinner,196,67.4,129.9,42.2,15.1,9.5,138,49,Baked,3.0,0
618,Town Wrap,Italian,Lunch,226,77.2,69.6,18.9,6.2,16.6,422,44,Steamed,3.8,1
1965,Your Pasta,American,Dinner,304,16.3,127.4,23.2,11.1,10.4,1065,219,Fried,4.5,1
1103,Film Rice,Japanese,Snack,540,37.1,139.0,2.7,6.6,5.4,1490,102,Baked,4.9,1
1715,Move Curry,Japanese,Snack,292,65.1,146.7,8.0,0.1,4.7,1034,131,Grilled,1.1,1
655,Recent Salad,Chinese,Breakfast,551,67.7,137.1,28.8,7.4,10.3,1187,49,Fried,2.7,0
1795,Right Stew,Chinese,Lunch,295,8.2,100.8,37.2,18.6,2.4,270,289,Boiled,4.1,0
570,Tell Rice,Chinese,Snack,282,31.5,99.7,7.4,11.5,2.8,2381,87,Fried,2.1,1
332,Young Rice,Mexican,Breakfast,1177,23.7,24.5,1.4,1.6,5.1,1871,79,Grilled,2.8,0
1695,Western Pasta,Thai,Breakfast,218,20.9,60.5,16.3,19.3,8.2,713,183,Roasted,4.1,1
555,While Soup,American,Snack,733,55.9,31.3,15.9,6.1,46.1,1230,17,Grilled,2.6,0
10,Ask Pasta,Mexican,Dinner,671,48.4,76.4,38.2,14.7,29.4,1110,214,Roasted,5.0,0
1566,Purpose Salad,Chinese,Dinner,224,72.0,88.3,2.3,10.6,2.8,241,247,Boiled,4.1,1
1413,Late Stew,Japanese,Lunch,200,69.6,18.6,5.6,14.5,18.5,1310,251,Grilled,1.2,1
84,Inside Pasta,Chinese,Snack,312,68.1,95.0,4.0,19.0,8.0,2158,24,Roasted,1.7,1
1910,Investment Stew,American,Dinner,374,36.3,134.4,10.4,20.7,8.3,714,43,Baked,2.2,1
76,Face Sandwich,Mexican,Snack,149,61.8,142.3,6.4,24.6,13.4,110,43,Raw,4.0,1
822,Head Curry,Mexican,Lunch,904,61.4,148.8,13.6,13.5,47.8,1574,205,Steamed,4.4,0
1762,Reason Curry,Mediterranean,Lunch,634,53.5,9.9,19.9,16.9,6.8,772,188,Fried,2.0,1
774,Wish Stew,Mexican,Breakfast,675,52.1,129.7,21.6,30.0,7.9,203,60,Grilled,3.8,1
1729,Share Salad,Thai,Breakfast,282,79.1,84.5,31.2,17.4,2.9,839,188,Grilled,3.7,0
1023,Data Salad,Mexican,Dinner,510,18.1,48.7,22.0,22.3,41.0,1824,101,Raw,1.8,0
1574,Fight Stew,Japanese,Snack,680,54.2,93.6,58.6,29.7,0.7,1492,265,Baked,4.5,0
113,Against Pasta,Italian,Dinner,162,65.9,56.0,29.0,5.2,35.4,1412,147,Baked,4.7,0
1969,Share Wrap,Thai,Lunch,432,33.6,99.9,53.2,16.1,14.2,1750,116,Roasted,2.5,0
1299,Stuff Rice,Thai,Snack,280,8.0,112.3,15.9,13.9,7.9,1943,161,Raw,1.6,1
1317,Modern Curry,American,Dinner,430,10.8,93.6,20.0,4.7,5.7,2048,51,Steamed,2.1,1
1352,Accept Wrap,American,Lunch,100,56.6,132.3,31.1,9.2,9.9,1236,22,Boiled,1.9,0
29,Law Rice,Chinese,Lunch,1189,43.3,27.2,47.3,7.1,30.4,1946,300,Steamed,2.3,0
1481,Matter Curry,Thai,Snack,538,8.0,102.1,8.7,14.4,20.3,2352,245,Fried,3.0,0
746,Charge Sandwich,Mediterranean,Snack,774,55.6,3.0,31.8,17.4,2.9,1397,149,Steamed,4.7,0
1030,Vote Curry,Italian,Dinner,596,17.5,100.7,53.7,17.6,45.9,1073,248,Baked,4.8,0
1313,He Curry,Thai,Dinner,410,57.5,41.7,20.5,17.1,9.1,1998,114,Boiled,1.1,1
960,Authority Soup,Chinese,Breakfast,252,72.3,22.9,46.7,28.6,5.1,1277,117,Boiled,4.1,0
52,Company Wrap,Indian,Dinner,153,76.0,79.0,23.3,24.0,8.5,1581,80,Raw,4.3,1
1237,At Sandwich,American,Lunch,533,51.3,1.5,11.1,0.3,10.3,1581,232,Raw,4.7,1
618,Town Wrap,Italian,Lunch,226,77.2,69.6,18.9,6.2,16.6,422,44,Steamed,3.8,1
84,Inside Pasta,Chinese,Snack,312,68.1,95.0,4.0,19.0,8.0,2158,24,Roasted,1.7,1
1245,Wife Soup,Japanese,Snack,544,30.8,138.8,16.2,24.3,9.0,993,241,Baked,3.4,1
78,While Soup,Chinese,Breakfast,424,15.9,123.5,26.0,11.1,37.3,597,60,Boiled,4.1,0
1163,Help Stew,Indian,Breakfast,648,29.3,108.6,23.5,8.2,3.0,2469,167,Boiled,2.1,1
1187,Until Sandwich,American,Snack,374,60.5,58.3,34.2,1.4,0.7,427,145,Boiled,4.0,0
1916,Management Sandwich,Thai,Breakfast,877,14.0,47.1,21.4,5.3,32.6,715,279,Steamed,4.3,0
619,Avoid Pasta,Indian,Snack,203,18.6,63.2,24.0,20.3,3.5,483,250,Baked,3.1,1
570,Tell Rice,Chinese,Snack,282,31.5,99.7,7.4,11.5,2.8,2381,87,Fried,2.1,1
37,Science Salad,American,Snack,372,37.7,58.0,53.4,26.8,9.6,1461,113,Fried,1.7,0
1910,Investment Stew,American,Dinner,374,36.3,134.4,10.4,20.7,8.3,714,43,Baked,2.2,1
84,Inside Pasta,Chinese,Snack,312,68.1,95.0,4.0,19.0,8.0,2158,24,Roasted,1.7,1
1248,Year Pasta,Mediterranean,Lunch,494,50.4,32.6,12.1,29.7,2.3,699,162,Steamed,1.2,1
672,Finally Salad,Mediterranean,Breakfast,762,8.4,73.0,26.2,18.3,13.4,713,4,Steamed,3.9,0
55,Economic Curry,Mexican,Snack,275,46.1,23.0,4.1,23.0,4.9,1179,249,Baked,1.1,1
626,Sit Wrap,Japanese,Breakfast,1200,78.8,58.4,33.8,17.9,8.8,880,237,Steamed,2.5,0
22,Despite Rice,Italian,Snack,578,33.5,135.3,7.4,10.6,18.7,1156,110,Fried,3.7,1
380,Produce Soup,Mexican,Dinner,1067,72.8,78.3,1.1,6.2,0.6,2380,68,Raw,3.0,0
247,Method Stew,Chinese,Dinner,122,14.6,110.3,8.9,3.2,3.0,869,169,Roasted,4.1,1
1748,Sport Sandwich,Chinese,Lunch,336,30.7,104.2,18.6,18.8,24.3,2262,14,Fried,1.3,0
745,Others Wrap,Thai,Lunch,843,28.7,116.8,30.4,18.8,34.4,1206,251,Steamed,3.1,0
1847,Service Soup,Thai,Snack,581,58.7,30.0,28.6,17.3,34.5,332,113,Grilled,1.9,0
619,Avoid Pasta,Indian,Snack,203,18.6,63.2,24.0,20.3,3.5,483,250,Baked,3.1,1
1408,Likely Sandwich,Thai,Lunch,185,72.1,95.2,23.8,15.7,0.4,1608,40,Boiled,2.7,1
103,Discussion Rice,Mexican,Breakfast,478,23.4,83.6,2.7,2.2,10.1,322,4,Steamed,2.9,1
1480,Course Rice,Chinese,Snack,119,35.5,118.4,58.6,10.9,49.9,1344,84,Boiled,4.4,0
675,Wear Rice,American,Snack,376,51.0,136.0,4.9,4.4,8.1,1118,97,Baked,1.2,1
1768,Call Salad,Mexican,Dinner,351,56.4,119.0,18.9,26.3,1.5,840,104,Boiled,2.3,1
1987,Drug Salad,Indian,Snack,935,34.8,88.2,0.8,1.2,23.4,1597,146,Baked,3.3,0
1031,Certain Curry,Indian,Snack,410,48.9,132.4,4.2,10.6,11.2,240,23,Roasted,1.1,1
1307,Quickly Salad,Indian,Lunch,306,56.7,66.9,19.8,11.7,8.6,1416,116,Boiled,4.6,1
633,Analysis Stew,American,Lunch,994,67.6,48.9,20.2,17.2,4.8,610,127,Roasted,1.0,0
1391,Care Salad,American,Breakfast,1043,31.2,52.1,52.6,21.0,3.1,2133,238,Raw,4.9,0
1299,Stuff Rice,Thai,Snack,280,8.0,112.3,15.9,13.9,7.9,1943,161,Raw,1.6,1
1616,Whether Pasta,Mexican,Breakfast,513,20.2,147.0,34.0,8.3,31.5,2123,253,Roasted,1.3,0
941,Stop Salad,Mediterranean,Snack,661,43.9,116.0,13.5,3.8,19.1,2128,153,Grilled,4.4,1
578,Artist Sandwich,Mexican,Lunch,239,74.3,103.4,52.6,25.1,44.4,114,100,Boiled,2.0,0
200,Single Salad,Mediterranean,Snack,367,51.0,89.7,13.8,22.9,46.5,425,240,Steamed,4.0,0
1020,Drive Rice,Mediterranean,Lunch,1150,7.3,6.0,4.2,21.3,19.2,2291,112,Baked,2.3,0
462,Wide Wrap,Japanese,Breakfast,512,32.2,69.5,41.0,0.1,17.8,1606,200,Fried,1.2,0
747,Room Salad,Mexican,Snack,1163,20.0,35.6,52.5,15.6,18.0,1942,125,Steamed,4.2,0
1214,Whether Soup,Mediterranean,Lunch,755,78.8,20.6,15.2,14.6,33.4,1661,105,Fried,4.2,0
1829,Number Wrap,Chinese,Breakfast,207,36.8,10.0,8.2,6.2,4.6,1832,182,Fried,4.0,1
1471,Most Pasta,Italian,Dinner,487,6.4,59.2,33.0,4.0,35.9,1478,111,Raw,4.8,0
320,Serious Rice,Chinese,Breakfast,461,55.6,116.0,14.7,0.1,9.5,1314,179,Roasted,1.8,1
1835,Do Salad,Mexican,Dinner,255,75.7,78.6,26.3,29.0,2.4,1607,225,Fried,4.3,0
1850,Town Stew,American,Snack,231,20.8,99.0,31.0,23.6,6.3,2314,190,Fried,2.5,0
1945,Candidate Soup,Chinese,Breakfast,516,54.1,54.5,18.5,18.2,7.4,2377,130,Steamed,2.3,1
323,You Sandwich,Mexican,Dinner,1062,29.1,83.7,50.9,29.5,23.1,1520,140,Steamed,3.4,0
748,Develop Sandwich,Indian,Snack,332,69.9,7.5,10.3,26.5,15.4,2265,31,Baked,3.7,1
604,Night Wrap,Italian,Lunch,138,21.2,44.8,22.3,20.6,9.7,2271,102,Fried,1.5,1
1403,Line Stew,Mediterranean,Dinner,722,32.4,19.6,14.4,4.0,37.5,2071,300,Raw,1.9,0
1495,Deep Stew,Mexican,Breakfast,255,18.3,145.9,36.9,4.6,31.2,1696,201,Boiled,4.1,0
1266,Study Curry,Japanese,Breakfast,230,69.0,74.6,3.1,30.0,38.9,2058,105,Baked,1.1,0
201,Rate Stew,Italian,Lunch,1156,56.7,45.5,33.5,21.9,13.7,1096,31,Roasted,3.1,0
951,Week Wrap,Chinese,Snack,760,74.2,132.9,8.8,9.8,42.1,1135,81,Boiled,2.3,0
1246,Investment Rice,Mexican,Snack,305,5.3,33.4,50.3,25.4,21.2,971,234,Roasted,3.6,0
1163,Help Stew,Indian,Breakfast,648,29.3,108.6,23.5,8.2,3.0,2469,167,Boiled,2.1,1
1765,Serious Wrap,Mediterranean,Snack,558,8.8,42.3,50.3,12.1,12.1,80,122,Fried,3.8,0
408,Natural Wrap,Italian,Breakfast,495,35.9,63.8,31.6,20.2,1.2,1499,290,Roasted,2.3,0
1676,Economy Salad,Thai,Lunch,698,27.2,19.6,0.8,19.3,1.0,1700,293,Boiled,2.9,1
803,Benefit Pasta,Thai,Dinner,847,56.2,146.6,54.8,28.9,29.6,337,203,Raw,3.7,0
657,Report Rice,Mediterranean,Snack,1041,59.2,75.3,54.9,26.9,15.8,396,124,Boiled,3.0,0
1264,Account Pasta,Indian,Snack,551,51.8,0.4,6.7,12.7,6.3,2053,46,Grilled,2.8,1
914,Even Rice,Indian,Dinner,887,57.0,56.1,33.4,27.6,3.3,769,4,Raw,1.2,0
1609,At Wrap,Italian,Snack,277,20.0,119.9,5.3,17.5,6.6,1270,240,Roasted,2.5,1
1281,Newspaper Wrap,Indian,Breakfast,177,10.2,57.9,0.1,16.0,4.5,933,289,Fried,1.1,1
1575,Note Wrap,Mediterranean,Dinner,903,71.6,132.9,2.3,25.0,18.1,995,87,Roasted,1.6,0
658,Finally Stew,Chinese,Breakfast,641,74.9,27.2,14.6,21.4,4.8,1507,68,Roasted,2.5,1
1762,Reason Curry,Mediterranean,Lunch,634,53.5,9.9,19.9,16.9,6.8,772,188,Fried,2.0,1
162,Leave Wrap,Japanese,Breakfast,1055,9.0,100.7,45.8,14.0,15.4,100,30,Raw,1.9,0
36,Which Soup,Indian,Snack,249,79.5,91.2,11.3,29.4,3.5,2354,120,Boiled,2.5,1
731,Determine Salad,American,Lunch,150,78.4,143.7,56.1,18.1,9.8,1397,251,Roasted,2.1,0
1657,Beautiful Rice,Indian,Snack,1081,68.5,43.3,24.2,26.5,35.2,2067,270,Roasted,2.1,0
88,Enough Soup,Thai,Lunch,433,65.9,104.9,23.4,27.4,10.8,1025,242,Fried,3.9,1
717,Item Rice,Italian,Lunch,341,37.6,141.7,45.1,19.2,45.4,589,40,Fried,3.7,0
516,Issue Wrap,American,Dinner,884,61.6,41.3,32.4,2.5,2.5,2465,247,Baked,2.5,0
1360,Star Wrap,Italian,Snack,593,63.9,12.5,59.0,26.3,27.8,305,187,Baked,2.4,0
1358,Own Salad,Chinese,Dinner,150,23.0,65.7,45.2,25.6,6.7,1752,19,Raw,5.0,0
837,Near Stew,Indian,Breakfast,298,59.9,131.3,58.4,2.4,39.1,1521,134,Roasted,2.2,0
1277,Quality Stew,Japanese,Dinner,758,40.5,3.1,40.0,5.9,47.8,1601,70,Raw,4.4,0
1225,Good Pasta,Indian,Breakfast,1131,24.3,48.1,11.1,19.3,5.0,1542,46,Roasted,1.1,0
881,Left Wrap,Mexican,Lunch,391,7.6,121.0,6.4,17.9,2.7,2413,109,Boiled,2.4,1
790,Network Curry,Mexican,Breakfast,322,23.4,80.4,24.5,3.1,17.3,2002,86,Fried,1.4,1
7,Item Rice,Thai,Snack,114,60.9,6.7,6.7,23.4,8.3,1107,60,Roasted,2.8,1
897,Us Curry,Mediterranean,Snack,289,75.2,141.9,15.3,17.3,1.8,108,168,Grilled,4.5,1
222,Sound Wrap,American,Snack,790,41.5,35.5,20.3,8.5,8.2,2180,13,Raw,3.7,0
582,Control Salad,Chinese,Dinner,312,74.5,16.3,24.7,0.8,23.8,1921,119,Fried,3.1,0
1563,Base Rice,Japanese,Lunch,180,41.3,45.5,16.8,16.3,9.5,1560,203,Grilled,2.8,1
1459,Wish Rice,Italian,Snack,344,46.6,114.1,21.7,20.8,1.4,825,107,Baked,1.4,1
888,Anyone Curry,Indian,Snack,778,60.1,7.8,0.3,29.0,20.2,54,136,Fried,2.8,0
925,Challenge Pasta,Indian,Lunch,120,75.3,30.9,31.7,25.5,36.6,1858,199,Raw,3.0,0
1721,Section Soup,Mediterranean,Snack,825,41.7,145.7,44.0,27.5,11.5,1923,222,Boiled,1.7,0
256,Major Stew,Italian,Dinner,867,8.1,121.5,25.3,20.0,16.3,220,138,Fried,1.6,0
609,Late Wrap,American,Lunch,1037,11.4,148.5,50.9,16.0,35.9,1463,162,Steamed,3.0,0
1732,You Pasta,Japanese,Snack,319,56.6,43.3,16.4,26.9,14.5,1725,67,Grilled,3.7,1
1249,Crime Stew,Mexican,Breakfast,339,71.2,9.2,4.3,25.5,17.9,2396,250,Raw,4.1,1
1732,You Pasta,Japanese,Snack,319,56.6,43.3,16.4,26.9,14.5,1725,67,Grilled,3.7,1
1730,Answer Wrap,Thai,Lunch,221,33.0,137.0,46.3,24.4,21.0,133,108,Steamed,2.1,0
895,Spend Curry,Chinese,Breakfast,692,73.4,139.8,44.5,5.5,49.8,1127,33,Baked,1.4,0
934,Bar Curry,Mediterranean,Snack,864,26.6,144.5,51.9,29.8,32.8,1221,241,Fried,4.3,0
694,He Rice,Chinese,Lunch,457,48.1,77.9,55.6,23.2,26.6,1726,7,Raw,1.2,0
1838,Wife Salad,Chinese,Lunch,522,63.1,40.6,28.5,4.5,31.4,2280,18,Grilled,4.2,0
64,Wall Sandwich,Mediterranean,Breakfast,255,29.3,46.8,19.5,25.7,6.5,1794,116,Boiled,4.2,1
183,Professional Wrap,Japanese,Dinner,1116,36.8,102.7,13.2,26.3,5.4,1106,179,Roasted,4.9,0
246,Choose Wrap,Chinese,Lunch,1032,37.1,115.7,37.7,6.6,41.8,2087,284,Grilled,4.7,0
1978,Evidence Wrap,Italian,Snack,324,7.1,141.9,0.8,22.4,4.1,1406,41,Roasted,2.8,1
1155,Visit Pasta,Chinese,Snack,696,12.1,125.1,36.7,3.6,28.1,489,185,Roasted,4.0,0
1877,Serve Stew,Italian,Dinner,765,43.8,149.4,18.7,14.5,29.5,1670,236,Boiled,1.9,0
1213,Trouble Stew,American,Breakfast,1013,40.4,23.6,58.6,21.6,16.8,135,96,Raw,1.3,0
941,Stop Salad,Mediterranean,Snack,661,43.9,116.0,13.5,3.8,19.1,2128,153,Grilled,4.4,1
600,Force Salad,Chinese,Dinner,144,14.0,141.8,3.7,24.5,33.7,684,110,Steamed,5.0,0
1578,Sport Stew,Italian,Lunch,1093,40.1,0.2,49.4,19.2,27.3,960,257,Raw,1.4,0
1148,Believe Soup,American,Breakfast,233,75.9,123.7,8.1,0.1,8.8,982,270,Roasted,3.5,1
1163,Help Stew,Indian,Breakfast,648,29.3,108.6,23.5,8.2,3.0,2469,167,Boiled,2.1,1
624,Have Curry,Thai,Breakfast,633,5.2,149.4,30.4,25.5,39.7,1377,124,Grilled,1.5,0
987,Nation Salad,Chinese,Lunch,504,21.6,46.0,15.4,25.8,38.1,961,273,Grilled,1.8,0
1919,Development Salad,American,Lunch,513,55.6,84.3,4.1,26.7,19.7,1340,240,Boiled,1.9,1
1312,Run Pasta,Mediterranean,Snack,188,5.8,20.3,22.6,12.6,6.9,1895,102,Steamed,4.9,1
1732,You Pasta,Japanese,Snack,319,56.6,43.3,16.4,26.9,14.5,1725,67,Grilled,3.7,1
186,Give Pasta,Mediterranean,Snack,672,25.2,126.3,2.3,5.5,1.4,821,163,Steamed,2.2,1
673,Change Wrap,Italian,Lunch,731,19.8,62.1,20.8,8.0,5.5,1648,252,Raw,3.2,0
1958,Five Stew,Mediterranean,Lunch,575,66.7,48.5,10.7,20.3,39.7,377,138,Baked,1.3,0
1459,Wish Rice,Italian,Snack,344,46.6,114.1,21.7,20.8,1.4,825,107,Baked,1.4,1
1031,Certain Curry,Indian,Snack,410,48.9,132.4,4.2,10.6,11.2,240,23,Roasted,1.1,1
1307,Quickly Salad,Indian,Lunch,306,56.7,66.9,19.8,11.7,8.6,1416,116,Boiled,4.6,1
818,Arm Pasta,Mexican,Dinner,1055,33.7,121.6,56.6,10.3,36.8,1186,8,Fried,4.1,0
700,Small Stew,Indian,Lunch,430,5.4,141.2,20.2,7.4,46.9,2048,218,Steamed,3.9,0
1128,Tv Salad,Japanese,Snack,317,58.6,28.8,56.9,28.0,36.7,1248,178,Baked,2.4,0
675,Wear Rice,American,Snack,376,51.0,136.0,4.9,4.4,8.1,1118,97,Baked,1.2,1
638,Measure Pasta,American,Lunch,807,30.7,29.6,4.3,9.6,41.4,2323,148,Baked,2.2,0
671,Ahead Wrap,American,Lunch,404,20.8,128.3,12.1,1.8,10.9,1434,246,Raw,4.6,1
1920,Cut Soup,American,Breakfast,1169,22.9,2.2,32.0,11.5,9.5,219,230,Boiled,2.9,0
299,Decision Pasta,Mediterranean,Dinner,195,10.6,72.8,19.3,7.5,5.6,60,183,Roasted,3.5,1
85,Small Soup,Chinese,Dinner,402,34.7,63.2,36.0,12.7,48.7,780,141,Roasted,3.8,0
56,Task Salad,Japanese,Breakfast,953,22.2,117.4,48.6,8.4,38.0,947,28,Grilled,3.4,0
808,Own Sandwich,American,Lunch,526,65.7,122.4,15.4,1.9,4.2,369,244,Baked,3.9,1
1223,Part Wrap,Indian,Dinner,631,45.9,54.1,42.2,20.7,21.5,2138,110,Boiled,3.8,0
1029,Try Soup,Italian,Snack,196,74.8,27.2,24.0,25.7,18.2,2467,192,Raw,3.5,1
310,Drug Soup,Japanese,Lunch,614,59.8,36.9,13.3,14.8,12.7,2233,54,Steamed,3.8,1
97,Appear Stew,Mediterranean,Breakfast,172,43.0,110.6,0.5,24.1,13.2,354,185,Boiled,2.0,1
833,Traditional Curry,Chinese,Snack,514,20.9,116.7,52.7,15.5,32.0,86,153,Fried,3.0,0
1201,Fund Pasta,Mexican,Dinner,876,38.4,109.8,4.0,12.4,21.0,1264,205,Raw,2.3,0
671,Ahead Wrap,American,Lunch,404,20.8,128.3,12.1,1.8,10.9,1434,246,Raw,4.6,1
1102,For Pasta,Mediterranean,Snack,152,47.6,30.3,42.9,27.8,46.2,2146,170,Fried,4.4,0
290,Open Soup,American,Lunch,277,60.2,45.5,2.9,13.8,16.7,590,232,Boiled,3.0,1
338,Develop Pasta,Italian,Lunch,261,45.8,81.9,8.2,3.4,16.1,1523,19,Roasted,4.1,1
1634,Because Rice,American,Dinner,311,17.2,68.9,44.5,23.9,15.7,1533,101,Boiled,2.0,0
790,Network Curry,Mexican,Breakfast,322,23.4,80.4,24.5,3.1,17.3,2002,86,Fried,1.4,1
330,Party Sandwich,Italian,Breakfast,402,53.5,144.2,0.8,24.3,1.2,2308,213,Roasted,4.8,1
1196,Need Pasta,Mediterranean,Breakfast,1077,72.6,71.7,48.3,30.0,15.4,1034,238,Steamed,2.6,0
629,Ever Soup,Indian,Snack,480,13.2,123.4,41.9,19.0,7.4,1434,109,Baked,3.2,0
598,Section Sandwich,Italian,Lunch,379,51.4,133.0,1.1,12.4,3.6,364,153,Raw,1.3,1
1414,Key Stew,Chinese,Breakfast,635,48.6,47.4,24.1,6.9,2.1,1088,38,Raw,2.0,1
1793,Major Rice,Mexican,Breakfast,1190,67.9,117.6,12.6,1.8,15.6,892,222,Steamed,2.2,0
1469,Address Rice,Italian,Breakfast,469,55.2,60.4,18.4,2.3,8.1,342,92,Raw,4.0,1
252,North Rice,Indian,Breakfast,393,35.4,148.6,6.3,3.4,19.9,713,66,Baked,4.3,1
649,Management Soup,Thai,Breakfast,423,6.2,144.1,12.4,28.7,18.3,2489,264,Baked,1.8,1
871,Act Curry,Thai,Lunch,383,41.9,60.5,14.8,5.8,15.9,1544,293,Fried,3.8,1
1158,Recent Pasta,Thai,Dinner,822,53.4,87.2,38.1,21.2,16.0,1712,51,Steamed,1.4,0
310,Drug Soup,Japanese,Lunch,614,59.8,36.9,13.3,14.8,12.7,2233,54,Steamed,3.8,1
459,Reduce Rice,Indian,Breakfast,504,16.6,68.7,15.8,26.5,17.8,1833,53,Boiled,2.4,1
1608,Policy Soup,Thai,Snack,621,53.8,118.9,15.3,18.6,19.1,852,287,Boiled,1.8,1
1204,Owner Curry,American,Snack,789,10.0,141.9,25.4,6.4,19.6,1247,119,Grilled,1.1,0
63,Why Curry,Indian,Lunch,213,69.9,115.1,18.5,23.2,7.4,1538,102,Fried,3.6,1
835,Strong Soup,Mediterranean,Dinner,249,14.5,22.6,17.9,24.5,0.1,2466,197,Fried,1.9,1
269,Pull Sandwich,Mexican,Lunch,223,42.4,48.8,22.7,26.2,18.4,2171,62,Boiled,3.3,1
289,Southern Stew,Italian,Lunch,828,30.2,126.6,13.9,14.6,9.6,120,7,Fried,4.9,0
252,North Rice,Indian,Breakfast,393,35.4,148.6,6.3,3.4,19.9,713,66,Baked,4.3,1
1576,Well Stew,Thai,Dinner,565,50.9,78.3,8.9,9.9,5.2,805,231,Raw,2.6,1
893,Idea Pasta,Mexican,Snack,296,53.7,136.1,5.0,3.2,17.9,119,95,Grilled,1.9,1
896,Owner Pasta,Chinese,Dinner,427,8.8,116.0,3.3,0.8,33.8,1707,151,Raw,2.2,0
885,Serious Wrap,Mediterranean,Lunch,287,62.3,13.6,17.3,0.5,10.3,2434,118,Fried,3.9,1
628,Believe Wrap,Indian,Breakfast,150,42.1,65.1,0.5,10.9,15.9,89,232,Boiled,3.3,1
1737,Because Soup,Italian,Lunch,969,6.3,84.6,47.9,13.3,43.8,1459,246,Steamed,4.3,0
958,North Pasta,Mexican,Snack,1026,73.2,18.8,26.4,14.5,38.9,225,139,Boiled,1.5,0
1925,Despite Pasta,Mediterranean,Lunch,570,68.3,133.4,8.1,4.3,17.4,1763,195,Boiled,1.4,1
398,Parent Salad,Japanese,Lunch,365,50.3,136.8,2.3,14.8,14.9,1258,212,Fried,2.2,1
1264,Account Pasta,Indian,Snack,551,51.8,0.4,6.7,12.7,6.3,2053,46,Grilled,2.8,1
1414,Key Stew,Chinese,Breakfast,635,48.6,47.4,24.1,6.9,2.1,1088,38,Raw,2.0,1
2000,List Pasta,Indian,Snack,341,51.5,77.7,0.1,8.2,9.0,398,91,Fried,1.9,1
1547,Case Pasta,Indian,Snack,1121,67.4,109.8,32.1,14.9,13.1,532,281,Raw,4.7,0
1426,Simple Wrap,Mediterranean,Dinner,1152,51.5,98.3,59.3,10.3,25.0,604,60,Grilled,4.6,0
983,Nation Wrap,Thai,Dinner,983,25.8,74.1,58.6,9.1,5.0,857,116,Baked,3.5,0
563,Sure Sandwich,Thai,Breakfast,120,24.5,74.4,10.6,2.6,7.4,1436,299,Steamed,4.5,1
103,Discussion Rice,Mexican,Breakfast,478,23.4,83.6,2.7,2.2,10.1,322,4,Steamed,2.9,1
1198,Evidence Pasta,Thai,Dinner,924,57.6,77.0,56.6,12.1,4.8,1358,213,Baked,5.0,0
464,Article Pasta,Mexican,Snack,232,18.8,74.5,7.0,20.1,14.8,1433,116,Grilled,2.8,1
1960,Assume Wrap,Japanese,Lunch,695,16.2,78.0,15.2,29.7,34.3,2468,218,Fried,2.1,0
1706,Goal Stew,Mediterranean,Snack,387,70.9,143.8,10.7,9.1,3.8,1498,175,Baked,2.8,1
1505,Police Curry,Indian,Lunch,1033,8.4,120.1,21.4,28.3,4.6,1762,86,Steamed,3.4,0
1720,Next Rice,American,Snack,827,11.2,7.1,40.1,8.9,24.6,385,178,Grilled,4.7,0
956,Day Curry,American,Lunch,395,50.7,145.3,36.0,21.4,21.2,2426,133,Baked,5.0,0
722,System Rice,Japanese,Lunch,698,79.2,25.6,13.5,0.5,12.3,178,214,Roasted,4.4,1
1593,Other Stew,Mexican,Breakfast,463,43.8,4.8,41.9,28.3,41.1,895,239,Boiled,2.8,0
1296,Process Wrap,Thai,Snack,106,24.5,18.3,1.7,10.3,0.8,526,178,Fried,4.0,1
1299,Stuff Rice,Thai,Snack,280,8.0,112.3,15.9,13.9,7.9,1943,161,Raw,1.6,1
129,South Rice,American,Breakfast,1103,9.9,11.0,39.6,22.0,47.6,1959,228,Grilled,2.8,0
1212,Time Soup,Italian,Snack,561,28.9,7.5,57.8,11.3,0.4,2125,90,Baked,3.3,0
778,Itself Salad,Japanese,Lunch,395,63.6,114.0,0.8,7.3,4.0,247,28,Grilled,4.2,1
1145,Later Wrap,Indian,Snack,247,57.1,95.5,24.0,6.8,32.3,2198,29,Fried,2.0,0
968,Mind Stew,Thai,Dinner,237,37.1,3.8,6.6,2.7,19.0,1838,245,Boiled,1.5,1
355,Each Sandwich,Indian,Snack,1089,42.4,106.8,28.0,14.4,45.9,372,68,Raw,2.6,0
901,Tax Curry,Chinese,Breakfast,539,38.8,9.6,53.4,1.8,2.6,289,205,Raw,2.8,0
69,Animal Pasta,Italian,Breakfast,292,42.9,124.6,56.7,2.4,17.3,828,156,Steamed,2.7,0
1011,Science Curry,Italian,Dinner,789,66.6,12.2,29.8,23.7,37.5,847,152,Roasted,4.7,0
1610,Official Sandwich,Thai,Breakfast,814,54.0,39.2,34.0,25.9,43.8,1970,183,Roasted,2.5,0
92,Attorney Salad,Chinese,Dinner,350,11.8,29.0,15.2,15.8,6.0,948,130,Baked,3.8,1
1521,Understand Curry,Chinese,Dinner,432,43.3,81.7,12.3,15.0,10.1,1573,246,Baked,4.3,1
192,Add Wrap,Indian,Breakfast,444,45.0,29.1,17.7,28.3,10.5,103,37,Roasted,1.6,1
1103,Film Rice,Japanese,Snack,540,37.1,139.0,2.7,6.6,5.4,1490,102,Baked,4.9,1
844,Manage Rice,Italian,Breakfast,379,72.3,38.3,48.8,17.4,7.8,1847,280,Fried,1.0,0
1570,Have Wrap,Indian,Dinner,417,10.3,6.0,13.5,4.3,48.2,2223,14,Grilled,3.8,0
1016,Time Sandwich,Mediterranean,Lunch,139,40.9,1.4,12.7,2.6,12.9,2208,193,Grilled,2.5,1
1934,Cause Soup,Italian,Snack,133,32.4,101.8,59.2,9.0,42.8,2155,203,Raw,3.0,0
1767,Fly Pasta,American,Breakfast,929,30.8,36.2,56.4,4.8,35.2,199,26,Fried,4.6,0
1034,Mother Soup,Mexican,Breakfast,349,76.0,96.0,49.1,6.6,2.8,729,222,Baked,4.9,0
1374,Wife Stew,Japanese,Snack,490,6.3,56.6,32.9,15.6,49.3,2050,90,Boiled,2.5,0
835,Strong Soup,Mediterranean,Dinner,249,14.5,22.6,17.9,24.5,0.1,2466,197,Fried,1.9,1
801,Enough Sandwich,Chinese,Dinner,615,20.2,136.1,27.0,4.9,4.8,1139,19,Steamed,1.4,0
1734,High Wrap,Indian,Lunch,608,9.8,73.2,53.1,29.1,1.2,869,109,Boiled,4.3,0
1103,Film Rice,Japanese,Snack,540,37.1,139.0,2.7,6.6,5.4,1490,102,Baked,4.9,1
248,Outside Sandwich,Mediterranean,Lunch,485,6.9,41.9,34.0,0.6,31.0,266,269,Boiled,4.8,0
1922,Soldier Pasta,Mexican,Breakfast,1015,35.7,91.7,6.5,28.6,22.1,1404,292,Fried,1.4,0
639,Require Sandwich,Thai,Snack,796,24.4,135.9,12.6,7.5,46.5,109,290,Fried,3.3,0
1182,Race Salad,Thai,Snack,216,20.3,62.0,15.5,12.5,22.9,982,210,Baked,1.1,0
1249,Crime Stew,Mexican,Breakfast,339,71.2,9.2,4.3,25.5,17.9,2396,250,Raw,4.1,1
1609,At Wrap,Italian,Snack,277,20.0,119.9,5.3,17.5,6.6,1270,240,Roasted,2.5,1
66,Include Curry,Chinese,Lunch,602,58.4,128.7,11.0,10.6,26.7,1186,271,Baked,2.7,0
212,Discussion Pasta,Indian,Dinner,176,41.7,144.7,44.5,18.5,16.1,1581,81,Steamed,1.2,0
1245,Wife Soup,Japanese,Snack,544,30.8,138.8,16.2,24.3,9.0,993,241,Baked,3.4,1
1564,Although Salad,Mediterranean,Dinner,636,28.6,123.0,9.1,13.0,7.6,1995,197,Boiled,1.2,1
1925,Despite Pasta,Mediterranean,Lunch,570,68.3,133.4,8.1,4.3,17.4,1763,195,Boiled,1.4,1
1648,Single Curry,American,Lunch,1024,70.7,4.7,3.6,1.6,0.9,1922,145,Grilled,4.1,0
1706,Goal Stew,Mediterranean,Snack,387,70.9,143.8,10.7,9.1,3.8,1498,175,Baked,2.8,1
1691,Life Salad,Chinese,Breakfast,336,31.9,15.3,48.1,18.9,35.1,121,236,Baked,4.5,0
513,Realize Stew,American,Lunch,245,72.1,76.8,31.8,8.1,31.3,1912,228,Steamed,3.7,0
1728,State Rice,Mediterranean,Breakfast,908,47.2,131.9,20.2,18.5,7.8,447,77,Grilled,4.1,0
1176,Evidence Pasta,Japanese,Dinner,189,79.8,33.1,23.2,13.1,10.0,2458,244,Raw,1.1,1
1469,Address Rice,Italian,Breakfast,469,55.2,60.4,18.4,2.3,8.1,342,92,Raw,4.0,1
255,Public Wrap,Thai,Dinner,454,16.8,48.4,24.5,27.7,35.8,956,200,Baked,4.4,0
586,Four Soup,Japanese,Lunch,188,35.8,64.4,55.0,16.3,35.7,1294,90,Roasted,2.6,0
995,Kitchen Rice,Japanese,Snack,230,63.3,107.7,47.8,24.0,18.0,919,261,Fried,4.6,0
1043,Its Wrap,Thai,Lunch,831,8.4,71.9,6.0,15.8,16.3,220,16,Steamed,1.9,0
1222,Civil Soup,Mediterranean,Dinner,1071,60.5,141.5,24.7,20.9,5.1,307,221,Grilled,2.4,0
1401,It Soup,Indian,Dinner,1151,27.4,108.7,18.2,6.6,13.9,1859,24,Raw,1.7,0
63,Why Curry,Indian,Lunch,213,69.9,115.1,18.5,23.2,7.4,1538,102,Fried,3.6,1
1280,Learn Rice,Italian,Snack,591,13.2,110.7,14.1,6.1,13.6,2213,0,Boiled,3.3,1
766,Remain Curry,Mediterranean,Lunch,527,35.1,129.0,34.9,6.5,37.8,1531,157,Grilled,3.3,0
1219,Cost Rice,Japanese,Dinner,1045,12.8,117.1,9.6,14.6,16.7,1175,215,Steamed,3.1,0
237,Career Sandwich,Thai,Snack,225,55.6,61.1,39.8,29.8,17.6,322,193,Steamed,3.2,0
1925,Despite Pasta,Mediterranean,Lunch,570,68.3,133.4,8.1,4.3,17.4,1763,195,Boiled,1.4,1
80,Yes Rice,Chinese,Breakfast,856,52.6,147.4,26.5,20.4,14.5,138,193,Baked,3.9,0
809,Keep Rice,Mexican,Lunch,881,56.2,75.0,38.3,10.1,14.9,1867,195,Boiled,2.5,0
1896,Level Salad,Japanese,Breakfast,851,74.0,130.9,60.0,16.8,22.4,719,279,Roasted,4.7,0
1497,Receive Rice,Indian,Snack,494,59.4,99.4,15.8,4.1,19.6,415,231,Baked,4.7,1
1264,Account Pasta,Indian,Snack,551,51.8,0.4,6.7,12.7,6.3,2053,46,Grilled,2.8,1
1031,Certain Curry,Indian,Snack,410,48.9,132.4,4.2,10.6,11.2,240,23,Roasted,1.1,1
414,Some Wrap,Mediterranean,Snack,978,20.1,74.8,49.7,5.5,16.0,2390,214,Steamed,1.4,0
478,Show Curry,Thai,Snack,810,79.7,91.7,0.4,25.9,32.2,1123,254,Fried,2.8,0
1978,Evidence Wrap,Italian,Snack,324,7.1,141.9,0.8,22.4,4.1,1406,41,Roasted,2.8,1
36,Which Soup,Indian,Snack,249,79.5,91.2,11.3,29.4,3.5,2354,120,Boiled,2.5,1
1862,Ask Pasta,American,Dinner,373,54.7,87.2,26.5,11.0,3.8,2345,282,Raw,1.7,0
235,Including Stew,Italian,Snack,674,21.7,126.6,31.9,29.2,18.7,1920,121,Grilled,3.6,0
1893,Decision Soup,Chinese,Lunch,114,34.3,94.9,44.4,2.0,25.0,2226,4,Roasted,4.4,0
621,Just Curry,Thai,Snack,894,71.8,7.8,20.8,26.0,26.3,2235,138,Baked,1.8,0
350,Well Curry,Japanese,Breakfast,863,44.8,69.1,11.6,11.9,24.7,91,217,Boiled,1.1,0
661,Short Pasta,Mexican,Breakfast,756,21.0,27.7,43.1,25.3,49.6,746,291,Fried,1.6,0
262,Coach Salad,Mediterranean,Breakfast,1200,43.3,111.5,16.8,28.6,3.2,747,110,Steamed,3.5,0
808,Own Sandwich,American,Lunch,526,65.7,122.4,15.4,1.9,4.2,369,244,Baked,3.9,1
1981,Little Wrap,American,Breakfast,361,40.7,117.8,51.1,22.7,22.1,1772,163,Steamed,4.6,0
338,Develop Pasta,Italian,Lunch,261,45.8,81.9,8.2,3.4,16.1,1523,19,Roasted,4.1,1
1247,Trade Rice,Japanese,Dinner,1077,28.5,70.7,29.2,24.1,45.0,1642,4,Steamed,2.5,0
15,Tax Pasta,Mediterranean,Dinner,222,12.6,83.2,51.8,13.8,19.9,1623,276,Roasted,3.9,0
132,Some Pasta,Mexican,Breakfast,582,76.9,103.0,49.5,29.1,6.4,818,37,Raw,3.6,0
63,Why Curry,Indian,Lunch,213,69.9,115.1,18.5,23.2,7.4,1538,102,Fried,3.6,1
1715,Move Curry,Japanese,Snack,292,65.1,146.7,8.0,0.1,4.7,1034,131,Grilled,1.1,1
103,Discussion Rice,Mexican,Breakfast,478,23.4,83.6,2.7,2.2,10.1,322,4,Steamed,2.9,1
1328,Page Rice,Thai,Dinner,331,9.3,38.6,15.7,1.3,7.3,238,170,Baked,1.9,1
299,Decision Pasta,Mediterranean,Dinner,195,10.6,72.8,19.3,7.5,5.6,60,183,Roasted,3.5,1
1978,Evidence Wrap,Italian,Snack,324,7.1,141.9,0.8,22.4,4.1,1406,41,Roasted,2.8,1
718,Perhaps Wrap,American,Dinner,398,7.5,6.8,2.8,29.4,10.5,2328,25,Raw,2.4,1
1110,Give Sandwich,Mexican,Snack,150,69.0,85.7,10.2,26.2,6.4,1710,257,Roasted,4.3,1
1568,Character Pasta,Chinese,Dinner,367,14.7,20.0,20.1,7.1,28.9,194,216,Fried,3.2,0
517,We Rice,Thai,Lunch,188,74.5,88.2,55.9,17.5,14.9,1791,140,Steamed,1.6,0
536,Ground Pasta,Indian,Snack,608,27.0,126.8,35.1,19.3,3.9,213,146,Steamed,1.7,0
1903,As Sandwich,Mexican,Dinner,930,44.0,119.8,36.8,10.5,12.2,1766,19,Boiled,2.7,0
675,Wear Rice,American,Snack,376,51.0,136.0,4.9,4.4,8.1,1118,97,Baked,1.2,1
916,Reality Stew,American,Dinner,275,5.5,71.9,59.4,27.6,32.4,1091,122,Roasted,1.5,0
1330,Know Curry,Indian,Snack,671,43.2,35.5,18.6,27.4,8.7,2231,31,Raw,1.9,1
1396,Tv Curry,American,Snack,772,74.7,63.0,34.3,14.3,49.1,442,132,Steamed,2.7,0
103,Discussion Rice,Mexican,Breakfast,478,23.4,83.6,2.7,2.2,10.1,322,4,Steamed,2.9,1
221,Start Wrap,Thai,Dinner,151,13.3,94.9,1.1,16.7,18.9,1902,202,Raw,1.3,1
1716,Night Soup,Mediterranean,Dinner,492,73.8,87.6,39.6,27.4,42.6,2297,280,Fried,3.6,0
1878,Three Salad,Japanese,Lunch,341,77.3,108.8,45.3,10.2,24.5,2114,263,Grilled,3.1,0
221,Start Wrap,Thai,Dinner,151,13.3,94.9,1.1,16.7,18.9,1902,202,Raw,1.3,1
1919,Development Salad,American,Lunch,513,55.6,84.3,4.1,26.7,19.7,1340,240,Boiled,1.9,1
1571,Recently Pasta,Mexican,Lunch,569,61.1,98.8,26.7,2.7,25.0,605,228,Raw,4.8,0
1264,Account Pasta,Indian,Snack,551,51.8,0.4,6.7,12.7,6.3,2053,46,Grilled,2.8,1
719,Hour Curry,American,Snack,913,52.5,136.7,25.6,22.0,16.0,1493,281,Roasted,4.1,0
52,Company Wrap,Indian,Dinner,153,76.0,79.0,23.3,24.0,8.5,1581,80,Raw,4.3,1
399,Personal Soup,Thai,Lunch,140,32.5,71.4,1.0,5.6,30.2,292,266,Fried,2.0,0
156,Heart Stew,Japanese,Snack,835,42.1,29.0,20.9,5.5,27.1,1291,131,Grilled,1.5,0
1998,Speech Sandwich,Indian,Lunch,419,31.8,42.9,42.7,9.4,29.1,1192,201,Roasted,3.8,0
881,Left Wrap,Mexican,Lunch,391,7.6,121.0,6.4,17.9,2.7,2413,109,Boiled,2.4,1
247,Method Stew,Chinese,Dinner,122,14.6,110.3,8.9,3.2,3.0,869,169,Roasted,4.1,1
215,Begin Curry,Indian,Lunch,301,10.5,140.1,12.7,23.0,0.1,1441,145,Steamed,4.0,1
404,Plan Salad,Japanese,Dinner,124,55.5,110.7,55.0,24.9,10.5,1682,17,Roasted,4.4,0
1566,Purpose Salad,Chinese,Dinner,224,72.0,88.3,2.3,10.6,2.8,241,247,Boiled,4.1,1
1309,My Sandwich,Italian,Snack,210,54.9,93.2,18.5,7.6,6.4,1939,122,Roasted,2.1,1
34,Important Salad,American,Snack,149,76.5,106.0,38.6,16.0,42.9,2207,30,Boiled,4.1,0
215,Begin Curry,Indian,Lunch,301,10.5,140.1,12.7,23.0,0.1,1441,145,Steamed,4.0,1
26,Public Stew,Thai,Breakfast,1087,45.8,137.5,55.8,25.6,31.7,1137,41,Boiled,4.8,0
1082,Current Pasta,Italian,Snack,355,38.5,141.2,14.4,14.2,7.7,1712,261,Roasted,4.5,1
1130,My Soup,Chinese,Dinner,174,16.7,9.7,21.3,21.2,12.8,657,96,Steamed,3.3,1
1677,Few Stew,Italian,Breakfast,131,54.4,10.2,24.8,18.3,16.4,1369,79,Steamed,2.2,1
1275,Step Soup,American,Snack,350,9.2,112.5,12.7,9.7,13.3,1728,114,Roasted,1.4,1
764,Take Pasta,Indian,Breakfast,1081,5.9,9.1,56.0,12.0,28.8,1027,47,Boiled,3.8,0
1945,Candidate Soup,Chinese,Breakfast,516,54.1,54.5,18.5,18.2,7.4,2377,130,Steamed,2.3,1
769,Out Salad,Japanese,Dinner,926,59.1,127.4,42.6,2.5,26.1,766,123,Raw,4.1,0
460,Set Soup,Thai,Lunch,786,46.4,47.4,52.9,3.5,31.6,224,2,Roasted,1.7,0
751,Size Stew,Mediterranean,Snack,265,49.6,55.7,47.9,20.5,4.9,1531,218,Raw,3.2,0
215,Begin Curry,Indian,Lunch,301,10.5,140.1,12.7,23.0,0.1,1441,145,Steamed,4.0,1
505,Do Curry,Mexican,Lunch,1177,34.9,2.1,4.1,7.7,45.8,102,15,Roasted,3.4,0
49,After Sandwich,Italian,Breakfast,591,64.4,93.9,23.8,11.8,28.4,1042,160,Fried,3.5,0
104,Fast Rice,Mediterranean,Breakfast,272,63.4,121.8,23.3,17.3,28.7,146,242,Roasted,4.8,0
675,Wear Rice,American,Snack,376,51.0,136.0,4.9,4.4,8.1,1118,97,Baked,1.2,1
1342,Town Wrap,Thai,Breakfast,498,73.6,137.7,50.8,6.9,10.7,801,293,Baked,3.4,0
1124,Adult Salad,Japanese,Lunch,184,20.8,136.7,23.4,29.1,22.1,232,169,Boiled,1.4,0
1413,Late Stew,Japanese,Lunch,200,69.6,18.6,5.6,14.5,18.5,1310,251,Grilled,1.2,1
615,Chair Sandwich,Thai,Breakfast,1117,44.5,93.3,42.5,5.8,22.5,384,110,Baked,3.1,0
316,Sing Salad,Chinese,Lunch,711,42.7,84.4,14.7,19.0,14.7,159,120,Steamed,4.9,0
1801,Front Soup,American,Lunch,370,76.0,104.4,4.1,21.0,12.2,514,37,Roasted,3.6,1
1130,My Soup,Chinese,Dinner,174,16.7,9.7,21.3,21.2,12.8,657,96,Steamed,3.3,1
1285,Between Stew,Mexican,Lunch,1098,15.6,54.4,36.9,16.5,12.6,1816,12,Boiled,4.7,0
832,Keep Stew,American,Dinner,519,54.7,97.4,14.4,8.4,11.5,327,276,Raw,1.8,1
92,Attorney Salad,Chinese,Dinner,350,11.8,29.0,15.2,15.8,6.0,948,130,Baked,3.8,1
947,Before Soup,Italian,Breakfast,1124,44.5,130.5,49.8,24.4,13.8,851,26,Steamed,1.8,0
583,Billion Salad,Indian,Breakfast,255,23.9,80.4,6.6,25.5,27.7,406,275,Baked,4.9,0
453,Shoulder Salad,American,Lunch,662,72.7,85.0,23.2,27.6,19.6,2293,43,Grilled,4.3,1
459,Reduce Rice,Indian,Breakfast,504,16.6,68.7,15.8,26.5,17.8,1833,53,Boiled,2.4,1
1297,Kitchen Rice,Mexican,Dinner,133,49.0,130.7,38.9,27.5,39.2,899,70,Boiled,2.4,0
1478,Remember Pasta,Mediterranean,Lunch,225,73.2,118.2,12.8,12.4,6.7,983,286,Roasted,4.1,1
1312,Run Pasta,Mediterranean,Snack,188,5.8,20.3,22.6,12.6,6.9,1895,102,Steamed,4.9,1
897,Us Curry,Mediterranean,Snack,289,75.2,141.9,15.3,17.3,1.8,108,168,Grilled,4.5,1
1345,Process Soup,Indian,Breakfast,1024,78.6,106.3,46.2,4.3,39.8,867,57,Baked,4.1,0
1676,Economy Salad,Thai,Lunch,698,27.2,19.6,0.8,19.3,1.0,1700,293,Boiled,2.9,1
1913,Discussion Stew,American,Dinner,536,53.4,9.0,22.2,19.9,7.6,1310,181,Boiled,4.2,1
1601,Lay Sandwich,Mexican,Lunch,158,39.1,131.0,42.7,2.6,4.0,1196,282,Roasted,3.1,0
1318,Religious Soup,American,Breakfast,219,22.1,21.9,13.4,0.8,6.1,182,277,Steamed,2.5,1
1279,Benefit Sandwich,Thai,Lunch,299,58.6,19.6,13.1,20.3,17.2,183,205,Fried,2.2,1
1178,Major Curry,American,Snack,421,76.2,47.8,56.0,13.6,16.9,1698,265,Grilled,2.1,0
1036,Current Sandwich,Italian,Lunch,546,16.1,108.5,46.7,4.4,30.5,435,108,Baked,1.9,0
1797,Us Salad,Chinese,Breakfast,199,76.5,10.2,23.2,28.6,7.0,916,260,Fried,4.7,1
464,Article Pasta,Mexican,Snack,232,18.8,74.5,7.0,20.1,14.8,1433,116,Grilled,2.8,1
1478,Remember Pasta,Mediterranean,Lunch,225,73.2,118.2,12.8,12.4,6.7,983,286,Roasted,4.1,1
84,Inside Pasta,Chinese,Snack,312,68.1,95.0,4.0,19.0,8.0,2158,24,Roasted,1.7,1
977,Entire Soup,Japanese,Breakfast,337,6.0,138.3,3.0,15.2,48.0,478,207,Baked,1.7,0
585,Example Pasta,American,Breakfast,420,19.0,41.6,13.0,23.8,1.9,257,51,Raw,1.3,1
754,Nature Curry,Indian,Breakfast,755,10.0,19.9,24.8,8.5,20.7,576,249,Boiled,2.5,0
1566,Purpose Salad,Chinese,Dinner,224,72.0,88.3,2.3,10.6,2.8,241,247,Boiled,4.1,1
869,See Stew,American,Snack,404,37.8,75.2,15.4,25.9,42.2,258,269,Steamed,1.7,0
1163,Help Stew,Indian,Breakfast,648,29.3,108.6,23.5,8.2,3.0,2469,167,Boiled,2.1,1
1925,Despite Pasta,Mediterranean,Lunch,570,68.3,133.4,8.1,4.3,17.4,1763,195,Boiled,1.4,1
1354,Amount Curry,Mediterranean,Dinner,654,11.1,45.8,8.8,7.2,34.7,71,103,Steamed,2.8,0
1857,Small Rice,Thai,Dinner,657,58.4,88.0,6.8,28.8,11.6,261,52,Steamed,3.5,1
548,Near Sandwich,Chinese,Breakfast,346,55.7,57.6,9.3,18.4,2.3,1581,212,Roasted,2.6,1
1340,Development Soup,Italian,Dinner,406,44.0,115.5,8.2,5.5,14.6,1868,44,Baked,5.0,1
304,Carry Salad,Mediterranean,Breakfast,800,62.0,114.1,42.3,17.0,3.6,1935,217,Steamed,1.2,0
1488,Happen Soup,Mediterranean,Snack,545,12.6,96.3,9.8,17.1,16.0,233,146,Roasted,3.1,1
571,Former Pasta,Italian,Lunch,307,76.0,118.7,34.7,19.1,5.8,1448,16,Roasted,3.7,0
572,Read Pasta,Mexican,Snack,227,7.0,105.4,7.8,25.3,35.0,1182,227,Fried,2.3,0
1245,Wife Soup,Japanese,Snack,544,30.8,138.8,16.2,24.3,9.0,993,241,Baked,3.4,1
387,Until Rice,Indian,Dinner,324,58.0,47.3,58.3,6.9,43.6,1195,187,Baked,4.5,0
1281,Newspaper Wrap,Indian,Breakfast,177,10.2,57.9,0.1,16.0,4.5,933,289,Fried,1.1,1
1713,Kid Rice,Indian,Dinner,1127,58.5,72.3,0.4,24.4,46.8,889,95,Fried,4.3,0
729,Live Sandwich,Mexican,Breakfast,602,51.5,94.9,22.6,25.6,17.6,2438,219,Fried,2.3,1
1421,Turn Curry,Indian,Dinner,1093,76.0,138.9,6.0,17.8,39.6,2255,163,Steamed,2.7,0
714,Remain Curry,American,Dinner,291,7.3,102.3,57.0,19.6,39.2,853,136,Fried,1.5,0
1609,At Wrap,Italian,Snack,277,20.0,119.9,5.3,17.5,6.6,1270,240,Roasted,2.5,1
1280,Learn Rice,Italian,Snack,591,13.2,110.7,14.1,6.1,13.6,2213,0,Boiled,3.3,1
1857,Small Rice,Thai,Dinner,657,58.4,88.0,6.8,28.8,11.6,261,52,Steamed,3.5,1
487,Next Pasta,Indian,Lunch,471,30.4,68.1,11.8,28.5,13.8,1736,63,Fried,2.5,1
1117,Report Sandwich,Chinese,Dinner,116,32.6,139.0,1.8,15.0,0.8,2188,262,Baked,2.2,1
1602,Be Pasta,Mediterranean,Snack,232,79.0,31.3,4.3,27.2,10.5,326,206,Fried,1.9,1
1779,Share Wrap,Indian,Breakfast,746,19.0,33.7,13.8,19.1,28.2,1858,231,Fried,2.4,0
190,Pull Sandwich,Japanese,Lunch,331,31.6,43.5,46.8,2.5,8.0,1242,140,Boiled,1.8,0
1564,Although Salad,Mediterranean,Dinner,636,28.6,123.0,9.1,13.0,7.6,1995,197,Boiled,1.2,1
1057,Hold Pasta,Italian,Dinner,543,78.8,1.4,57.4,9.2,36.3,2275,245,Boiled,4.4,0
1039,Follow Wrap,Mediterranean,Lunch,539,68.8,9.1,12.7,14.9,36.8,176,152,Steamed,3.4,0
507,Country Salad,Chinese,Snack,836,57.6,120.7,54.0,18.3,4.8,131,71,Fried,1.1,0
1666,Really Wrap,Japanese,Dinner,981,69.0,58.4,21.5,0.5,43.8,601,164,Baked,1.3,0
365,Also Sandwich,Italian,Breakfast,241,29.6,16.6,40.8,13.5,27.7,2374,218,Steamed,4.2,0
1523,Apply Pasta,American,Breakfast,1029,57.4,136.6,1.7,3.4,46.6,1846,133,Roasted,1.8,0
459,Reduce Rice,Indian,Breakfast,504,16.6,68.7,15.8,26.5,17.8,1833,53,Boiled,2.4,1
405,Mother Rice,Mexican,Breakfast,552,73.8,113.1,27.9,28.4,4.9,1542,274,Boiled,4.5,0
269,Pull Sandwich,Mexican,Lunch,223,42.4,48.8,22.7,26.2,18.4,2171,62,Boiled,3.3,1
722,System Rice,Japanese,Lunch,698,79.2,25.6,13.5,0.5,12.3,178,214,Roasted,4.4,1
675,Wear Rice,American,Snack,376,51.0,136.0,4.9,4.4,8.1,1118,97,Baked,1.2,1
897,Us Curry,Mediterranean,Snack,289,75.2,141.9,15.3,17.3,1.8,108,168,Grilled,4.5,1
851,Staff Sandwich,Mediterranean,Lunch,515,41.1,2.5,41.1,27.3,17.8,2459,8,Fried,2.7,0
1695,Western Pasta,Thai,Breakfast,218,20.9,60.5,16.3,19.3,8.2,713,183,Roasted,4.1,1
215,Begin Curry,Indian,Lunch,301,10.5,140.1,12.7,23.0,0.1,1441,145,Steamed,4.0,1
722,System Rice,Japanese,Lunch,698,79.2,25.6,13.5,0.5,12.3,178,214,Roasted,4.4,1
544,Price Rice,Mexican,Breakfast,1115,45.0,15.2,37.8,14.8,42.5,1863,199,Steamed,4.7,0
1732,You Pasta,Japanese,Snack,319,56.6,43.3,16.4,26.9,14.5,1725,67,Grilled,3.7,1
477,Father Curry,Mediterranean,Breakfast,847,61.0,51.7,45.8,17.3,21.1,1443,0,Raw,3.7,0
403,Skill Rice,Mexican,Lunch,277,11.7,113.8,48.5,29.2,27.3,1854,194,Steamed,1.6,0
1823,Lawyer Rice,Indian,Dinner,1029,45.1,38.3,36.0,21.1,2.6,2272,272,Raw,1.4,0
309,Follow Sandwich,Italian,Snack,983,78.5,5.1,6.2,10.9,38.7,642,77,Fried,3.5,0
1237,At Sandwich,American,Lunch,533,51.3,1.5,11.1,0.3,10.3,1581,232,Raw,4.7,1
1961,Practice Curry,Indian,Lunch,473,49.5,94.6,9.9,16.5,17.8,772,279,Baked,3.9,1
1281,Newspaper Wrap,Indian,Breakfast,177,10.2,57.9,0.1,16.0,4.5,933,289,Fried,1.1,1
445,Read Stew,Mediterranean,Breakfast,1019,11.2,11.6,39.4,10.7,26.9,1900,245,Raw,1.3,0
1330,Know Curry,Indian,Snack,671,43.2,35.5,18.6,27.4,8.7,2231,31,Raw,1.9,1
649,Management Soup,Thai,Breakfast,423,6.2,144.1,12.4,28.7,18.3,2489,264,Baked,1.8,1
931,Investment Sandwich,Indian,Dinner,928,60.0,11.8,33.1,11.3,0.6,645,277,Boiled,3.8,0
1757,Try Rice,Chinese,Lunch,131,51.8,111.4,6.8,9.2,22.6,2004,221,Raw,3.2,0
308,Term Salad,Thai,Dinner,607,21.7,39.8,13.9,6.2,14.5,1880,224,Roasted,4.6,1
1973,Staff Curry,Mexican,Snack,916,34.4,61.5,8.0,9.2,4.1,728,59,Raw,1.1,0
1417,Simply Sandwich,American,Dinner,462,62.1,98.3,33.4,13.6,5.4,1003,38,Raw,1.5,0
1978,Evidence Wrap,Italian,Snack,324,7.1,141.9,0.8,22.4,4.1,1406,41,Roasted,2.8,1
1543,Reality Soup,Japanese,Snack,1184,33.8,106.6,35.8,14.0,11.9,1482,4,Raw,1.8,0
63,Why Curry,Indian,Lunch,213,69.9,115.1,18.5,23.2,7.4,1538,102,Fried,3.6,1
943,Alone Curry,Japanese,Lunch,203,67.8,102.4,3.1,17.7,47.2,2409,272,Boiled,4.9,0
1642,Section Pasta,Indian,Snack,942,17.1,94.5,37.9,19.7,19.6,1818,186,Fried,3.5,0
1940,Than Stew,Japanese,Breakfast,559,23.2,136.2,5.4,5.7,13.5,997,7,Raw,2.7,1
1038,Effort Wrap,Mediterranean,Snack,287,21.3,4.5,36.1,3.7,16.9,2295,173,Boiled,1.9,0
226,Early Pasta,Mediterranean,Breakfast,504,7.4,74.7,12.3,22.1,48.5,2189,122,Baked,3.9,0
1572,Too Salad,Thai,Breakfast,829,23.4,118.3,36.6,9.5,24.3,1517,119,Raw,3.1,0
1486,Call Rice,Japanese,Breakfast,950,79.4,14.7,5.2,9.7,9.1,2294,242,Raw,4.5,0
883,Assume Sandwich,Japanese,Snack,991,53.4,140.8,27.1,28.3,1.8,2061,26,Steamed,3.8,0
1307,Quickly Salad,Indian,Lunch,306,56.7,66.9,19.8,11.7,8.6,1416,116,Boiled,4.6,1
1650,Call Stew,Chinese,Snack,691,65.7,137.2,18.7,24.9,0.0,2424,134,Steamed,2.8,1
1414,Key Stew,Chinese,Breakfast,635,48.6,47.4,24.1,6.9,2.1,1088,38,Raw,2.0,1
260,Not Curry,American,Dinner,236,69.4,110.4,16.1,24.0,49.2,2242,227,Raw,2.2,0
1284,Nice Wrap,American,Lunch,260,5.8,99.4,32.6,3.5,3.8,2221,172,Fried,2.6,0
1840,Series Stew,Indian,Lunch,757,47.8,137.4,33.7,27.6,40.8,205,59,Roasted,2.4,0
1978,Evidence Wrap,Italian,Snack,324,7.1,141.9,0.8,22.4,4.1,1406,41,Roasted,2.8,1
1313,He Curry,Thai,Dinner,410,57.5,41.7,20.5,17.1,9.1,1998,114,Boiled,1.1,1
1082,Current Pasta,Italian,Snack,355,38.5,141.2,14.4,14.2,7.7,1712,261,Roasted,4.5,1
1964,Bit Soup,Thai,Snack,454,19.1,27.4,59.7,0.8,4.0,734,229,Raw,4.0,0
1693,Include Wrap,Mexican,Lunch,929,57.6,103.2,23.8,18.8,47.4,1975,128,Roasted,1.4,0
1281,Newspaper Wrap,Indian,Breakfast,177,10.2,57.9,0.1,16.0,4.5,933,289,Fried,1.1,1
1589,Will Rice,Chinese,Breakfast,375,26.3,142.9,11.7,25.8,15.2,1160,138,Steamed,3.8,1
1965,Your Pasta,American,Dinner,304,16.3,127.4,23.2,11.1,10.4,1065,219,Fried,4.5,1
124,Success Wrap,Indian,Lunch,602,76.0,92.8,59.0,14.4,32.3,2271,206,Roasted,4.9,0
1249,Crime Stew,Mexican,Breakfast,339,71.2,9.2,4.3,25.5,17.9,2396,250,Raw,4.1,1
1699,Walk Wrap,Mediterranean,Lunch,754,11.2,41.3,47.4,0.1,33.1,237,176,Roasted,4.2,0
1328,Page Rice,Thai,Dinner,331,9.3,38.6,15.7,1.3,7.3,238,170,Baked,1.9,1
22,Despite Rice,Italian,Snack,578,33.5,135.3,7.4,10.6,18.7,1156,110,Fried,3.7,1
1676,Economy Salad,Thai,Lunch,698,27.2,19.6,0.8,19.3,1.0,1700,293,Boiled,2.9,1
597,Seven Sandwich,Mediterranean,Lunch,384,51.4,81.4,1.6,25.3,1.4,2227,219,Boiled,1.8,1
1816,Save Wrap,Indian,Dinner,495,69.2,39.9,39.9,26.7,5.3,1024,83,Raw,4.1,0
1025,Establish Pasta,Indian,Dinner,185,39.4,5.7,14.8,28.9,1.9,578,236,Roasted,4.8,1
1609,At Wrap,Italian,Snack,277,20.0,119.9,5.3,17.5,6.6,1270,240,Roasted,2.5,1
1295,Much Rice,Indian,Dinner,999,19.6,117.6,4.7,0.8,23.7,1097,174,Fried,2.2,0
1658,Positive Wrap,Italian,Snack,665,7.9,98.3,14.8,18.8,48.7,582,223,Fried,1.4,0
1650,Call Stew,Chinese,Snack,691,65.7,137.2,18.7,24.9,0.0,2424,134,Steamed,2.8,1
1488,Happen Soup,Mediterranean,Snack,545,12.6,96.3,9.8,17.1,16.0,233,146,Roasted,3.1,1
119,Talk Salad,Japanese,Snack,431,26.1,8.6,4.1,1.1,12.8,1630,283,Baked,2.4,1
1952,Mean Wrap,Indian,Dinner,685,23.2,24.5,9.7,25.4,7.3,780,127,Boiled,2.6,1
1281,Newspaper Wrap,Indian,Breakfast,177,10.2,57.9,0.1,16.0,4.5,933,289,Fried,1.1,1
1170,Animal Pasta,Mexican,Dinner,328,60.2,40.9,2.7,9.9,5.3,799,136,Raw,3.6,1
1090,Mrs Soup,Chinese,Lunch,126,60.1,102.5,47.0,4.7,5.3,773,37,Fried,2.1,0
509,Now Wrap,American,Breakfast,152,45.7,109.6,16.8,19.3,37.2,1704,232,Raw,4.9,0
563,Sure Sandwich,Thai,Breakfast,120,24.5,74.4,10.6,2.6,7.4,1436,299,Steamed,4.5,1
563,Sure Sandwich,Thai,Breakfast,120,24.5,74.4,10.6,2.6,7.4,1436,299,Steamed,4.5,1
927,Arm Soup,American,Breakfast,469,29.3,128.1,6.6,25.6,9.8,441,5,Fried,1.9,1
76,Face Sandwich,Mexican,Snack,149,61.8,142.3,6.4,24.6,13.4,110,43,Raw,4.0,1
646,Buy Sandwich,Mediterranean,Lunch,649,78.9,96.6,3.2,11.2,13.5,1413,75,Roasted,4.2,1
1582,Language Pasta,Thai,Breakfast,1089,6.4,120.8,33.6,0.9,2.7,548,290,Raw,2.8,0
239,Forget Sandwich,American,Dinner,518,50.2,64.2,50.5,9.3,19.9,2156,92,Boiled,2.4,0
1137,Much Sandwich,Mediterranean,Breakfast,728,33.0,53.6,13.1,13.8,23.1,109,51,Roasted,2.1,0
1340,Development Soup,Italian,Dinner,406,44.0,115.5,8.2,5.5,14.6,1868,44,Baked,5.0,1
990,Bring Stew,Thai,Breakfast,197,52.0,96.2,11.9,25.4,33.8,2108,294,Boiled,1.2,0
1581,Maybe Salad,Mediterranean,Snack,967,16.8,96.1,22.8,18.3,30.8,392,175,Boiled,3.5,0
1536,Car Rice,American,Breakfast,1189,35.0,120.9,54.0,29.7,27.8,1450,142,Boiled,1.7,0
817,System Pasta,Mexican,Breakfast,952,68.0,51.8,23.9,6.4,42.7,483,164,Roasted,5.0,0
832,Keep Stew,American,Dinner,519,54.7,97.4,14.4,8.4,11.5,327,276,Raw,1.8,1
835,Strong Soup,Mediterranean,Dinner,249,14.5,22.6,17.9,24.5,0.1,2466,197,Fried,1.9,1
646,Buy Sandwich,Mediterranean,Lunch,649,78.9,96.6,3.2,11.2,13.5,1413,75,Roasted,4.2,1
557,Run Curry,Japanese,Dinner,449,15.9,27.7,25.4,11.3,41.5,1834,166,Boiled,3.5,0
656,Understand Wrap,Chinese,Dinner,1146,8.8,68.9,58.1,16.9,43.2,1269,186,Fried,1.2,0
1154,Real Pasta,Chinese,Lunch,125,68.3,105.9,10.0,16.4,9.8,329,73,Roasted,1.8,1
1076,Family Pasta,Mediterranean,Breakfast,822,63.7,45.9,46.1,16.8,36.5,587,206,Fried,2.8,0
570,Tell Rice,Chinese,Snack,282,31.5,99.7,7.4,11.5,2.8,2381,87,Fried,2.1,1
247,Method Stew,Chinese,Dinner,122,14.6,110.3,8.9,3.2,3.0,869,169,Roasted,4.1,1
567,Game Stew,Indian,Breakfast,1175,60.2,31.3,22.0,25.7,26.3,2065,142,Steamed,1.7,0
1369,Whole Curry,Mexican,Lunch,1155,14.0,116.1,41.6,0.7,42.4,597,149,Fried,2.1,0
846,Campaign Soup,Chinese,Dinner,565,72.8,6.6,53.0,27.1,35.7,472,149,Raw,1.4,0
646,Buy Sandwich,Mediterranean,Lunch,649,78.9,96.6,3.2,11.2,13.5,1413,75,Roasted,4.2,1
461,Again Salad,Mediterranean,Breakfast,621,37.4,145.5,32.0,16.7,45.2,274,154,Boiled,4.5,0
144,Almost Wrap,Japanese,Dinner,566,73.4,128.3,12.2,3.8,26.5,1109,134,Boiled,3.3,0
1906,Including Salad,American,Snack,715,67.6,6.5,15.0,6.6,42.6,165,259,Boiled,3.4,0
1315,Say Curry,Japanese,Dinner,533,64.5,109.9,58.1,17.8,38.5,2299,91,Fried,1.9,0
904,Eight Salad,Thai,Breakfast,1004,74.5,10.7,7.5,1.4,21.0,1504,247,Fried,2.5,0
117,Pull Stew,American,Lunch,124,17.3,69.2,16.5,24.4,24.2,1400,152,Baked,4.2,0
1275,Step Soup,American,Snack,350,9.2,112.5,12.7,9.7,13.3,1728,114,Roasted,1.4,1
76,Face Sandwich,Mexican,Snack,149,61.8,142.3,6.4,24.6,13.4,110,43,Raw,4.0,1
948,Against Sandwich,Chinese,Dinner,506,49.9,50.5,5.2,3.1,9.2,983,234,Fried,3.6,1
1997,Majority Sandwich,Mediterranean,Snack,177,79.5,24.4,12.9,27.1,13.6,1612,271,Roasted,1.5,1
1211,Return Wrap,Thai,Lunch,1103,73.4,90.4,3.3,17.6,43.1,434,203,Baked,2.2,0
1752,Total Soup,Mediterranean,Lunch,536,39.2,116.0,32.2,23.1,47.8,1456,275,Baked,4.2,0
791,International Sandwich,Italian,Snack,592,26.5,95.1,14.3,27.9,16.6,1528,224,Steamed,1.3,1
1413,Late Stew,Japanese,Lunch,200,69.6,18.6,5.6,14.5,18.5,1310,251,Grilled,1.2,1
84,Inside Pasta,Chinese,Snack,312,68.1,95.0,4.0,19.0,8.0,2158,24,Roasted,1.7,1
1608,Policy Soup,Thai,Snack,621,53.8,118.9,15.3,18.6,19.1,852,287,Boiled,1.8,1
866,Buy Pasta,Thai,Lunch,664,74.9,36.3,17.8,28.6,11.3,1528,286,Raw,2.3,1
548,Near Sandwich,Chinese,Breakfast,346,55.7,57.6,9.3,18.4,2.3,1581,212,Roasted,2.6,1
1077,Perform Soup,Japanese,Dinner,787,43.9,32.2,45.3,22.3,7.2,1935,39,Raw,1.3,0
501,For Wrap,Indian,Breakfast,857,51.4,92.4,26.1,10.4,13.1,443,197,Baked,1.9,0
839,Popular Salad,American,Snack,501,64.2,127.6,10.4,28.0,8.8,1099,90,Steamed,1.3,1
32,Ready Rice,Thai,Dinner,333,78.2,130.0,16.6,0.3,19.0,2416,167,Roasted,1.6,1
419,Third Pasta,American,Lunch,779,13.5,110.4,29.9,27.0,36.7,1834,17,Steamed,3.2,0
459,Reduce Rice,Indian,Breakfast,504,16.6,68.7,15.8,26.5,17.8,1833,53,Boiled,2.4,1
881,Left Wrap,Mexican,Lunch,391,7.6,121.0,6.4,17.9,2.7,2413,109,Boiled,2.4,1
832,Keep Stew,American,Dinner,519,54.7,97.4,14.4,8.4,11.5,327,276,Raw,1.8,1
1107,Find Stew,Mexican,Snack,1016,79.1,27.9,20.3,1.7,32.9,751,197,Boiled,3.6,0
52,Company Wrap,Indian,Dinner,153,76.0,79.0,23.3,24.0,8.5,1581,80,Raw,4.3,1
2000,List Pasta,Indian,Snack,341,51.5,77.7,0.1,8.2,9.0,398,91,Fried,1.9,1
727,Expert Curry,American,Dinner,820,43.9,126.6,5.2,14.7,46.9,426,109,Raw,2.7,0
1551,Certainly Pasta,Indian,Breakfast,537,38.6,137.0,42.9,20.7,46.0,824,1,Boiled,2.3,0
1477,Community Stew,Italian,Dinner,275,25.1,74.0,0.5,9.7,24.6,1827,126,Grilled,4.2,0
76,Face Sandwich,Mexican,Snack,149,61.8,142.3,6.4,24.6,13.4,110,43,Raw,4.0,1
1645,Style Sandwich,Chinese,Dinner,601,42.2,87.6,51.7,18.6,39.2,1123,214,Boiled,3.4,0
499,Boy Pasta,Chinese,Lunch,210,47.8,86.5,22.4,24.9,16.9,1633,45,Boiled,2.6,1
774,Wish Stew,Mexican,Breakfast,675,52.1,129.7,21.6,30.0,7.9,203,60,Grilled,3.8,1
32,Ready Rice,Thai,Dinner,333,78.2,130.0,16.6,0.3,19.0,2416,167,Roasted,1.6,1
927,Arm Soup,American,Breakfast,469,29.3,128.1,6.6,25.6,9.8,441,5,Fried,1.9,1
932,Reach Soup,Thai,Breakfast,995,12.5,36.7,18.3,5.5,33.2,734,157,Boiled,1.8,0
593,Determine Salad,American,Breakfast,1100,76.3,57.9,52.6,28.0,28.2,1414,164,Roasted,2.5,0
467,Occur Pasta,Japanese,Dinner,608,27.1,143.4,4.0,3.9,11.4,1841,86,Fried,2.4,1
1706,Goal Stew,Mediterranean,Snack,387,70.9,143.8,10.7,9.1,3.8,1498,175,Baked,2.8,1
1452,High Pasta,Thai,Lunch,1146,48.1,71.6,26.0,14.1,24.2,1617,106,Roasted,4.2,0
1325,It Wrap,Italian,Lunch,1038,18.5,11.4,5.2,28.9,30.8,601,105,Steamed,3.2,0
1210,Style Rice,Italian,Dinner,266,77.2,4.2,6.4,10.3,45.5,1329,159,Roasted,2.6,0
1237,At Sandwich,American,Lunch,533,51.3,1.5,11.1,0.3,10.3,1581,232,Raw,4.7,1
1619,Blood Curry,Mexican,Snack,1149,65.3,57.3,47.8,18.9,44.8,932,289,Fried,2.3,0
948,Against Sandwich,Chinese,Dinner,506,49.9,50.5,5.2,3.1,9.2,983,234,Fried,3.6,1
1459,Wish Rice,Italian,Snack,344,46.6,114.1,21.7,20.8,1.4,825,107,Baked,1.4,1
1469,Address Rice,Italian,Breakfast,469,55.2,60.4,18.4,2.3,8.1,342,92,Raw,4.0,1
398,Parent Salad,Japanese,Lunch,365,50.3,136.8,2.3,14.8,14.9,1258,212,Fried,2.2,1
1150,General Rice,Italian,Lunch,479,16.1,87.9,32.2,20.1,32.4,1404,84,Raw,1.6,0
1249,Crime Stew,Mexican,Breakfast,339,71.2,9.2,4.3,25.5,17.9,2396,250,Raw,4.1,1
968,Mind Stew,Thai,Dinner,237,37.1,3.8,6.6,2.7,19.0,1838,245,Boiled,1.5,1
658,Finally Stew,Chinese,Breakfast,641,74.9,27.2,14.6,21.4,4.8,1507,68,Roasted,2.5,1
1482,Remember Pasta,Mexican,Dinner,1082,61.9,81.9,14.9,12.9,23.1,1501,109,Boiled,4.7,0
266,Apply Salad,Mediterranean,Breakfast,659,60.5,80.6,7.3,24.9,44.4,1202,18,Fried,4.9,0
2000,List Pasta,Indian,Snack,341,51.5,77.7,0.1,8.2,9.0,398,91,Fried,1.9,1
1016,Time Sandwich,Mediterranean,Lunch,139,40.9,1.4,12.7,2.6,12.9,2208,193,Grilled,2.5,1
1244,Break Wrap,Mediterranean,Breakfast,278,49.3,130.2,43.6,15.0,12.9,286,246,Baked,4.1,0
91,Summer Stew,Japanese,Lunch,487,6.4,72.0,16.3,22.7,6.8,621,269,Steamed,1.6,1
1579,Side Salad,Indian,Lunch,328,41.8,99.7,9.2,25.6,4.8,80,62,Steamed,4.4,1
184,Reduce Soup,Chinese,Breakfast,685,30.5,140.4,59.0,28.5,18.4,1180,180,Roasted,4.2,0
1016,Time Sandwich,Mediterranean,Lunch,139,40.9,1.4,12.7,2.6,12.9,2208,193,Grilled,2.5,1
282,Everybody Soup,Indian,Breakfast,646,68.0,17.4,21.5,2.5,46.9,1439,67,Fried,4.0,0
1628,Skin Soup,Thai,Breakfast,450,28.3,120.7,28.9,11.8,28.1,1897,150,Steamed,1.8,0
1263,Pick Salad,Mexican,Breakfast,150,9.7,42.0,3.2,22.4,18.5,1849,47,Roasted,4.9,1
1789,Interview Soup,Mediterranean,Breakfast,177,60.8,30.3,23.3,1.4,37.5,1571,300,Boiled,4.7,0
1021,Decision Rice,Mediterranean,Snack,880,18.3,25.9,40.9,23.6,5.4,2499,278,Fried,4.2,0
1858,School Sandwich,Indian,Snack,886,44.5,13.9,41.8,26.9,33.8,769,292,Raw,2.2,0
1556,Before Rice,American,Breakfast,777,74.0,5.8,27.6,2.7,46.7,2412,56,Raw,4.0,0
1901,They Pasta,Mexican,Lunch,909,33.5,79.1,25.9,11.7,28.4,2291,4,Steamed,1.6,0
1629,Million Soup,Mediterranean,Snack,868,18.8,125.7,34.8,11.0,12.1,1543,13,Raw,3.3,0
927,Arm Soup,American,Breakfast,469,29.3,128.1,6.6,25.6,9.8,441,5,Fried,1.9,1
1249,Crime Stew,Mexican,Breakfast,339,71.2,9.2,4.3,25.5,17.9,2396,250,Raw,4.1,1
927,Arm Soup,American,Breakfast,469,29.3,128.1,6.6,25.6,9.8,441,5,Fried,1.9,1
1197,Wife Pasta,Japanese,Dinner,988,74.0,124.3,38.2,16.6,29.1,1630,292,Grilled,2.9,0
1170,Animal Pasta,Mexican,Dinner,328,60.2,40.9,2.7,9.9,5.3,799,136,Raw,3.6,1
1783,Born Pasta,American,Lunch,908,5.5,81.8,49.9,10.1,25.4,2332,297,Grilled,4.2,0
1304,Grow Pasta,Italian,Lunch,486,23.9,102.0,34.7,9.9,14.7,2007,1,Baked,4.3,0
652,Production Rice,Thai,Dinner,707,7.9,121.3,57.4,24.6,10.5,1984,175,Steamed,4.6,0
744,Operation Sandwich,Chinese,Breakfast,255,15.6,137.7,46.8,15.3,35.2,1594,180,Boiled,3.6,0
47,Change Wrap,Chinese,Lunch,583,15.6,58.4,44.8,3.0,3.9,661,152,Fried,4.3,0
1494,Feel Stew,Thai,Snack,181,54.0,95.4,58.1,10.4,41.8,1922,249,Boiled,2.2,0
308,Term Salad,Thai,Dinner,607,21.7,39.8,13.9,6.2,14.5,1880,224,Roasted,4.6,1
1654,Save Rice,Italian,Dinner,899,9.7,79.9,7.6,13.1,41.2,2229,210,Roasted,3.4,0
1787,Identify Curry,Chinese,Lunch,1144,8.2,78.2,10.7,13.2,2.9,466,54,Raw,4.8,0
273,Theory Rice,Mexican,Snack,239,77.6,51.1,58.1,0.4,34.5,1457,76,Baked,3.0,0
1233,Prevent Wrap,Chinese,Snack,323,58.1,21.6,0.9,5.4,38.4,651,219,Raw,3.4,0
1330,Know Curry,Indian,Snack,671,43.2,35.5,18.6,27.4,8.7,2231,31,Raw,1.9,1
1865,Among Curry,Indian,Breakfast,1125,62.2,41.6,1.0,22.0,28.5,1152,78,Baked,4.2,0
1830,Rule Soup,American,Breakfast,777,30.0,51.0,36.1,17.7,24.2,1060,202,Roasted,3.8,0
292,Drug Sandwich,Japanese,Snack,574,21.2,42.1,29.3,26.6,27.9,952,159,Roasted,1.3,0
1170,Animal Pasta,Mexican,Dinner,328,60.2,40.9,2.7,9.9,5.3,799,136,Raw,3.6,1
1170,Animal Pasta,Mexican,Dinner,328,60.2,40.9,2.7,9.9,5.3,799,136,Raw,3.6,1
1563,Base Rice,Japanese,Lunch,180,41.3,45.5,16.8,16.3,9.5,1560,203,Grilled,2.8,1
919,Response Rice,Thai,Lunch,150,27.6,63.2,29.7,10.2,9.0,970,21,Baked,1.1,0
1408,Likely Sandwich,Thai,Lunch,185,72.1,95.2,23.8,15.7,0.4,1608,40,Boiled,2.7,1
1833,Child Sandwich,Thai,Dinner,728,55.2,55.0,4.1,10.1,34.6,136,263,Grilled,3.3,0
1174,Two Rice,American,Breakfast,593,50.1,26.3,23.1,1.2,0.1,463,251,Raw,2.9,1
1420,Where Sandwich,Mexican,Breakfast,277,12.2,103.5,15.0,4.2,3.7,1151,236,Grilled,2.8,1
377,Worry Rice,Mexican,Breakfast,622,8.1,99.0,51.9,7.8,20.9,303,60,Roasted,1.3,0
36,Which Soup,Indian,Snack,249,79.5,91.2,11.3,29.4,3.5,2354,120,Boiled,2.5,1
824,Teach Soup,Mediterranean,Breakfast,748,60.1,59.8,48.9,29.2,37.0,1242,152,Boiled,1.0,0
1911,Defense Sandwich,Indian,Lunch,476,46.1,100.1,16.9,10.2,48.8,2293,67,Baked,4.1,0
526,Drug Rice,Indian,Dinner,832,47.3,44.0,40.0,5.0,43.2,2129,212,Raw,4.7,0
1751,Argue Pasta,Thai,Breakfast,481,43.2,9.7,36.0,26.0,41.7,1332,2,Boiled,4.4,0
1759,Hope Salad,Mediterranean,Snack,186,64.0,137.2,8.7,28.9,14.2,2293,299,Boiled,3.2,1
839,Popular Salad,American,Snack,501,64.2,127.6,10.4,28.0,8.8,1099,90,Steamed,1.3,1
862,Space Salad,Indian,Lunch,985,15.9,2.3,0.3,10.5,5.2,635,292,Grilled,3.5,0
63,Why Curry,Indian,Lunch,213,69.9,115.1,18.5,23.2,7.4,1538,102,Fried,3.6,1
1717,Nearly Wrap,Mediterranean,Dinner,868,27.5,87.6,4.9,5.4,16.0,768,265,Fried,3.2,0
1248,Year Pasta,Mediterranean,Lunch,494,50.4,32.6,12.1,29.7,2.3,699,162,Steamed,1.2,1
1676,Economy Salad,Thai,Lunch,698,27.2,19.6,0.8,19.3,1.0,1700,293,Boiled,2.9,1
1976,Financial Soup,Indian,Breakfast,626,30.8,111.8,2.8,24.7,46.0,101,124,Steamed,3.8,0
968,Mind Stew,Thai,Dinner,237,37.1,3.8,6.6,2.7,19.0,1838,245,Boiled,1.5,1
1857,Small Rice,Thai,Dinner,657,58.4,88.0,6.8,28.8,11.6,261,52,Steamed,3.5,1
1487,At Sandwich,Mexican,Breakfast,102,68.5,10.2,43.6,20.2,36.3,678,15,Grilled,1.6,0
598,Section Sandwich,Italian,Lunch,379,51.4,133.0,1.1,12.4,3.6,364,153,Raw,1.3,1
1692,Air Curry,Indian,Snack,515,78.7,49.7,5.5,2.0,16.0,642,222,Fried,2.1,1
269,Pull Sandwich,Mexican,Lunch,223,42.4,48.8,22.7,26.2,18.4,2171,62,Boiled,3.3,1
1404,High Soup,Thai,Breakfast,297,78.8,5.6,4.7,18.3,47.6,1159,79,Boiled,4.1,0
338,Develop Pasta,Italian,Lunch,261,45.8,81.9,8.2,3.4,16.1,1523,19,Roasted,4.1,1
1236,Once Rice,American,Breakfast,244,13.8,36.9,15.3,4.0,29.0,1521,196,Baked,3.8,0
689,Hot Stew,Mexican,Lunch,1137,54.3,28.8,29.9,18.0,8.1,1823,231,Baked,2.1,0
384,So Stew,Chinese,Lunch,814,61.5,51.9,47.9,24.5,1.8,2315,185,Fried,1.8,0
1697,Summer Rice,Chinese,Breakfast,707,31.3,81.4,48.7,24.9,47.0,1036,288,Steamed,2.8,0
897,Us Curry,Mediterranean,Snack,289,75.2,141.9,15.3,17.3,1.8,108,168,Grilled,4.5,1
1984,Once Rice,Chinese,Snack,534,67.3,6.7,15.4,25.2,34.1,484,278,Boiled,4.0,0
1074,Tv Wrap,American,Lunch,278,71.8,137.4,51.2,16.4,32.6,464,168,Boiled,4.8,0
658,Finally Stew,Chinese,Breakfast,641,74.9,27.2,14.6,21.4,4.8,1507,68,Roasted,2.5,1
290,Open Soup,American,Lunch,277,60.2,45.5,2.9,13.8,16.7,590,232,Boiled,3.0,1
1001,Where Stew,Mexican,Lunch,458,70.3,65.6,52.8,11.1,6.8,1262,73,Raw,3.5,0
1328,Page Rice,Thai,Dinner,331,9.3,38.6,15.7,1.3,7.3,238,170,Baked,1.9,1
695,Sense Salad,Japanese,Lunch,382,64.7,116.0,15.3,9.2,33.0,623,16,Steamed,5.0,0
1607,Under Sandwich,Thai,Breakfast,207,78.0,75.3,2.4,2.6,46.3,1173,147,Fried,3.9,0
489,Top Salad,Chinese,Breakfast,340,21.5,58.9,14.3,10.1,46.8,716,97,Boiled,2.5,0
680,Sound Curry,American,Dinner,282,65.4,148.3,52.7,23.7,30.0,2116,215,Boiled,4.8,0
1991,As Soup,Italian,Lunch,818,30.2,78.1,35.7,6.8,30.6,2082,55,Roasted,1.3,0
1745,Nothing Soup,Chinese,Lunch,324,21.0,19.9,23.4,10.9,24.8,621,59,Raw,1.4,0
897,Us Curry,Mediterranean,Snack,289,75.2,141.9,15.3,17.3,1.8,108,168,Grilled,4.5,1
192,Add Wrap,Indian,Breakfast,444,45.0,29.1,17.7,28.3,10.5,103,37,Roasted,1.6,1
1385,Only Soup,Mediterranean,Breakfast,606,20.2,120.7,11.9,21.2,12.8,1598,11,Raw,3.6,1
1813,From Wrap,Mediterranean,Snack,776,29.8,116.5,51.5,28.5,0.4,99,121,Steamed,2.9,0
1650,Call Stew,Chinese,Snack,691,65.7,137.2,18.7,24.9,0.0,2424,134,Steamed,2.8,1
619,Avoid Pasta,Indian,Snack,203,18.6,63.2,24.0,20.3,3.5,483,250,Baked,3.1,1
390,Top Wrap,American,Dinner,1055,11.4,109.9,4.8,29.6,47.9,783,4,Boiled,2.2,0
1364,Point Rice,Mexican,Dinner,881,79.4,112.9,7.4,27.5,43.0,438,139,Grilled,2.1,0
676,Southern Salad,Mexican,Dinner,768,28.0,30.7,57.7,29.2,26.9,1049,186,Roasted,1.7,0
1522,Rise Sandwich,Chinese,Dinner,215,8.2,95.1,39.8,23.7,12.6,126,118,Steamed,4.0,0
1706,Goal Stew,Mediterranean,Snack,387,70.9,143.8,10.7,9.1,3.8,1498,175,Baked,2.8,1
186,Give Pasta,Mediterranean,Snack,672,25.2,126.3,2.3,5.5,1.4,821,163,Steamed,2.2,1
290,Open Soup,American,Lunch,277,60.2,45.5,2.9,13.8,16.7,590,232,Boiled,3.0,1
1940,Than Stew,Japanese,Breakfast,559,23.2,136.2,5.4,5.7,13.5,997,7,Raw,2.7,1
36,Which Soup,Indian,Snack,249,79.5,91.2,11.3,29.4,3.5,2354,120,Boiled,2.5,1
67,Institution Curry,Italian,Dinner,259,62.2,29.1,16.7,1.9,46.9,1245,90,Baked,2.2,0
1265,Trip Salad,Chinese,Breakfast,531,52.6,74.1,4.3,27.2,2.8,648,102,Roasted,4.4,1
269,Pull Sandwich,Mexican,Lunch,223,42.4,48.8,22.7,26.2,18.4,2171,62,Boiled,3.3,1
1695,Western Pasta,Thai,Breakfast,218,20.9,60.5,16.3,19.3,8.2,713,183,Roasted,4.1,1
1386,Subject Wrap,American,Snack,177,60.7,80.6,58.1,10.4,37.9,1806,220,Boiled,1.0,0
1804,Drug Curry,Italian,Dinner,680,18.3,4.5,10.7,5.4,12.0,1137,20,Baked,3.2,1
122,Any Rice,Japanese,Breakfast,446,60.5,12.1,1.1,27.2,19.8,1482,228,Boiled,1.0,1
1280,Learn Rice,Italian,Snack,591,13.2,110.7,14.1,6.1,13.6,2213,0,Boiled,3.3,1
1589,Will Rice,Chinese,Breakfast,375,26.3,142.9,11.7,25.8,15.2,1160,138,Steamed,3.8,1
1912,Particular Curry,Mediterranean,Lunch,636,52.3,146.2,58.5,9.1,24.8,728,0,Baked,1.4,0
1915,Forward Soup,Thai,Breakfast,891,9.2,29.4,24.6,3.3,11.0,1986,263,Fried,1.0,0
748,Develop Sandwich,Indian,Snack,332,69.9,7.5,10.3,26.5,15.4,2265,31,Baked,3.7,1
614,Left Curry,Italian,Breakfast,159,17.9,129.4,49.0,14.0,17.6,739,239,Raw,1.2,0
777,Glass Pasta,Japanese,Lunch,1167,37.6,73.3,5.1,4.5,11.9,867,133,Boiled,1.9,0
1174,Two Rice,American,Breakfast,593,50.1,26.3,23.1,1.2,0.1,463,251,Raw,2.9,1
465,Or Soup,Chinese,Breakfast,874,44.6,80.3,34.8,21.2,42.0,1904,225,Raw,2.3,0
1200,Guess Sandwich,Mexican,Dinner,919,8.3,135.5,48.2,22.0,3.1,1744,171,Roasted,2.1,0
710,Congress Wrap,American,Snack,176,30.6,44.4,58.0,1.2,32.4,1566,17,Baked,2.9,0
83,Together Stew,Mexican,Breakfast,1086,62.3,87.5,57.6,10.6,18.7,1729,10,Baked,4.9,0
1264,Account Pasta,Indian,Snack,551,51.8,0.4,6.7,12.7,6.3,2053,46,Grilled,2.8,1
1715,Move Curry,Japanese,Snack,292,65.1,146.7,8.0,0.1,4.7,1034,131,Grilled,1.1,1
1586,They Salad,American,Snack,1035,42.7,43.7,36.2,8.4,13.7,2019,191,Raw,2.6,0
1101,Impact Stew,Chinese,Lunch,417,54.9,91.7,11.7,14.1,23.6,1575,299,Baked,2.6,0
683,World Wrap,Japanese,Dinner,337,74.1,121.2,17.2,23.2,44.1,930,195,Raw,3.8,0
1517,Smile Wrap,Mexican,Dinner,899,20.1,59.7,37.9,12.4,28.7,1107,40,Steamed,4.0,0
1340,Development Soup,Italian,Dinner,406,44.0,115.5,8.2,5.5,14.6,1868,44,Baked,5.0,1
607,Country Soup,Thai,Lunch,484,62.9,147.6,27.2,28.4,10.0,447,287,Fried,4.4,0
1497,Receive Rice,Indian,Snack,494,59.4,99.4,15.8,4.1,19.6,415,231,Baked,4.7,1
1743,Guy Pasta,American,Breakfast,611,12.3,67.7,51.7,22.8,4.8,486,255,Boiled,1.1,0
464,Article Pasta,Mexican,Snack,232,18.8,74.5,7.0,20.1,14.8,1433,116,Grilled,2.8,1
1279,Benefit Sandwich,Thai,Lunch,299,58.6,19.6,13.1,20.3,17.2,183,205,Fried,2.2,1
1148,Believe Soup,American,Breakfast,233,75.9,123.7,8.1,0.1,8.8,982,270,Roasted,3.5,1
1094,Arrive Salad,Chinese,Breakfast,817,21.3,82.8,27.2,10.1,42.3,766,121,Raw,1.9,0
1993,Country Stew,Mexican,Snack,472,57.2,64.5,31.1,22.6,29.7,216,102,Raw,1.3,0
1913,Discussion Stew,American,Dinner,536,53.4,9.0,22.2,19.9,7.6,1310,181,Boiled,4.2,1
1892,Dream Salad,Italian,Breakfast,702,41.7,81.6,11.3,8.2,2.3,2216,122,Roasted,4.5,0
1782,Face Pasta,Italian,Lunch,370,7.4,34.9,5.1,29.0,16.0,2309,269,Raw,1.1,1
618,Town Wrap,Italian,Lunch,226,77.2,69.6,18.9,6.2,16.6,422,44,Steamed,3.8,1
247,Method Stew,Chinese,Dinner,122,14.6,110.3,8.9,3.2,3.0,869,169,Roasted,4.1,1
1677,Few Stew,Italian,Breakfast,131,54.4,10.2,24.8,18.3,16.4,1369,79,Steamed,2.2,1
1279,Benefit Sandwich,Thai,Lunch,299,58.6,19.6,13.1,20.3,17.2,183,205,Fried,2.2,1
483,Give Pasta,Japanese,Dinner,1197,49.1,135.8,3.1,25.2,1.3,1696,120,Fried,4.2,0
556,Pm Stew,Mediterranean,Snack,152,44.3,9.2,46.3,1.9,40.2,790,91,Raw,2.9,0
1208,Current Stew,Mexican,Lunch,1154,59.5,25.1,24.3,13.6,32.4,954,219,Fried,2.1,0
647,Turn Curry,Thai,Lunch,921,23.8,95.6,4.5,8.2,25.6,258,274,Roasted,3.1,0
1263,Pick Salad,Mexican,Breakfast,150,9.7,42.0,3.2,22.4,18.5,1849,47,Roasted,4.9,1
712,Democrat Stew,Indian,Lunch,447,71.3,94.2,41.8,11.6,44.3,1593,201,Fried,2.6,0
1564,Although Salad,Mediterranean,Dinner,636,28.6,123.0,9.1,13.0,7.6,1995,197,Boiled,1.2,1
1576,Well Stew,Thai,Dinner,565,50.9,78.3,8.9,9.9,5.2,805,231,Raw,2.6,1
1408,Likely Sandwich,Thai,Lunch,185,72.1,95.2,23.8,15.7,0.4,1608,40,Boiled,2.7,1
1923,Politics Salad,Mexican,Snack,795,42.6,37.0,37.7,24.9,1.7,327,140,Roasted,2.0,0
1949,Choice Sandwich,American,Breakfast,927,30.7,29.1,54.0,1.3,29.6,2447,76,Roasted,3.9,0
725,For Soup,Mediterranean,Breakfast,1100,46.7,135.6,18.9,23.8,4.0,396,55,Boiled,2.5,0
693,Person Wrap,Chinese,Lunch,125,28.1,102.8,27.6,1.1,16.1,2303,52,Roasted,3.8,0
1280,Learn Rice,Italian,Snack,591,13.2,110.7,14.1,6.1,13.6,2213,0,Boiled,3.3,1
1381,Four Pasta,Japanese,Breakfast,759,78.0,43.8,54.7,5.3,3.0,1356,7,Baked,2.2,0
1597,Coach Pasta,American,Dinner,158,26.9,121.6,11.2,12.8,20.9,441,22,Raw,3.3,0
528,Standard Wrap,Mediterranean,Snack,1118,59.8,135.5,49.7,15.7,7.4,757,111,Fried,3.6,0
221,Start Wrap,Thai,Dinner,151,13.3,94.9,1.1,16.7,18.9,1902,202,Raw,1.3,1
1829,Number Wrap,Chinese,Breakfast,207,36.8,10.0,8.2,6.2,4.6,1832,182,Fried,4.0,1
1784,We Salad,Japanese,Breakfast,950,67.3,29.5,2.9,23.2,2.0,622,188,Fried,1.3,0
1706,Goal Stew,Mediterranean,Snack,387,70.9,143.8,10.7,9.1,3.8,1498,175,Baked,2.8,1
1264,Account Pasta,Indian,Snack,551,51.8,0.4,6.7,12.7,6.3,2053,46,Grilled,2.8,1
122,Any Rice,Japanese,Breakfast,446,60.5,12.1,1.1,27.2,19.8,1482,228,Boiled,1.0,1
944,Far Soup,Mexican,Lunch,834,70.2,49.5,43.1,7.8,40.2,1039,183,Grilled,4.5,0
1357,Direction Sandwich,Mexican,Lunch,875,73.4,4.3,28.8,16.7,2.4,1910,47,Baked,2.1,0
1319,Too Rice,Chinese,Lunch,763,12.4,21.4,29.8,22.5,29.2,1184,246,Raw,4.5,0
570,Tell Rice,Chinese,Snack,282,31.5,99.7,7.4,11.5,2.8,2381,87,Fried,2.1,1
580,Without Pasta,Thai,Breakfast,885,8.5,122.0,58.5,10.9,46.8,1500,286,Baked,2.5,0
1478,Remember Pasta,Mediterranean,Lunch,225,73.2,118.2,12.8,12.4,6.7,983,286,Roasted,4.1,1
57,Let Rice,American,Lunch,795,5.7,107.1,59.7,10.1,13.3,871,269,Fried,3.7,0
718,Perhaps Wrap,American,Dinner,398,7.5,6.8,2.8,29.4,10.5,2328,25,Raw,2.4,1
946,Economy Pasta,Mexican,Lunch,1098,50.4,122.7,0.8,3.7,17.6,2324,64,Baked,2.1,0
1997,Majority Sandwich,Mediterranean,Snack,177,79.5,24.4,12.9,27.1,13.6,1612,271,Roasted,1.5,1
1179,Attack Stew,Italian,Dinner,1064,15.6,58.6,5.9,14.3,36.2,95,55,Boiled,3.8,0
793,Again Salad,Chinese,Lunch,233,55.7,127.2,48.9,16.0,24.9,2080,255,Raw,2.4,0
1940,Than Stew,Japanese,Breakfast,559,23.2,136.2,5.4,5.7,13.5,997,7,Raw,2.7,1
6,Arm Stew,Italian,Dinner,484,55.3,130.3,0.1,29.7,1.6,411,162,Steamed,1.6,1
1609,At Wrap,Italian,Snack,277,20.0,119.9,5.3,17.5,6.6,1270,240,Roasted,2.5,1
628,Believe Wrap,Indian,Breakfast,150,42.1,65.1,0.5,10.9,15.9,89,232,Boiled,3.3,1
76,Face Sandwich,Mexican,Snack,149,61.8,142.3,6.4,24.6,13.4,110,43,Raw,4.0,1
597,Seven Sandwich,Mediterranean,Lunch,384,51.4,81.4,1.6,25.3,1.4,2227,219,Boiled,1.8,1
618,Town Wrap,Italian,Lunch,226,77.2,69.6,18.9,6.2,16.6,422,44,Steamed,3.8,1
548,Near Sandwich,Chinese,Breakfast,346,55.7,57.6,9.3,18.4,2.3,1581,212,Roasted,2.6,1
1722,Ball Wrap,Mediterranean,Dinner,605,22.7,130.8,2.3,21.8,30.9,1245,138,Baked,4.6,0
1309,My Sandwich,Italian,Snack,210,54.9,93.2,18.5,7.6,6.4,1939,122,Roasted,2.1,1
548,Near Sandwich,Chinese,Breakfast,346,55.7,57.6,9.3,18.4,2.3,1581,212,Roasted,2.6,1
92,Attorney Salad,Chinese,Dinner,350,11.8,29.0,15.2,15.8,6.0,948,130,Baked,3.8,1
604,Night Wrap,Italian,Lunch,138,21.2,44.8,22.3,20.6,9.7,2271,102,Fried,1.5,1
778,Itself Salad,Japanese,Lunch,395,63.6,114.0,0.8,7.3,4.0,247,28,Grilled,4.2,1
628,Believe Wrap,Indian,Breakfast,150,42.1,65.1,0.5,10.9,15.9,89,232,Boiled,3.3,1
269,Pull Sandwich,Mexican,Lunch,223,42.4,48.8,22.7,26.2,18.4,2171,62,Boiled,3.3,1
1530,South Curry,Italian,Snack,716,55.3,105.0,49.9,20.1,12.2,1916,190,Steamed,3.9,0
1544,Effort Wrap,Mexican,Lunch,283,70.5,141.6,53.6,19.0,5.0,2297,160,Roasted,3.9,0
1324,Nothing Rice,Indian,Snack,278,67.1,146.2,17.0,8.5,34.8,1805,287,Baked,1.9,0
1299,Stuff Rice,Thai,Snack,280,8.0,112.3,15.9,13.9,7.9,1943,161,Raw,1.6,1
666,Plant Wrap,Mediterranean,Snack,154,15.9,32.1,4.2,11.4,15.4,1032,232,Grilled,2.0,1
813,Offer Sandwich,Thai,Breakfast,465,26.5,61.2,18.0,4.8,17.4,396,67,Grilled,2.3,1
1318,Religious Soup,American,Breakfast,219,22.1,21.9,13.4,0.8,6.1,182,277,Steamed,2.5,1
333,Themselves Sandwich,Mediterranean,Lunch,1137,32.1,32.9,2.3,11.6,41.0,2079,2,Raw,1.3,0
1952,Mean Wrap,Indian,Dinner,685,23.2,24.5,9.7,25.4,7.3,780,127,Boiled,2.6,1
1397,Letter Soup,Chinese,Dinner,276,42.7,58.8,37.0,14.3,34.9,1759,269,Fried,3.3,0
1946,Up Wrap,Japanese,Lunch,969,21.5,81.4,10.4,23.8,24.4,1979,297,Grilled,4.2,0
1052,Mention Salad,Italian,Breakfast,615,18.9,108.3,57.7,13.5,15.2,1082,133,Steamed,3.3,0
1929,Learn Wrap,Indian,Snack,575,34.0,92.9,3.5,23.2,21.4,1614,276,Roasted,4.5,0
1971,Standard Curry,Japanese,Breakfast,961,36.8,82.6,48.8,11.3,37.3,2182,230,Roasted,1.0,0
1776,Common Stew,American,Breakfast,261,30.6,122.2,56.0,28.1,44.7,1006,251,Baked,2.5,0
619,Avoid Pasta,Indian,Snack,203,18.6,63.2,24.0,20.3,3.5,483,250,Baked,3.1,1
1518,Force Salad,Japanese,Breakfast,267,58.6,119.8,25.1,23.8,3.6,804,49,Boiled,3.9,0
1423,Role Pasta,Indian,Snack,1069,66.0,71.7,7.0,20.6,42.0,2388,23,Roasted,2.4,0
386,Next Rice,Thai,Snack,262,40.7,122.6,2.8,23.1,48.4,1183,140,Grilled,3.2,0
1512,Ok Wrap,American,Dinner,1117,78.3,46.5,20.9,19.1,35.9,1618,109,Boiled,1.1,0
628,Believe Wrap,Indian,Breakfast,150,42.1,65.1,0.5,10.9,15.9,89,232,Boiled,3.3,1
706,Society Rice,Thai,Breakfast,850,12.5,71.8,11.4,4.2,11.3,2256,72,Roasted,2.6,0
1318,Religious Soup,American,Breakfast,219,22.1,21.9,13.4,0.8,6.1,182,277,Steamed,2.5,1
520,Way Sandwich,Thai,Dinner,138,59.0,73.6,14.0,13.4,9.1,1036,297,Raw,1.2,1
736,Else Stew,Thai,Dinner,123,76.9,29.0,12.2,26.2,21.0,1450,203,Fried,3.2,0
1602,Be Pasta,Mediterranean,Snack,232,79.0,31.3,4.3,27.2,10.5,326,206,Fried,1.9,1
7,Item Rice,Thai,Snack,114,60.9,6.7,6.7,23.4,8.3,1107,60,Roasted,2.8,1
1170,Animal Pasta,Mexican,Dinner,328,60.2,40.9,2.7,9.9,5.3,799,136,Raw,3.6,1
1674,Center Stew,Mexican,Snack,721,7.7,36.8,43.2,9.7,15.1,132,291,Boiled,1.2,0
1302,Defense Wrap,Indian,Lunch,873,46.1,143.9,31.2,17.3,28.8,659,145,Baked,2.5,0
1103,Film Rice,Japanese,Snack,540,37.1,139.0,2.7,6.6,5.4,1490,102,Baked,4.9,1
247,Method Stew,Chinese,Dinner,122,14.6,110.3,8.9,3.2,3.0,869,169,Roasted,4.1,1
790,Network Curry,Mexican,Breakfast,322,23.4,80.4,24.5,3.1,17.3,2002,86,Fried,1.4,1
1608,Policy Soup,Thai,Snack,621,53.8,118.9,15.3,18.6,19.1,852,287,Boiled,1.8,1
1082,Current Pasta,Italian,Snack,355,38.5,141.2,14.4,14.2,7.7,1712,261,Roasted,4.5,1
1501,Safe Rice,Mexican,Dinner,372,62.9,27.0,51.2,8.0,0.4,1317,48,Boiled,4.9,0
865,Who Curry,Italian,Snack,205,52.8,124.8,40.5,21.8,10.5,1535,277,Raw,4.0,0
1925,Despite Pasta,Mediterranean,Lunch,570,68.3,133.4,8.1,4.3,17.4,1763,195,Boiled,1.4,1
161,Medical Stew,Chinese,Breakfast,268,23.4,111.0,27.1,0.4,6.7,2303,84,Baked,1.7,0
868,Center Soup,Italian,Snack,255,37.3,111.1,34.3,10.6,19.9,1327,25,Fried,2.8,0
360,Agent Stew,American,Snack,101,72.8,24.0,48.0,20.6,46.6,1006,57,Boiled,1.1,0
1313,He Curry,Thai,Dinner,410,57.5,41.7,20.5,17.1,9.1,1998,114,Boiled,1.1,1
786,Fish Sandwich,Japanese,Lunch,793,16.2,71.1,20.1,19.4,18.6,1418,233,Baked,3.6,0
97,Appear Stew,Mediterranean,Breakfast,172,43.0,110.6,0.5,24.1,13.2,354,185,Boiled,2.0,1
1651,Record Pasta,American,Lunch,479,25.5,43.3,15.8,5.4,15.3,1151,109,Raw,4.0,1
1965,Your Pasta,American,Dinner,304,16.3,127.4,23.2,11.1,10.4,1065,219,Fried,4.5,1
1904,Agree Salad,American,Snack,1110,22.1,14.8,28.9,22.8,44.6,893,234,Raw,3.7,0
6,Arm Stew,Italian,Dinner,484,55.3,130.3,0.1,29.7,1.6,411,162,Steamed,1.6,1
1804,Drug Curry,Italian,Dinner,680,18.3,4.5,10.7,5.4,12.0,1137,20,Baked,3.2,1
681,Wall Salad,Mediterranean,Lunch,294,11.8,12.9,52.4,8.0,34.5,1560,185,Fried,4.5,0
444,Skill Soup,Thai,Breakfast,954,32.7,88.0,47.1,15.7,27.0,1433,71,Baked,2.1,0
1762,Reason Curry,Mediterranean,Lunch,634,53.5,9.9,19.9,16.9,6.8,772,188,Fried,2.0,1
1869,Open Pasta,Italian,Breakfast,1156,19.8,143.9,48.2,16.9,29.0,189,72,Baked,1.9,0
1742,We Soup,Thai,Breakfast,602,73.2,28.2,17.4,24.9,43.0,2216,9,Raw,4.3,0
1854,Full Curry,Chinese,Breakfast,627,20.5,19.5,50.4,10.6,47.3,817,66,Roasted,1.7,0
55,Economic Curry,Mexican,Snack,275,46.1,23.0,4.1,23.0,4.9,1179,249,Baked,1.1,1
543,Probably Rice,Chinese,Dinner,883,19.4,48.9,6.4,25.4,27.0,2359,243,Raw,2.0,0
1279,Benefit Sandwich,Thai,Lunch,299,58.6,19.6,13.1,20.3,17.2,183,205,Fried,2.2,1
379,Line Curry,Mexican,Snack,908,59.3,19.2,17.9,4.2,22.8,512,242,Roasted,2.5,0
1281,Newspaper Wrap,Indian,Breakfast,177,10.2,57.9,0.1,16.0,4.5,933,289,Fried,1.1,1
63,Why Curry,Indian,Lunch,213,69.9,115.1,18.5,23.2,7.4,1538,102,Fried,3.6,1
861,Current Sandwich,Japanese,Lunch,1027,72.5,29.3,37.2,27.0,12.5,700,300,Boiled,1.9,0
1462,Discussion Salad,Japanese,Lunch,726,68.3,65.7,25.0,4.2,39.5,2271,164,Steamed,2.3,0
1318,Religious Soup,American,Breakfast,219,22.1,21.9,13.4,0.8,6.1,182,277,Steamed,2.5,1
1961,Practice Curry,Indian,Lunch,473,49.5,94.6,9.9,16.5,17.8,772,279,Baked,3.9,1
340,Production Pasta,Italian,Snack,119,63.9,133.3,37.9,15.7,16.9,1658,11,Raw,3.2,0
548,Near Sandwich,Chinese,Breakfast,346,55.7,57.6,9.3,18.4,2.3,1581,212,Roasted,2.6,1
1782,Face Pasta,Italian,Lunch,370,7.4,34.9,5.1,29.0,16.0,2309,269,Raw,1.1,1
730,Single Soup,Indian,Breakfast,914,69.9,12.8,39.8,3.0,45.4,1712,56,Baked,2.6,0
1300,Benefit Curry,Indian,Lunch,655,62.3,118.7,8.8,12.5,32.5,1241,192,Steamed,4.9,0
1376,Water Salad,Mediterranean,Lunch,715,62.2,7.7,20.9,11.3,16.2,2271,247,Roasted,1.8,0
649,Management Soup,Thai,Breakfast,423,6.2,144.1,12.4,28.7,18.3,2489,264,Baked,1.8,1
897,Us Curry,Mediterranean,Snack,289,75.2,141.9,15.3,17.3,1.8,108,168,Grilled,4.5,1
893,Idea Pasta,Mexican,Snack,296,53.7,136.1,5.0,3.2,17.9,119,95,Grilled,1.9,1
1296,Process Wrap,Thai,Snack,106,24.5,18.3,1.7,10.3,0.8,526,178,Fried,4.0,1
1608,Policy Soup,Thai,Snack,621,53.8,118.9,15.3,18.6,19.1,852,287,Boiled,1.8,1
100,Western Wrap,Italian,Lunch,1157,69.9,48.0,8.4,17.2,3.8,445,122,Baked,3.5,0
520,Way Sandwich,Thai,Dinner,138,59.0,73.6,14.0,13.4,9.1,1036,297,Raw,1.2,1
1035,Choice Pasta,Mediterranean,Snack,916,15.4,108.9,48.5,7.1,39.3,579,87,Boiled,4.5,0
1056,Daughter Salad,Mediterranean,Breakfast,282,53.3,105.4,57.4,25.5,42.9,1053,240,Roasted,1.3,0
928,Art Rice,Japanese,Snack,830,65.0,76.1,25.4,18.9,35.4,1188,26,Boiled,3.8,0
499,Boy Pasta,Chinese,Lunch,210,47.8,86.5,22.4,24.9,16.9,1633,45,Boiled,2.6,1
36,Which Soup,Indian,Snack,249,79.5,91.2,11.3,29.4,3.5,2354,120,Boiled,2.5,1
1330,Know Curry,Indian,Snack,671,43.2,35.5,18.6,27.4,8.7,2231,31,Raw,1.9,1
1414,Key Stew,Chinese,Breakfast,635,48.6,47.4,24.1,6.9,2.1,1088,38,Raw,2.0,1
330,Party Sandwich,Italian,Breakfast,402,53.5,144.2,0.8,24.3,1.2,2308,213,Roasted,4.8,1
325,Size Stew,Italian,Dinner,896,56.1,56.7,39.8,5.6,6.5,1391,286,Grilled,3.9,0
310,Drug Soup,Japanese,Lunch,614,59.8,36.9,13.3,14.8,12.7,2233,54,Steamed,3.8,1
1025,Establish Pasta,Indian,Dinner,185,39.4,5.7,14.8,28.9,1.9,578,236,Roasted,4.8,1
1589,Will Rice,Chinese,Breakfast,375,26.3,142.9,11.7,25.8,15.2,1160,138,Steamed,3.8,1
221,Start Wrap,Thai,Dinner,151,13.3,94.9,1.1,16.7,18.9,1902,202,Raw,1.3,1
664,Week Rice,Chinese,Snack,710,49.5,41.4,39.5,20.0,42.4,604,266,Baked,4.8,0
1174,Two Rice,American,Breakfast,593,50.1,26.3,23.1,1.2,0.1,463,251,Raw,2.9,1
1006,Lay Salad,Mexican,Lunch,374,61.5,78.5,11.1,24.1,28.7,337,8,Grilled,2.4,0
1677,Few Stew,Italian,Breakfast,131,54.4,10.2,24.8,18.3,16.4,1369,79,Steamed,2.2,1
97,Appear Stew,Mediterranean,Breakfast,172,43.0,110.6,0.5,24.1,13.2,354,185,Boiled,2.0,1
1206,Cultural Wrap,Mediterranean,Breakfast,276,65.0,38.8,38.1,17.4,32.0,816,91,Roasted,1.1,0
1195,Prove Stew,Indian,Snack,1014,18.9,4.2,5.0,26.3,30.0,1750,242,Grilled,4.9,0
729,Live Sandwich,Mexican,Breakfast,602,51.5,94.9,22.6,25.6,17.6,2438,219,Fried,2.3,1
88,Enough Soup,Thai,Lunch,433,65.9,104.9,23.4,27.4,10.8,1025,242,Fried,3.9,1
906,Home Rice,Japanese,Dinner,543,32.7,3.3,37.6,14.2,45.4,1814,211,Raw,1.5,0
885,Serious Wrap,Mediterranean,Lunch,287,62.3,13.6,17.3,0.5,10.3,2434,118,Fried,3.9,1
22,Despite Rice,Italian,Snack,578,33.5,135.3,7.4,10.6,18.7,1156,110,Fried,3.7,1
36,Which Soup,Indian,Snack,249,79.5,91.2,11.3,29.4,3.5,2354,120,Boiled,2.5,1
398,Parent Salad,Japanese,Lunch,365,50.3,136.8,2.3,14.8,14.9,1258,212,Fried,2.2,1
1439,Reflect Soup,Japanese,Breakfast,548,9.6,108.5,34.9,14.7,32.5,2291,218,Roasted,1.1,0
1096,Rise Stew,Mediterranean,Dinner,662,77.9,20.3,37.2,21.8,5.2,1541,112,Boiled,2.2,0
1163,Help Stew,Indian,Breakfast,648,29.3,108.6,23.5,8.2,3.0,2469,167,Boiled,2.1,1
487,Next Pasta,Indian,Lunch,471,30.4,68.1,11.8,28.5,13.8,1736,63,Fried,2.5,1
1631,Popular Salad,Mediterranean,Breakfast,1171,78.1,71.0,58.8,1.2,24.4,958,146,Roasted,4.9,0
21,Detail Curry,Italian,Breakfast,1137,78.1,72.3,14.3,4.5,48.7,148,281,Raw,1.7,0
539,Show Wrap,Thai,Snack,232,34.2,135.4,43.6,8.9,12.0,331,133,Boiled,4.1,0
1234,First Rice,Chinese,Dinner,335,55.0,118.6,22.4,24.3,22.7,928,139,Grilled,2.7,0
1549,Hour Salad,Thai,Dinner,335,77.3,26.5,38.4,0.9,29.6,262,214,Steamed,2.5,0
1945,Candidate Soup,Chinese,Breakfast,516,54.1,54.5,18.5,18.2,7.4,2377,130,Steamed,2.3,1
1307,Quickly Salad,Indian,Lunch,306,56.7,66.9,19.8,11.7,8.6,1416,116,Boiled,4.6,1
666,Plant Wrap,Mediterranean,Snack,154,15.9,32.1,4.2,11.4,15.4,1032,232,Grilled,2.0,1
1249,Crime Stew,Mexican,Breakfast,339,71.2,9.2,4.3,25.5,17.9,2396,250,Raw,4.1,1
97,Appear Stew,Mediterranean,Breakfast,172,43.0,110.6,0.5,24.1,13.2,354,185,Boiled,2.0,1
641,Across Wrap,Indian,Dinner,831,54.5,11.8,59.0,12.6,32.3,2045,101,Grilled,3.1,0
1317,Modern Curry,American,Dinner,430,10.8,93.6,20.0,4.7,5.7,2048,51,Steamed,2.1,1
756,Audience Pasta,Chinese,Breakfast,334,44.6,43.5,5.0,13.3,33.8,2209,58,Baked,1.1,0
36,Which Soup,Indian,Snack,249,79.5,91.2,11.3,29.4,3.5,2354,120,Boiled,2.5,1
1792,Success Curry,Mediterranean,Lunch,873,71.2,64.8,48.2,26.1,43.4,380,148,Boiled,4.7,0
927,Arm Soup,American,Breakfast,469,29.3,128.1,6.6,25.6,9.8,441,5,Fried,1.9,1
7,Item Rice,Thai,Snack,114,60.9,6.7,6.7,23.4,8.3,1107,60,Roasted,2.8,1
1106,Notice Salad,Mediterranean,Lunch,497,34.0,119.2,52.0,19.0,32.1,2323,242,Baked,1.2,0
1651,Record Pasta,American,Lunch,479,25.5,43.3,15.8,5.4,15.3,1151,109,Raw,4.0,1
397,Movement Rice,Thai,Lunch,1001,15.3,69.8,1.2,4.2,29.1,86,184,Boiled,2.0,0
1340,Development Soup,Italian,Dinner,406,44.0,115.5,8.2,5.5,14.6,1868,44,Baked,5.0,1
92,Attorney Salad,Chinese,Dinner,350,11.8,29.0,15.2,15.8,6.0,948,130,Baked,3.8,1
1732,You Pasta,Japanese,Snack,319,56.6,43.3,16.4,26.9,14.5,1725,67,Grilled,3.7,1
1447,Rich Pasta,American,Dinner,928,78.1,66.7,11.4,5.2,6.2,213,276,Grilled,1.6,0
1469,Address Rice,Italian,Breakfast,469,55.2,60.4,18.4,2.3,8.1,342,92,Raw,4.0,1
1563,Base Rice,Japanese,Lunch,180,41.3,45.5,16.8,16.3,9.5,1560,203,Grilled,2.8,1
597,Seven Sandwich,Mediterranean,Lunch,384,51.4,81.4,1.6,25.3,1.4,2227,219,Boiled,1.8,1
520,Way Sandwich,Thai,Dinner,138,59.0,73.6,14.0,13.4,9.1,1036,297,Raw,1.2,1
381,Accept Wrap,American,Lunch,646,74.6,89.0,40.8,16.4,16.9,617,78,Baked,1.3,0
1081,Open Pasta,American,Dinner,698,20.7,113.8,44.8,18.0,32.4,1817,157,Steamed,2.6,0
1016,Time Sandwich,Mediterranean,Lunch,139,40.9,1.4,12.7,2.6,12.9,2208,193,Grilled,2.5,1
819,Everybody Pasta,Chinese,Lunch,969,45.6,94.3,38.8,26.3,13.0,1503,168,Baked,1.0,0
1676,Economy Salad,Thai,Lunch,698,27.2,19.6,0.8,19.3,1.0,1700,293,Boiled,2.9,1
55,Economic Curry,Mexican,Snack,275,46.1,23.0,4.1,23.0,4.9,1179,249,Baked,1.1,1
269,Pull Sandwich,Mexican,Lunch,223,42.4,48.8,22.7,26.2,18.4,2171,62,Boiled,3.3,1
134,Nice Sandwich,American,Dinner,577,30.5,12.3,51.0,25.1,15.3,1821,176,Baked,4.1,0
1587,Lot Pasta,Japanese,Breakfast,762,11.5,27.2,52.1,13.8,9.8,1264,247,Fried,4.0,0
619,Avoid Pasta,Indian,Snack,203,18.6,63.2,24.0,20.3,3.5,483,250,Baked,3.1,1
1373,Follow Soup,Indian,Lunch,850,43.7,16.4,54.5,8.0,45.1,1813,216,Baked,4.2,0
1256,Produce Pasta,Italian,Breakfast,1047,18.7,34.1,43.2,18.7,34.8,1842,110,Grilled,1.0,0
748,Develop Sandwich,Indian,Snack,332,69.9,7.5,10.3,26.5,15.4,2265,31,Baked,3.7,1
1348,Represent Salad,Indian,Lunch,808,32.3,95.3,51.3,5.1,14.0,181,15,Baked,1.8,0
1327,Role Stew,American,Snack,1198,12.3,135.7,38.3,8.0,41.4,2064,283,Fried,2.1,0
101,Week Stew,Italian,Dinner,1145,15.4,55.2,51.3,27.6,19.2,1104,238,Boiled,4.1,0
808,Own Sandwich,American,Lunch,526,65.7,122.4,15.4,1.9,4.2,369,244,Baked,3.9,1
1608,Policy Soup,Thai,Snack,621,53.8,118.9,15.3,18.6,19.1,852,287,Boiled,1.8,1
1526,Have Curry,Chinese,Dinner,1001,45.8,90.1,7.9,26.1,33.8,567,50,Fried,5.0,0
1947,Her Sandwich,Mexican,Dinner,804,31.9,74.3,45.2,6.5,13.4,1248,255,Steamed,2.6,0
735,Contain Soup,Mediterranean,Lunch,1176,48.0,97.2,18.9,10.4,43.7,2383,230,Boiled,4.9,0
1112,Order Salad,Indian,Breakfast,887,37.2,121.6,59.2,14.3,18.1,1321,41,Steamed,1.1,0
149,Leg Rice,Italian,Breakfast,783,6.1,121.0,6.4,22.3,1.8,764,72,Steamed,1.6,0
1508,Military Stew,Thai,Lunch,1038,31.0,65.1,54.5,5.3,16.3,2082,235,Grilled,3.4,0
666,Plant Wrap,Mediterranean,Snack,154,15.9,32.1,4.2,11.4,15.4,1032,232,Grilled,2.0,1
1872,Have Rice,Chinese,Snack,1098,57.9,9.9,18.8,16.4,32.0,1234,60,Baked,2.6,0
981,Defense Pasta,Indian,Snack,454,28.6,92.5,28.1,12.2,16.4,2471,126,Raw,2.7,0
881,Left Wrap,Mexican,Lunch,391,7.6,121.0,6.4,17.9,2.7,2413,109,Boiled,2.4,1
1503,Feel Salad,Japanese,Dinner,1160,44.1,42.0,31.2,3.8,3.5,2249,275,Steamed,3.4,0
344,Nice Salad,Japanese,Dinner,180,60.5,28.3,47.5,1.7,21.6,2443,239,Roasted,4.0,0
421,Own Rice,Indian,Lunch,473,24.3,54.4,42.2,7.7,18.4,95,179,Grilled,4.3,0
171,Rather Sandwich,Indian,Lunch,103,45.9,137.2,17.5,15.2,47.0,1230,144,Roasted,3.1,0
1454,Person Wrap,Chinese,Lunch,274,35.6,56.4,54.3,4.1,40.6,141,264,Grilled,4.3,0
1603,Thus Salad,Thai,Dinner,408,70.3,107.4,41.9,14.8,45.2,1638,0,Roasted,1.7,0
1844,Camera Soup,Japanese,Snack,1103,26.3,29.8,15.8,12.1,26.1,1850,160,Fried,3.4,0
1279,Benefit Sandwich,Thai,Lunch,299,58.6,19.6,13.1,20.3,17.2,183,205,Fried,2.2,1
468,Include Pasta,Japanese,Dinner,1150,67.0,25.4,57.5,2.7,9.2,268,3,Baked,1.1,0
540,Practice Pasta,Thai,Dinner,1048,47.3,49.8,36.3,23.3,16.8,1669,108,Baked,2.2,0
1338,Daughter Pasta,Italian,Snack,1076,38.2,58.3,38.5,6.5,35.2,2391,49,Baked,1.9,0
290,Open Soup,American,Lunch,277,60.2,45.5,2.9,13.8,16.7,590,232,Boiled,3.0,1
718,Perhaps Wrap,American,Dinner,398,7.5,6.8,2.8,29.4,10.5,2328,25,Raw,2.4,1
1339,Someone Wrap,American,Dinner,1128,51.2,91.7,10.7,14.8,8.5,701,1,Grilled,3.6,0
1053,Thought Curry,Indian,Breakfast,132,70.6,69.1,3.1,12.5,19.1,2469,0,Boiled,1.1,1
1237,At Sandwich,American,Lunch,533,51.3,1.5,11.1,0.3,10.3,1581,232,Raw,4.7,1
36,Which Soup,Indian,Snack,249,79.5,91.2,11.3,29.4,3.5,2354,120,Boiled,2.5,1
649,Management Soup,Thai,Breakfast,423,6.2,144.1,12.4,28.7,18.3,2489,264,Baked,1.8,1
1371,Far Wrap,Indian,Snack,477,17.2,43.6,15.6,17.2,35.1,325,87,Raw,1.2,0
722,System Rice,Japanese,Lunch,698,79.2,25.6,13.5,0.5,12.3,178,214,Roasted,4.4,1
1082,Current Pasta,Italian,Snack,355,38.5,141.2,14.4,14.2,7.7,1712,261,Roasted,4.5,1
307,Develop Pasta,American,Breakfast,373,62.6,1.2,11.8,24.3,31.5,2187,137,Fried,2.5,0
535,Many Wrap,Mexican,Lunch,865,73.4,67.7,10.0,11.0,2.1,1488,76,Raw,3.2,0
1974,And Soup,Mexican,Dinner,679,16.9,85.5,17.1,23.9,39.1,168,225,Boiled,2.4,0
1361,Building Pasta,Japanese,Breakfast,388,12.2,80.2,53.5,26.0,1.2,81,16,Raw,4.8,0
759,Beyond Stew,Mediterranean,Snack,364,58.4,144.9,25.7,23.5,9.5,1175,32,Raw,4.4,0
1239,Century Sandwich,Thai,Dinner,582,58.1,95.1,14.6,4.7,13.5,86,143,Boiled,1.1,1
64,Wall Sandwich,Mediterranean,Breakfast,255,29.3,46.8,19.5,25.7,6.5,1794,116,Boiled,4.2,1
666,Plant Wrap,Mediterranean,Snack,154,15.9,32.1,4.2,11.4,15.4,1032,232,Grilled,2.0,1
1413,Late Stew,Japanese,Lunch,200,69.6,18.6,5.6,14.5,18.5,1310,251,Grilled,1.2,1
778,Itself Salad,Japanese,Lunch,395,63.6,114.0,0.8,7.3,4.0,247,28,Grilled,4.2,1
1997,Majority Sandwich,Mediterranean,Snack,177,79.5,24.4,12.9,27.1,13.6,1612,271,Roasted,1.5,1
1161,Any Stew,Thai,Lunch,156,64.8,128.1,8.0,26.8,33.2,2168,2,Boiled,4.3,0
139,Water Sandwich,Mediterranean,Breakfast,349,39.7,54.4,27.7,22.1,13.4,1856,255,Steamed,3.7,0
1123,Cover Rice,Thai,Lunch,700,66.6,51.7,14.6,23.1,15.5,501,251,Grilled,4.0,0
1296,Process Wrap,Thai,Snack,106,24.5,18.3,1.7,10.3,0.8,526,178,Fried,4.0,1
315,Yourself Salad,Italian,Dinner,765,46.1,46.1,42.3,27.8,32.3,1742,31,Steamed,2.9,0
247,Method Stew,Chinese,Dinner,122,14.6,110.3,8.9,3.2,3.0,869,169,Roasted,4.1,1
1453,Level Stew,Chinese,Snack,737,54.6,7.1,20.9,20.7,43.6,2356,210,Roasted,4.5,0
1706,Goal Stew,Mediterranean,Snack,387,70.9,143.8,10.7,9.1,3.8,1498,175,Baked,2.8,1
1063,Somebody Pasta,Indian,Dinner,315,22.1,88.2,38.3,18.9,3.9,2430,101,Baked,2.7,0
88,Enough Soup,Thai,Lunch,433,65.9,104.9,23.4,27.4,10.8,1025,242,Fried,3.9,1
1927,Town Pasta,American,Lunch,658,40.2,143.8,43.3,11.4,14.2,1207,197,Boiled,4.1,0
1031,Certain Curry,Indian,Snack,410,48.9,132.4,4.2,10.6,11.2,240,23,Roasted,1.1,1
682,Doctor Sandwich,Mediterranean,Breakfast,703,31.2,55.9,36.4,15.7,16.2,2088,82,Fried,3.8,0
1281,Newspaper Wrap,Indian,Breakfast,177,10.2,57.9,0.1,16.0,4.5,933,289,Fried,1.1,1
176,Beautiful Rice,Mexican,Lunch,213,21.0,42.0,53.7,1.1,2.9,813,213,Boiled,4.9,0
1576,Well Stew,Thai,Dinner,565,50.9,78.3,8.9,9.9,5.2,805,231,Raw,2.6,1
1940,Than Stew,Japanese,Breakfast,559,23.2,136.2,5.4,5.7,13.5,997,7,Raw,2.7,1
341,Present Stew,Italian,Dinner,697,71.6,4.1,47.9,14.7,6.4,2326,47,Baked,4.8,0
1461,Whom Rice,Japanese,Snack,485,42.9,70.0,10.0,1.3,3.0,215,115,Boiled,4.7,1
718,Perhaps Wrap,American,Dinner,398,7.5,6.8,2.8,29.4,10.5,2328,25,Raw,2.4,1
1249,Crime Stew,Mexican,Breakfast,339,71.2,9.2,4.3,25.5,17.9,2396,250,Raw,4.1,1
209,In Salad,Indian,Dinner,640,53.8,92.8,11.3,1.9,14.6,1803,79,Fried,2.0,1
1170,Animal Pasta,Mexican,Dinner,328,60.2,40.9,2.7,9.9,5.3,799,136,Raw,3.6,1
1444,Old Curry,Indian,Dinner,701,38.8,83.3,25.1,12.9,46.3,675,261,Fried,3.8,0
604,Night Wrap,Italian,Lunch,138,21.2,44.8,22.3,20.6,9.7,2271,102,Fried,1.5,1
632,Whom Sandwich,Italian,Dinner,241,19.3,44.0,25.6,1.2,15.8,2428,232,Fried,2.7,0
1961,Practice Curry,Indian,Lunch,473,49.5,94.6,9.9,16.5,17.8,772,279,Baked,3.9,1
748,Develop Sandwich,Indian,Snack,332,69.9,7.5,10.3,26.5,15.4,2265,31,Baked,3.7,1
32,Ready Rice,Thai,Dinner,333,78.2,130.0,16.6,0.3,19.0,2416,167,Roasted,1.6,1
1436,Now Rice,Mediterranean,Snack,549,55.1,49.9,38.4,6.4,32.1,2460,285,Steamed,2.9,0
153,Still Rice,American,Lunch,1068,71.0,79.0,39.9,11.1,23.1,1393,6,Baked,1.5,0
1385,Only Soup,Mediterranean,Breakfast,606,20.2,120.7,11.9,21.2,12.8,1598,11,Raw,3.6,1
310,Drug Soup,Japanese,Lunch,614,59.8,36.9,13.3,14.8,12.7,2233,54,Steamed,3.8,1
1265,Trip Salad,Chinese,Breakfast,531,52.6,74.1,4.3,27.2,2.8,648,102,Roasted,4.4,1
930,Less Salad,Japanese,Dinner,918,58.1,148.5,19.7,19.0,32.9,2493,166,Raw,1.3,0
1478,Remember Pasta,Mediterranean,Lunch,225,73.2,118.2,12.8,12.4,6.7,983,286,Roasted,4.1,1
1275,Step Soup,American,Snack,350,9.2,112.5,12.7,9.7,13.3,1728,114,Roasted,1.4,1
301,Doctor Stew,Mexican,Snack,613,12.9,83.8,37.9,2.9,20.1,839,121,Raw,1.2,0
692,Consumer Salad,Indian,Snack,602,75.4,11.7,43.9,26.0,4.6,359,281,Fried,4.2,0
1133,Use Curry,Japanese,Dinner,280,42.9,52.4,55.3,12.0,35.1,58,206,Raw,1.3,0
618,Town Wrap,Italian,Lunch,226,77.2,69.6,18.9,6.2,16.6,422,44,Steamed,3.8,1
321,Mention Sandwich,Indian,Breakfast,191,24.5,20.3,34.5,20.8,9.8,1106,200,Grilled,4.2,0
1465,Claim Sandwich,Japanese,Snack,528,57.0,126.8,6.8,5.6,42.3,817,74,Boiled,2.8,0
1917,Weight Soup,American,Dinner,595,40.2,27.2,3.4,10.0,14.4,148,142,Fried,2.2,1
336,Again Salad,American,Dinner,492,26.2,111.2,27.7,26.5,20.4,1557,295,Steamed,2.5,0
1330,Know Curry,Indian,Snack,671,43.2,35.5,18.6,27.4,8.7,2231,31,Raw,1.9,1
1598,See Rice,American,Breakfast,739,42.1,31.3,19.1,26.1,4.9,586,226,Fried,3.2,0
1626,Billion Soup,Thai,Snack,758,40.7,85.9,11.0,3.0,26.0,2347,238,Roasted,1.0,0
6,Arm Stew,Italian,Dinner,484,55.3,130.3,0.1,29.7,1.6,411,162,Steamed,1.6,1
1563,Base Rice,Japanese,Lunch,180,41.3,45.5,16.8,16.3,9.5,1560,203,Grilled,2.8,1
453,Shoulder Salad,American,Lunch,662,72.7,85.0,23.2,27.6,19.6,2293,43,Grilled,4.3,1
75,Television Pasta,Mediterranean,Breakfast,865,29.3,39.0,59.0,10.2,7.6,297,29,Raw,2.8,0
1053,Thought Curry,Indian,Breakfast,132,70.6,69.1,3.1,12.5,19.1,2469,0,Boiled,1.1,1
980,Know Sandwich,Japanese,Breakfast,243,68.5,0.8,31.1,14.5,10.4,67,253,Boiled,2.5,0
1469,Address Rice,Italian,Breakfast,469,55.2,60.4,18.4,2.3,8.1,342,92,Raw,4.0,1
604,Night Wrap,Italian,Lunch,138,21.2,44.8,22.3,20.6,9.7,2271,102,Fried,1.5,1
1521,Understand Curry,Chinese,Dinner,432,43.3,81.7,12.3,15.0,10.1,1573,246,Baked,4.3,1
1029,Try Soup,Italian,Snack,196,74.8,27.2,24.0,25.7,18.2,2467,192,Raw,3.5,1
259,Ground Sandwich,Japanese,Lunch,571,10.8,50.3,33.1,26.8,41.9,2057,223,Fried,3.7,0
551,Indeed Rice,Thai,Dinner,808,29.1,78.7,58.9,19.2,38.4,288,63,Raw,4.6,0
1979,Everything Wrap,American,Dinner,802,57.0,24.0,5.8,4.9,39.9,316,46,Raw,1.2,0
1299,Stuff Rice,Thai,Snack,280,8.0,112.3,15.9,13.9,7.9,1943,161,Raw,1.6,1
1340,Development Soup,Italian,Dinner,406,44.0,115.5,8.2,5.5,14.6,1868,44,Baked,5.0,1
1684,Expect Pasta,Mediterranean,Lunch,365,11.6,113.4,39.7,11.5,35.4,2125,105,Boiled,1.9,0
330,Party Sandwich,Italian,Breakfast,402,53.5,144.2,0.8,24.3,1.2,2308,213,Roasted,4.8,1
618,Town Wrap,Italian,Lunch,226,77.2,69.6,18.9,6.2,16.6,422,44,Steamed,3.8,1
1100,Success Curry,Mexican,Snack,901,59.3,102.0,29.0,2.9,18.3,810,3,Steamed,2.6,0
921,Happy Rice,Chinese,Dinner,864,7.9,90.4,10.5,0.7,33.3,1380,55,Grilled,3.0,0
718,Perhaps Wrap,American,Dinner,398,7.5,6.8,2.8,29.4,10.5,2328,25,Raw,2.4,1
412,Poor Salad,Thai,Lunch,715,5.6,80.2,21.7,29.4,6.8,944,77,Baked,4.3,0
1608,Policy Soup,Thai,Snack,621,53.8,118.9,15.3,18.6,19.1,852,287,Boiled,1.8,1
1312,Run Pasta,Mediterranean,Snack,188,5.8,20.3,22.6,12.6,6.9,1895,102,Steamed,4.9,1
84,Inside Pasta,Chinese,Snack,312,68.1,95.0,4.0,19.0,8.0,2158,24,Roasted,1.7,1
1033,Charge Curry,Mexican,Dinner,596,56.2,98.0,57.9,11.6,25.8,1853,77,Grilled,4.9,0
1458,Its Sandwich,Indian,Snack,309,72.7,43.5,57.1,18.4,26.5,1878,267,Fried,3.1,0
597,Seven Sandwich,Mediterranean,Lunch,384,51.4,81.4,1.6,25.3,1.4,2227,219,Boiled,1.8,1
1281,Newspaper Wrap,Indian,Breakfast,177,10.2,57.9,0.1,16.0,4.5,933,289,Fried,1.1,1
827,Figure Rice,American,Lunch,322,35.1,53.6,31.5,21.4,29.8,375,264,Roasted,2.8,0
116,Bill Stew,Indian,Lunch,817,55.1,92.3,21.3,3.9,39.7,2286,159,Fried,3.0,0
1704,Energy Sandwich,Mediterranean,Lunch,1024,13.3,95.9,54.7,20.0,44.8,2048,53,Fried,1.1,0
1978,Evidence Wrap,Italian,Snack,324,7.1,141.9,0.8,22.4,4.1,1406,41,Roasted,2.8,1
955,Year Sandwich,Indian,Dinner,1051,77.6,137.7,55.4,15.7,32.0,1842,185,Boiled,1.9,0
1000,Each Rice,Chinese,Dinner,503,77.2,94.7,54.4,17.5,29.1,929,7,Steamed,4.1,0
1801,Front Soup,American,Lunch,370,76.0,104.4,4.1,21.0,12.2,514,37,Roasted,3.6,1
1740,First Salad,American,Lunch,941,28.8,81.1,35.2,25.4,20.0,422,41,Steamed,4.2,0
579,Everyone Salad,Italian,Snack,759,46.4,52.6,0.9,11.9,34.2,1594,18,Grilled,4.1,0
1393,Room Curry,Italian,Snack,959,55.6,57.6,32.5,19.4,29.3,1260,90,Fried,4.6,0
1961,Practice Curry,Indian,Lunch,473,49.5,94.6,9.9,16.5,17.8,772,279,Baked,3.9,1
1215,Opportunity Wrap,Mediterranean,Lunch,342,24.7,148.9,0.5,26.2,5.6,215,190,Baked,2.4,1
699,Nature Sandwich,American,Lunch,924,11.7,20.3,57.1,2.2,42.1,1756,52,Steamed,1.7,0
1402,Office Sandwich,Thai,Snack,455,64.7,22.4,48.9,23.6,12.7,2090,289,Roasted,2.6,0
210,Police Wrap,Thai,Lunch,644,58.8,22.0,10.7,12.5,47.1,1744,78,Fried,3.4,0
269,Pull Sandwich,Mexican,Lunch,223,42.4,48.8,22.7,26.2,18.4,2171,62,Boiled,3.3,1
1265,Trip Salad,Chinese,Breakfast,531,52.6,74.1,4.3,27.2,2.8,648,102,Roasted,4.4,1
1563,Base Rice,Japanese,Lunch,180,41.3,45.5,16.8,16.3,9.5,1560,203,Grilled,2.8,1
1022,Gas Soup,American,Snack,642,17.0,93.6,41.2,13.0,49.0,1208,0,Roasted,1.1,0
1592,Huge Soup,Indian,Snack,1166,40.2,139.5,3.4,20.4,43.7,871,100,Fried,2.9,0
2000,List Pasta,Indian,Snack,341,51.5,77.7,0.1,8.2,9.0,398,91,Fried,1.9,1
1340,Development Soup,Italian,Dinner,406,44.0,115.5,8.2,5.5,14.6,1868,44,Baked,5.0,1
1696,Fire Sandwich,Chinese,Snack,209,66.3,68.7,40.7,8.6,9.9,2295,166,Baked,1.2,0
954,Ball Curry,American,Snack,907,30.0,147.3,56.8,0.0,13.9,1322,140,Fried,4.1,0
1170,Animal Pasta,Mexican,Dinner,328,60.2,40.9,2.7,9.9,5.3,799,136,Raw,3.6,1
1406,Project Salad,Chinese,Snack,293,8.0,34.0,45.0,13.9,26.8,699,279,Grilled,2.8,0
808,Own Sandwich,American,Lunch,526,65.7,122.4,15.4,1.9,4.2,369,244,Baked,3.9,1
1420,Where Sandwich,Mexican,Breakfast,277,12.2,103.5,15.0,4.2,3.7,1151,236,Grilled,2.8,1
668,Wrong Sandwich,Indian,Breakfast,692,60.8,74.4,50.1,22.0,29.5,1622,87,Fried,2.3,0
1695,Western Pasta,Thai,Breakfast,218,20.9,60.5,16.3,19.3,8.2,713,183,Roasted,4.1,1
1887,Born Pasta,Japanese,Snack,1063,23.5,6.7,44.9,26.5,1.3,1295,84,Fried,4.5,0
1715,Move Curry,Japanese,Snack,292,65.1,146.7,8.0,0.1,4.7,1034,131,Grilled,1.1,1
172,Yet Rice,Chinese,Lunch,321,49.9,32.5,40.8,18.4,40.1,1477,192,Raw,2.9,0
1676,Economy Salad,Thai,Lunch,698,27.2,19.6,0.8,19.3,1.0,1700,293,Boiled,2.9,1
1245,Wife Soup,Japanese,Snack,544,30.8,138.8,16.2,24.3,9.0,993,241,Baked,3.4,1
520,Way Sandwich,Thai,Dinner,138,59.0,73.6,14.0,13.4,9.1,1036,297,Raw,1.2,1
52,Company Wrap,Indian,Dinner,153,76.0,79.0,23.3,24.0,8.5,1581,80,Raw,4.3,1
805,Stay Pasta,Mediterranean,Breakfast,330,43.0,40.7,40.9,15.5,23.1,568,200,Fried,1.5,0
1919,Development Salad,American,Lunch,513,55.6,84.3,4.1,26.7,19.7,1340,240,Boiled,1.9,1
7,Item Rice,Thai,Snack,114,60.9,6.7,6.7,23.4,8.3,1107,60,Roasted,2.8,1
1459,Wish Rice,Italian,Snack,344,46.6,114.1,21.7,20.8,1.4,825,107,Baked,1.4,1
27,Energy Rice,American,Snack,884,8.5,34.8,16.8,0.1,45.7,2348,128,Grilled,2.3,0
128,Item Soup,Chinese,Lunch,484,10.8,72.9,11.7,12.1,12.1,1844,102,Boiled,2.9,1
179,Glass Salad,Mediterranean,Dinner,881,21.0,20.7,13.9,12.5,36.8,2177,282,Baked,4.1,0
1928,True Stew,Chinese,Snack,332,30.7,64.9,56.9,25.9,35.0,1458,231,Boiled,1.6,0
950,Part Sandwich,Chinese,Dinner,949,55.3,70.5,15.9,7.5,14.1,2072,16,Fried,4.0,0
675,Wear Rice,American,Snack,376,51.0,136.0,4.9,4.4,8.1,1118,97,Baked,1.2,1
992,Red Rice,Mexican,Breakfast,1041,76.8,113.3,31.1,0.5,7.4,498,209,Roasted,1.4,0
389,Environmental Pasta,Thai,Lunch,1114,35.1,12.5,14.0,24.5,27.3,2383,34,Raw,1.5,0
1362,Avoid Wrap,Thai,Breakfast,895,8.8,26.0,59.5,12.6,29.4,883,204,Baked,3.3,0
215,Begin Curry,Indian,Lunch,301,10.5,140.1,12.7,23.0,0.1,1441,145,Steamed,4.0,1
488,Art Soup,Italian,Breakfast,1122,56.3,112.3,44.6,22.8,16.1,673,127,Boiled,4.2,0
1148,Believe Soup,American,Breakfast,233,75.9,123.7,8.1,0.1,8.8,982,270,Roasted,3.5,1
830,Agency Pasta,Mediterranean,Snack,886,76.2,99.0,50.5,2.9,30.7,2433,246,Fried,2.2,0
1914,Middle Rice,Italian,Lunch,419,61.8,29.8,57.2,27.5,49.4,2377,18,Steamed,2.0,0
1013,Never Stew,Thai,Dinner,1066,19.3,9.6,14.6,1.2,21.1,254,149,Fried,4.1,0
1839,Agreement Salad,Japanese,Snack,752,48.3,33.0,37.0,3.0,0.5,239,52,Raw,4.3,0
52,Company Wrap,Indian,Dinner,153,76.0,79.0,23.3,24.0,8.5,1581,80,Raw,4.3,1
221,Start Wrap,Thai,Dinner,151,13.3,94.9,1.1,16.7,18.9,1902,202,Raw,1.3,1
348,Reach Soup,Italian,Breakfast,1032,15.5,89.2,48.8,8.6,11.1,2365,159,Boiled,5.0,0
1519,Expert Salad,Italian,Snack,659,61.1,136.9,29.3,26.7,0.5,301,97,Fried,2.4,0
601,Role Wrap,Mediterranean,Dinner,994,7.1,26.2,13.5,12.6,33.5,489,100,Boiled,1.5,0
1408,Likely Sandwich,Thai,Lunch,185,72.1,95.2,23.8,15.7,0.4,1608,40,Boiled,2.7,1
1926,Health Stew,Italian,Dinner,305,27.6,61.1,34.5,20.3,17.8,2395,236,Roasted,1.5,0
1732,You Pasta,Japanese,Snack,319,56.6,43.3,16.4,26.9,14.5,1725,67,Grilled,3.7,1
570,Tell Rice,Chinese,Snack,282,31.5,99.7,7.4,11.5,2.8,2381,87,Fried,2.1,1
343,Test Sandwich,Mediterranean,Lunch,311,56.3,67.9,1.5,25.1,32.0,2295,170,Roasted,1.9,0
322,Land Salad,Japanese,Snack,888,13.8,110.9,48.4,25.0,25.3,753,234,Raw,4.4,0
763,Clearly Curry,Mexican,Dinner,852,7.7,63.0,32.9,27.2,34.9,331,135,Grilled,1.6,0
345,Recognize Salad,Indian,Breakfast,1168,16.6,103.2,19.9,9.7,42.7,412,158,Roasted,2.4,0
6,Arm Stew,Italian,Dinner,484,55.3,130.3,0.1,29.7,1.6,411,162,Steamed,1.6,1
1936,After Pasta,Italian,Breakfast,1189,51.8,136.7,24.3,25.0,35.0,1713,57,Baked,4.5,0
1215,Opportunity Wrap,Mediterranean,Lunch,342,24.7,148.9,0.5,26.2,5.6,215,190,Baked,2.4,1
308,Term Salad,Thai,Dinner,607,21.7,39.8,13.9,6.2,14.5,1880,224,Roasted,4.6,1
825,School Salad,Indian,Snack,1093,62.6,78.1,10.8,5.6,40.6,128,270,Raw,3.6,0
1755,Truth Rice,American,Snack,1012,68.5,0.4,44.4,8.2,29.8,1470,162,Fried,3.8,0
1291,Time Curry,Thai,Breakfast,581,70.1,143.8,3.7,10.3,46.2,2363,56,Roasted,1.9,0
1857,Small Rice,Thai,Dinner,657,58.4,88.0,6.8,28.8,11.6,261,52,Steamed,3.5,1
1399,Mind Rice,Thai,Breakfast,985,42.6,119.0,2.7,27.6,22.1,1476,30,Steamed,2.9,0
585,Example Pasta,American,Breakfast,420,19.0,41.6,13.0,23.8,1.9,257,51,Raw,1.3,1
1718,Culture Rice,Mediterranean,Dinner,219,5.6,106.0,14.3,24.6,7.6,1300,157,Baked,4.5,1
998,Address Stew,Thai,Snack,536,72.1,147.9,56.1,25.9,10.5,186,262,Baked,4.7,0
1016,Time Sandwich,Mediterranean,Lunch,139,40.9,1.4,12.7,2.6,12.9,2208,193,Grilled,2.5,1
102,Four Salad,American,Dinner,466,70.9,97.5,25.8,1.9,41.2,2095,137,Steamed,3.4,0
1248,Year Pasta,Mediterranean,Lunch,494,50.4,32.6,12.1,29.7,2.3,699,162,Steamed,1.2,1
88,Enough Soup,Thai,Lunch,433,65.9,104.9,23.4,27.4,10.8,1025,242,Fried,3.9,1
459,Reduce Rice,Indian,Breakfast,504,16.6,68.7,15.8,26.5,17.8,1833,53,Boiled,2.4,1
1065,Nothing Curry,Japanese,Lunch,689,23.5,26.6,48.0,6.6,14.6,2288,48,Grilled,1.9,0
16,Only Curry,Japanese,Dinner,403,45.0,3.1,36.1,25.5,16.1,975,201,Baked,2.3,0
962,North Pasta,Mediterranean,Snack,1161,71.2,36.1,43.1,21.8,0.4,1338,6,Steamed,3.2,0
1898,Water Wrap,Japanese,Breakfast,338,33.8,82.9,6.2,14.9,43.8,2424,197,Baked,3.6,0
891,Matter Soup,Mexican,Snack,1156,15.3,81.0,14.4,15.7,4.1,785,202,Boiled,1.9,0
1031,Certain Curry,Indian,Snack,410,48.9,132.4,4.2,10.6,11.2,240,23,Roasted,1.1,1
562,Reflect Pasta,Italian,Lunch,129,11.8,117.7,55.9,26.3,30.7,882,287,Baked,2.0,0
1651,Record Pasta,American,Lunch,479,25.5,43.3,15.8,5.4,15.3,1151,109,Raw,4.0,1
447,Great Stew,American,Dinner,640,26.7,66.6,57.6,24.7,25.2,841,297,Boiled,2.6,0
1248,Year Pasta,Mediterranean,Lunch,494,50.4,32.6,12.1,29.7,2.3,699,162,Steamed,1.2,1
1479,Serious Salad,Indian,Snack,1176,72.7,55.3,31.8,13.6,20.6,1510,27,Fried,1.7,0
1558,Live Soup,Mexican,Snack,482,36.6,35.1,32.9,16.8,41.7,181,179,Boiled,2.3,0
1117,Report Sandwich,Chinese,Dinner,116,32.6,139.0,1.8,15.0,0.8,2188,262,Baked,2.2,1
881,Left Wrap,Mexican,Lunch,391,7.6,121.0,6.4,17.9,2.7,2413,109,Boiled,2.4,1
1163,Help Stew,Indian,Breakfast,648,29.3,108.6,23.5,8.2,3.0,2469,167,Boiled,2.1,1
1279,Benefit Sandwich,Thai,Lunch,299,58.6,19.6,13.1,20.3,17.2,183,205,Fried,2.2,1
9,Third Soup,American,Breakfast,863,16.8,43.0,39.4,24.5,33.0,515,50,Grilled,4.0,0
420,Require Wrap,Chinese,Dinner,826,27.7,23.6,22.1,17.4,48.4,892,48,Roasted,2.4,0
1340,Development Soup,Italian,Dinner,406,44.0,115.5,8.2,5.5,14.6,1868,44,Baked,5.0,1
1385,Only Soup,Mediterranean,Breakfast,606,20.2,120.7,11.9,21.2,12.8,1598,11,Raw,3.6,1
1940,Than Stew,Japanese,Breakfast,559,23.2,136.2,5.4,5.7,13.5,997,7,Raw,2.7,1
1163,Help Stew,Indian,Breakfast,648,29.3,108.6,23.5,8.2,3.0,2469,167,Boiled,2.1,1
1307,Quickly Salad,Indian,Lunch,306,56.7,66.9,19.8,11.7,8.6,1416,116,Boiled,4.6,1
1888,Offer Stew,American,Snack,276,23.2,26.9,48.8,18.8,18.3,1865,270,Roasted,3.1,0
32,Ready Rice,Thai,Dinner,333,78.2,130.0,16.6,0.3,19.0,2416,167,Roasted,1.6,1
881,Left Wrap,Mexican,Lunch,391,7.6,121.0,6.4,17.9,2.7,2413,109,Boiled,2.4,1
1538,Agent Curry,Italian,Breakfast,153,77.3,48.5,1.7,7.2,49.0,2063,125,Steamed,1.6,0
606,Without Curry,Japanese,Lunch,872,44.8,104.1,52.5,10.2,25.0,1044,69,Steamed,1.5,0
1609,At Wrap,Italian,Snack,277,20.0,119.9,5.3,17.5,6.6,1270,240,Roasted,2.5,1
250,Democratic Sandwich,Chinese,Dinner,1197,11.8,76.1,33.7,17.7,47.9,2073,71,Fried,3.8,0
1527,Environment Salad,Chinese,Lunch,778,34.6,61.2,55.6,27.2,11.0,70,194,Steamed,2.8,0
1203,Experience Soup,Indian,Dinner,702,58.2,79.4,0.7,26.9,42.5,2066,132,Baked,1.7,0
1461,Whom Rice,Japanese,Snack,485,42.9,70.0,10.0,1.3,3.0,215,115,Boiled,4.7,1
11,Add Wrap,Chinese,Snack,746,23.9,55.7,1.8,20.0,32.9,875,270,Boiled,3.1,0
697,Always Salad,Indian,Snack,477,64.1,118.9,49.5,28.9,4.0,917,18,Roasted,4.4,0
353,Large Salad,Italian,Snack,734,77.4,129.8,37.4,24.8,12.6,1808,227,Grilled,4.6,0
1468,Spring Pasta,Mexican,Lunch,1121,38.0,19.0,2.3,13.9,23.3,896,81,Fried,3.9,0
469,Discussion Sandwich,American,Lunch,293,63.3,131.8,56.1,20.6,32.4,2407,18,Fried,1.6,0
247,Method Stew,Chinese,Dinner,122,14.6,110.3,8.9,3.2,3.0,869,169,Roasted,4.1,1
125,Particular Wrap,Japanese,Lunch,870,59.8,102.9,0.0,5.2,43.2,1608,196,Grilled,1.0,0
1945,Candidate Soup,Chinese,Breakfast,516,54.1,54.5,18.5,18.2,7.4,2377,130,Steamed,2.3,1
163,Old Curry,American,Lunch,1175,29.7,106.3,31.3,28.3,10.0,2142,105,Boiled,1.5,0
142,Point Soup,Japanese,Lunch,136,22.3,64.5,22.9,26.7,31.3,1798,148,Raw,3.2,0
2000,List Pasta,Indian,Snack,341,51.5,77.7,0.1,8.2,9.0,398,91,Fried,1.9,1
790,Network Curry,Mexican,Breakfast,322,23.4,80.4,24.5,3.1,17.3,2002,86,Fried,1.4,1
1461,Whom Rice,Japanese,Snack,485,42.9,70.0,10.0,1.3,3.0,215,115,Boiled,4.7,1
1316,Anything Wrap,Indian,Snack,1089,75.7,17.9,19.4,19.6,38.8,1630,260,Steamed,3.3,0
1910,Investment Stew,American,Dinner,374,36.3,134.4,10.4,20.7,8.3,714,43,Baked,2.2,1
548,Near Sandwich,Chinese,Breakfast,346,55.7,57.6,9.3,18.4,2.3,1581,212,Roasted,2.6,1
1695,Western Pasta,Thai,Breakfast,218,20.9,60.5,16.3,19.3,8.2,713,183,Roasted,4.1,1
1863,Thus Sandwich,American,Lunch,1136,24.3,131.4,6.9,9.7,46.5,1911,142,Fried,4.4,0
136,Everything Rice,Japanese,Lunch,198,44.0,20.0,40.4,14.8,18.5,2384,281,Baked,1.9,0
1130,My Soup,Chinese,Dinner,174,16.7,9.7,21.3,21.2,12.8,657,96,Steamed,3.3,1
2000,List Pasta,Indian,Snack,341,51.5,77.7,0.1,8.2,9.0,398,91,Fried,1.9,1
881,Left Wrap,Mexican,Lunch,391,7.6,121.0,6.4,17.9,2.7,2413,109,Boiled,2.4,1
618,Town Wrap,Italian,Lunch,226,77.2,69.6,18.9,6.2,16.6,422,44,Steamed,3.8,1
790,Network Curry,Mexican,Breakfast,322,23.4,80.4,24.5,3.1,17.3,2002,86,Fried,1.4,1
1868,Debate Sandwich,Thai,Dinner,578,32.0,87.9,22.7,7.0,16.0,896,169,Raw,2.4,1
1925,Despite Pasta,Mediterranean,Lunch,570,68.3,133.4,8.1,4.3,17.4,1763,195,Boiled,1.4,1
192,Add Wrap,Indian,Breakfast,444,45.0,29.1,17.7,28.3,10.5,103,37,Roasted,1.6,1
739,According Rice,Italian,Dinner,1049,47.8,39.6,0.6,5.1,47.5,90,37,Baked,2.1,0
1249,Crime Stew,Mexican,Breakfast,339,71.2,9.2,4.3,25.5,17.9,2396,250,Raw,4.1,1
108,Up Sandwich,Mediterranean,Lunch,604,35.2,145.7,56.2,19.3,16.4,1073,36,Fried,2.4,0
1218,Teacher Curry,Mexican,Dinner,752,7.6,148.2,51.4,25.2,36.5,2338,289,Boiled,1.7,0
330,Party Sandwich,Italian,Breakfast,402,53.5,144.2,0.8,24.3,1.2,2308,213,Roasted,4.8,1
650,Through Stew,Indian,Dinner,906,21.9,53.6,4.2,23.6,18.8,328,219,Fried,4.4,0
604,Night Wrap,Italian,Lunch,138,21.2,44.8,22.3,20.6,9.7,2271,102,Fried,1.5,1
1945,Candidate Soup,Chinese,Breakfast,516,54.1,54.5,18.5,18.2,7.4,2377,130,Steamed,2.3,1
1117,Report Sandwich,Chinese,Dinner,116,32.6,139.0,1.8,15.0,0.8,2188,262,Baked,2.2,1
978,Chair Stew,Mexican,Snack,577,21.8,29.7,1.1,13.2,30.1,1851,262,Baked,2.9,0
119,Talk Salad,Japanese,Snack,431,26.1,8.6,4.1,1.1,12.8,1630,283,Baked,2.4,1
453,Shoulder Salad,American,Lunch,662,72.7,85.0,23.2,27.6,19.6,2293,43,Grilled,4.3,1
1741,Bill Stew,Chinese,Dinner,437,72.4,110.6,57.8,29.8,21.6,1925,100,Boiled,2.7,0
948,Against Sandwich,Chinese,Dinner,506,49.9,50.5,5.2,3.1,9.2,983,234,Fried,3.6,1
1889,Turn Pasta,Italian,Dinner,919,75.7,131.7,3.8,20.9,16.7,1983,12,Fried,1.9,0
240,Identify Sandwich,Chinese,Snack,819,33.8,75.3,16.1,5.7,36.9,1842,85,Raw,1.2,0
857,Power Curry,Indian,Lunch,898,27.9,76.1,57.0,19.1,8.4,297,124,Fried,1.2,0
732,Enough Salad,Indian,Snack,609,60.7,84.0,19.4,27.7,18.7,1555,0,Roasted,4.0,1
1599,Data Curry,Mediterranean,Breakfast,787,43.6,68.6,43.7,16.9,43.7,134,247,Raw,2.0,0
618,Town Wrap,Italian,Lunch,226,77.2,69.6,18.9,6.2,16.6,422,44,Steamed,3.8,1
882,Table Stew,Italian,Dinner,1181,31.9,148.5,27.3,9.9,46.4,1729,253,Steamed,4.6,0
6,Arm Stew,Italian,Dinner,484,55.3,130.3,0.1,29.7,1.6,411,162,Steamed,1.6,1
1608,Policy Soup,Thai,Snack,621,53.8,118.9,15.3,18.6,19.1,852,287,Boiled,1.8,1
459,Reduce Rice,Indian,Breakfast,504,16.6,68.7,15.8,26.5,17.8,1833,53,Boiled,2.4,1
1731,Your Stew,Thai,Lunch,635,68.1,27.1,38.4,24.5,9.6,898,270,Raw,3.4,0
1589,Will Rice,Chinese,Breakfast,375,26.3,142.9,11.7,25.8,15.2,1160,138,Steamed,3.8,1
1579,Side Salad,Indian,Lunch,328,41.8,99.7,9.2,25.6,4.8,80,62,Steamed,4.4,1
1675,Training Sandwich,Mexican,Breakfast,668,25.7,63.0,31.0,10.0,26.7,1620,223,Raw,1.7,0
1566,Purpose Salad,Chinese,Dinner,224,72.0,88.3,2.3,10.6,2.8,241,247,Boiled,4.1,1
215,Begin Curry,Indian,Lunch,301,10.5,140.1,12.7,23.0,0.1,1441,145,Steamed,4.0,1
1485,Throw Pasta,Chinese,Dinner,282,56.9,6.5,36.3,29.0,39.2,360,221,Boiled,2.8,0
305,Attention Wrap,Indian,Lunch,245,62.6,144.9,28.7,13.5,44.4,1941,185,Boiled,4.1,0
1999,Away Rice,American,Dinner,1123,6.9,119.6,23.1,0.8,17.7,360,146,Fried,4.2,0
82,Whom Curry,Mediterranean,Dinner,197,6.8,40.1,55.9,27.9,35.0,2109,207,Fried,1.2,0
794,Keep Sandwich,Japanese,Breakfast,394,38.4,50.0,11.1,1.7,23.7,2008,66,Steamed,5.0,0
1918,Window Sandwich,American,Dinner,143,17.3,50.0,17.2,5.2,49.4,635,204,Raw,1.8,0
1194,Pressure Salad,Thai,Breakfast,478,79.8,134.2,38.1,5.5,31.8,2037,11,Grilled,2.8,0
432,Especially Salad,Mediterranean,Dinner,287,17.1,111.5,52.4,9.2,10.9,1774,188,Roasted,1.9,0
640,Wrong Salad,Mediterranean,Dinner,653,44.3,135.7,32.9,28.5,33.1,442,107,Grilled,2.7,0
459,Reduce Rice,Indian,Breakfast,504,16.6,68.7,15.8,26.5,17.8,1833,53,Boiled,2.4,1
1762,Reason Curry,Mediterranean,Lunch,634,53.5,9.9,19.9,16.9,6.8,772,188,Fried,2.0,1
1249,Crime Stew,Mexican,Breakfast,339,71.2,9.2,4.3,25.5,17.9,2396,250,Raw,4.1,1
547,Sit Pasta,American,Breakfast,1025,58.7,50.4,37.9,20.1,24.0,1020,2,Grilled,3.8,0
1857,Small Rice,Thai,Dinner,657,58.4,88.0,6.8,28.8,11.6,261,52,Steamed,3.5,1
563,Sure Sandwich,Thai,Breakfast,120,24.5,74.4,10.6,2.6,7.4,1436,299,Steamed,4.5,1
310,Drug Soup,Japanese,Lunch,614,59.8,36.9,13.3,14.8,12.7,2233,54,Steamed,3.8,1
1718,Culture Rice,Mediterranean,Dinner,219,5.6,106.0,14.3,24.6,7.6,1300,157,Baked,4.5,1
520,Way Sandwich,Thai,Dinner,138,59.0,73.6,14.0,13.4,9.1,1036,297,Raw,1.2,1
1917,Weight Soup,American,Dinner,595,40.2,27.2,3.4,10.0,14.4,148,142,Fried,2.2,1
1925,Despite Pasta,Mediterranean,Lunch,570,68.3,133.4,8.1,4.3,17.4,1763,195,Boiled,1.4,1
1944,Form Rice,Chinese,Dinner,437,29.2,98.3,48.6,13.0,38.3,689,20,Raw,4.0,0
548,Near Sandwich,Chinese,Breakfast,346,55.7,57.6,9.3,18.4,2.3,1581,212,Roasted,2.6,1
1392,Most Salad,American,Breakfast,313,57.5,12.7,10.4,5.7,28.4,1941,213,Baked,4.9,0
1245,Wife Soup,Japanese,Snack,544,30.8,138.8,16.2,24.3,9.0,993,241,Baked,3.4,1
729,Live Sandwich,Mexican,Breakfast,602,51.5,94.9,22.6,25.6,17.6,2438,219,Fried,2.3,1
232,Thank Soup,Mediterranean,Lunch,1063,7.9,11.4,40.0,12.4,27.4,218,188,Baked,2.8,0
807,Thought Soup,Indian,Dinner,624,31.1,4.9,18.2,16.3,35.5,2070,298,Baked,3.8,0
1298,Career Sandwich,Indian,Snack,684,19.0,77.7,40.8,28.9,34.6,1988,187,Baked,3.9,0
576,Book Wrap,Thai,Breakfast,353,59.2,92.8,30.2,8.3,31.7,456,167,Steamed,3.4,0
1082,Current Pasta,Italian,Snack,355,38.5,141.2,14.4,14.2,7.7,1712,261,Roasted,4.5,1
1265,Trip Salad,Chinese,Breakfast,531,52.6,74.1,4.3,27.2,2.8,648,102,Roasted,4.4,1
988,Mrs Stew,Chinese,Breakfast,723,59.9,2.9,24.6,24.2,49.5,987,218,Baked,1.2,0
415,Just Curry,Japanese,Lunch,424,50.0,54.8,12.2,12.3,21.7,772,63,Fried,1.9,0
1917,Weight Soup,American,Dinner,595,40.2,27.2,3.4,10.0,14.4,148,142,Fried,2.2,1
1723,Defense Soup,Indian,Lunch,549,23.6,146.0,6.7,22.5,20.6,172,41,Baked,2.2,0
774,Wish Stew,Mexican,Breakfast,675,52.1,129.7,21.6,30.0,7.9,203,60,Grilled,3.8,1
791,International Sandwich,Italian,Snack,592,26.5,95.1,14.3,27.9,16.6,1528,224,Steamed,1.3,1
385,Television Sandwich,Chinese,Lunch,440,38.3,0.9,9.4,2.8,23.3,1128,75,Baked,2.2,0
424,We Salad,Thai,Dinner,1087,22.3,52.2,38.5,26.8,47.8,2300,83,Grilled,4.4,0
225,Red Rice,Japanese,Snack,1087,15.4,142.3,31.4,2.0,0.7,428,263,Baked,4.4,0
585,Example Pasta,American,Breakfast,420,19.0,41.6,13.0,23.8,1.9,257,51,Raw,1.3,1
1884,Entire Rice,Italian,Snack,567,16.5,112.4,12.9,1.2,25.3,2246,234,Fried,1.3,0
1152,Six Rice,Italian,Lunch,685,66.2,125.8,58.9,13.6,45.7,329,68,Boiled,4.5,0
648,Maintain Salad,Chinese,Lunch,1142,20.2,123.9,13.4,0.8,31.4,203,0,Roasted,2.4,0
568,Cultural Rice,Chinese,Snack,517,77.7,55.9,47.6,26.0,19.8,2010,248,Fried,4.4,0
338,Develop Pasta,Italian,Lunch,261,45.8,81.9,8.2,3.4,16.1,1523,19,Roasted,4.1,1
1798,Figure Sandwich,Mediterranean,Breakfast,101,70.7,119.3,36.2,0.6,5.6,2228,131,Boiled,1.4,0
1965,Your Pasta,American,Dinner,304,16.3,127.4,23.2,11.1,10.4,1065,219,Fried,4.5,1
6,Arm Stew,Italian,Dinner,484,55.3,130.3,0.1,29.7,1.6,411,162,Steamed,1.6,1
471,Tonight Wrap,Italian,Dinner,339,56.2,141.8,42.9,18.9,22.4,1436,181,Fried,4.7,0
1190,Thousand Rice,Mexican,Lunch,996,15.8,77.0,18.3,11.0,36.0,1812,233,Grilled,1.5,0
619,Avoid Pasta,Indian,Snack,203,18.6,63.2,24.0,20.3,3.5,483,250,Baked,3.1,1
1413,Late Stew,Japanese,Lunch,200,69.6,18.6,5.6,14.5,18.5,1310,251,Grilled,1.2,1
234,Heavy Salad,American,Lunch,957,19.5,80.8,32.4,25.3,32.0,1812,44,Fried,2.9,0
537,Of Pasta,Indian,Dinner,879,73.7,137.7,42.0,9.3,12.0,2209,201,Fried,5.0,0
1296,Process Wrap,Thai,Snack,106,24.5,18.3,1.7,10.3,0.8,526,178,Fried,4.0,1
1995,Though Soup,Chinese,Breakfast,1012,66.6,124.1,35.8,4.7,12.9,617,196,Steamed,3.8,0
269,Pull Sandwich,Mexican,Lunch,223,42.4,48.8,22.7,26.2,18.4,2171,62,Boiled,3.3,1
1249,Crime Stew,Mexican,Breakfast,339,71.2,9.2,4.3,25.5,17.9,2396,250,Raw,4.1,1
873,Child Wrap,Chinese,Snack,1151,38.4,132.6,46.7,24.1,17.9,207,256,Baked,2.1,0
1497,Receive Rice,Indian,Snack,494,59.4,99.4,15.8,4.1,19.6,415,231,Baked,4.7,1
927,Arm Soup,American,Breakfast,469,29.3,128.1,6.6,25.6,9.8,441,5,Fried,1.9,1
1311,Year Stew,Indian,Dinner,1161,43.5,24.1,0.8,22.7,22.2,1409,110,Steamed,1.4,0
1310,I Stew,Thai,Snack,1000,7.7,136.4,23.7,14.7,27.4,1051,287,Grilled,4.7,0
1712,Theory Rice,Mediterranean,Lunch,475,72.0,121.7,46.1,15.3,35.6,64,178,Steamed,4.1,0
119,Talk Salad,Japanese,Snack,431,26.1,8.6,4.1,1.1,12.8,1630,283,Baked,2.4,1
1307,Quickly Salad,Indian,Lunch,306,56.7,66.9,19.8,11.7,8.6,1416,116,Boiled,4.6,1
658,Finally Stew,Chinese,Breakfast,641,74.9,27.2,14.6,21.4,4.8,1507,68,Roasted,2.5,1
1940,Than Stew,Japanese,Breakfast,559,23.2,136.2,5.4,5.7,13.5,997,7,Raw,2.7,1
1689,Should Soup,Mexican,Breakfast,507,39.5,3.6,25.7,5.0,47.9,1995,136,Steamed,1.4,0
1555,Future Sandwich,American,Breakfast,944,23.4,130.5,41.5,17.7,14.4,1020,44,Steamed,4.1,0
1630,Price Rice,Mediterranean,Dinner,593,10.6,18.8,32.2,12.2,14.4,1122,124,Baked,2.9,0
1330,Know Curry,Indian,Snack,671,43.2,35.5,18.6,27.4,8.7,2231,31,Raw,1.9,1
1983,Explain Pasta,Japanese,Snack,593,70.1,107.6,13.3,17.9,38.2,853,274,Raw,2.4,0
99,Animal Curry,Mexican,Breakfast,1148,61.4,89.9,4.6,14.0,25.5,2452,58,Boiled,3.6,0
1589,Will Rice,Chinese,Breakfast,375,26.3,142.9,11.7,25.8,15.2,1160,138,Steamed,3.8,1
748,Develop Sandwich,Indian,Snack,332,69.9,7.5,10.3,26.5,15.4,2265,31,Baked,3.7,1
24,Establish Wrap,Mexican,Dinner,1197,43.7,79.0,26.9,10.4,21.6,1058,34,Boiled,3.0,0
1521,Understand Curry,Chinese,Dinner,432,43.3,81.7,12.3,15.0,10.1,1573,246,Baked,4.3,1
1796,Help Rice,Italian,Snack,675,16.6,68.4,16.5,16.3,25.8,2492,106,Fried,2.2,0
1130,My Soup,Chinese,Dinner,174,16.7,9.7,21.3,21.2,12.8,657,96,Steamed,3.3,1
1478,Remember Pasta,Mediterranean,Lunch,225,73.2,118.2,12.8,12.4,6.7,983,286,Roasted,4.1,1
1550,Moment Wrap,Indian,Snack,193,29.5,79.5,16.3,14.3,33.6,2066,77,Roasted,1.8,0
1997,Majority Sandwich,Mediterranean,Snack,177,79.5,24.4,12.9,27.1,13.6,1612,271,Roasted,1.5,1
1905,Thus Curry,Chinese,Dinner,1120,20.9,59.8,38.8,2.6,19.7,1507,253,Fried,2.3,0
1726,President Wrap,Indian,Dinner,1154,68.5,44.4,18.2,0.5,0.8,1419,192,Grilled,3.8,0
866,Buy Pasta,Thai,Lunch,664,74.9,36.3,17.8,28.6,11.3,1528,286,Raw,2.3,1
1829,Number Wrap,Chinese,Breakfast,207,36.8,10.0,8.2,6.2,4.6,1832,182,Fried,4.0,1
320,Serious Rice,Chinese,Breakfast,461,55.6,116.0,14.7,0.1,9.5,1314,179,Roasted,1.8,1
1068,Tree Soup,Japanese,Snack,970,43.5,146.5,28.0,7.5,13.9,1004,38,Steamed,3.9,0
1885,Receive Stew,Italian,Breakfast,844,35.5,122.7,52.9,0.3,7.9,769,246,Fried,2.3,0
1296,Process Wrap,Thai,Snack,106,24.5,18.3,1.7,10.3,0.8,526,178,Fried,4.0,1
1130,My Soup,Chinese,Dinner,174,16.7,9.7,21.3,21.2,12.8,657,96,Steamed,3.3,1
973,Hit Rice,Japanese,Lunch,856,71.4,133.0,22.3,5.2,12.9,351,182,Grilled,4.1,0
1205,Use Wrap,Mediterranean,Breakfast,125,44.3,128.3,4.9,18.3,30.8,1258,133,Steamed,2.7,0
177,Easy Wrap,American,Breakfast,1049,76.8,135.3,57.0,25.4,17.7,2440,282,Steamed,4.0,0
2000,List Pasta,Indian,Snack,341,51.5,77.7,0.1,8.2,9.0,398,91,Fried,1.9,1
976,Article Rice,Mexican,Dinner,887,30.4,59.7,23.4,27.0,28.1,797,198,Steamed,3.8,0
666,Plant Wrap,Mediterranean,Snack,154,15.9,32.1,4.2,11.4,15.4,1032,232,Grilled,2.0,1
1414,Key Stew,Chinese,Breakfast,635,48.6,47.4,24.1,6.9,2.1,1088,38,Raw,2.0,1
1668,Daughter Pasta,Mexican,Snack,1034,30.4,36.4,50.6,21.4,44.1,1834,178,Steamed,1.0,0
84,Inside Pasta,Chinese,Snack,312,68.1,95.0,4.0,19.0,8.0,2158,24,Roasted,1.7,1
604,Night Wrap,Italian,Lunch,138,21.2,44.8,22.3,20.6,9.7,2271,102,Fried,1.5,1
1925,Despite Pasta,Mediterranean,Lunch,570,68.3,133.4,8.1,4.3,17.4,1763,195,Boiled,1.4,1
1016,Time Sandwich,Mediterranean,Lunch,139,40.9,1.4,12.7,2.6,12.9,2208,193,Grilled,2.5,1
812,Six Curry,Mediterranean,Dinner,1005,23.3,75.8,27.2,6.7,35.9,413,121,Roasted,3.9,0
1605,Carry Pasta,Italian,Dinner,632,45.5,57.4,36.8,29.1,46.9,376,3,Boiled,1.8,0
1661,Clear Stew,Mexican,Snack,265,9.7,20.4,45.6,4.0,20.4,2071,59,Boiled,1.7,0
604,Night Wrap,Italian,Lunch,138,21.2,44.8,22.3,20.6,9.7,2271,102,Fried,1.5,1
1461,Whom Rice,Japanese,Snack,485,42.9,70.0,10.0,1.3,3.0,215,115,Boiled,4.7,1
503,Test Curry,Italian,Dinner,711,47.4,24.2,2.2,1.3,44.1,1627,220,Baked,4.6,0
123,Raise Stew,Indian,Lunch,471,62.3,56.5,19.9,0.9,7.1,1910,50,Grilled,1.3,1
1602,Be Pasta,Mediterranean,Snack,232,79.0,31.3,4.3,27.2,10.5,326,206,Fried,1.9,1
93,Reality Wrap,Thai,Lunch,510,11.7,85.3,34.4,20.6,10.8,540,254,Baked,1.5,0
1170,Animal Pasta,Mexican,Dinner,328,60.2,40.9,2.7,9.9,5.3,799,136,Raw,3.6,1
1420,Where Sandwich,Mexican,Breakfast,277,12.2,103.5,15.0,4.2,3.7,1151,236,Grilled,2.8,1
1159,Wind Stew,Thai,Snack,1198,28.6,82.2,31.8,19.1,38.2,728,81,Raw,1.7,0
996,Total Pasta,Mediterranean,Breakfast,960,66.2,108.6,11.0,19.5,30.8,1239,90,Steamed,1.7,0
1459,Wish Rice,Italian,Snack,344,46.6,114.1,21.7,20.8,1.4,825,107,Baked,1.4,1
1651,Record Pasta,American,Lunch,479,25.5,43.3,15.8,5.4,15.3,1151,109,Raw,4.0,1
1117,Report Sandwich,Chinese,Dinner,116,32.6,139.0,1.8,15.0,0.8,2188,262,Baked,2.2,1
418,Performance Soup,Indian,Dinner,350,65.6,64.0,45.1,27.3,25.6,2321,54,Steamed,2.5,0
1041,Prevent Sandwich,Indian,Lunch,1024,48.2,115.9,56.6,23.5,6.8,1485,101,Steamed,4.6,0
398,Parent Salad,Japanese,Lunch,365,50.3,136.8,2.3,14.8,14.9,1258,212,Fried,2.2,1
1459,Wish Rice,Italian,Snack,344,46.6,114.1,21.7,20.8,1.4,825,107,Baked,1.4,1
92,Attorney Salad,Chinese,Dinner,350,11.8,29.0,15.2,15.8,6.0,948,130,Baked,3.8,1
787,Increase Wrap,Chinese,Dinner,977,32.2,108.7,49.5,28.3,37.2,1336,184,Fried,3.7,0
76,Face Sandwich,Mexican,Snack,149,61.8,142.3,6.4,24.6,13.4,110,43,Raw,4.0,1
755,Popular Pasta,Indian,Lunch,908,48.0,56.9,15.0,17.9,48.6,2079,127,Boiled,4.0,0
1031,Certain Curry,Indian,Snack,410,48.9,132.4,4.2,10.6,11.2,240,23,Roasted,1.1,1
1430,Character Curry,Japanese,Lunch,536,36.6,127.4,31.1,20.2,8.1,1858,29,Fried,2.0,0
342,Too Salad,Thai,Breakfast,283,62.3,11.5,47.9,10.3,43.4,1536,80,Fried,4.3,0
236,Clearly Salad,Mexican,Breakfast,607,58.2,105.9,47.6,21.5,43.4,2054,227,Steamed,1.9,0
1257,It Salad,Mediterranean,Breakfast,425,10.6,54.9,41.1,25.9,19.4,507,270,Roasted,1.5,0
1207,Effect Sandwich,Japanese,Breakfast,642,14.9,141.2,15.7,22.9,15.5,1456,47,Boiled,2.5,1
649,Management Soup,Thai,Breakfast,423,6.2,144.1,12.4,28.7,18.3,2489,264,Baked,1.8,1
215,Begin Curry,Indian,Lunch,301,10.5,140.1,12.7,23.0,0.1,1441,145,Steamed,4.0,1
975,Late Wrap,American,Breakfast,977,12.8,10.2,27.4,24.6,36.8,2416,233,Baked,4.9,0
1829,Number Wrap,Chinese,Breakfast,207,36.8,10.0,8.2,6.2,4.6,1832,182,Fried,4.0,1
778,Itself Salad,Japanese,Lunch,395,63.6,114.0,0.8,7.3,4.0,247,28,Grilled,4.2,1
1007,Next Sandwich,Indian,Dinner,1103,37.9,100.6,18.3,14.6,8.1,327,22,Raw,4.9,0
1207,Effect Sandwich,Japanese,Breakfast,642,14.9,141.2,15.7,22.9,15.5,1456,47,Boiled,2.5,1
91,Summer Stew,Japanese,Lunch,487,6.4,72.0,16.3,22.7,6.8,621,269,Steamed,1.6,1
217,Pattern Soup,Thai,Lunch,654,71.1,123.5,30.2,16.8,19.2,313,49,Boiled,4.7,0
2000,List Pasta,Indian,Snack,341,51.5,77.7,0.1,8.2,9.0,398,91,Fried,1.9,1
671,Ahead Wrap,American,Lunch,404,20.8,128.3,12.1,1.8,10.9,1434,246,Raw,4.6,1
1398,Prepare Curry,Mexican,Breakfast,271,13.8,8.7,23.4,10.8,37.6,1360,196,Boiled,4.6,0
529,Under Salad,Mediterranean,Lunch,1051,77.9,138.6,27.5,24.6,31.7,600,99,Steamed,3.9,0
1117,Report Sandwich,Chinese,Dinner,116,32.6,139.0,1.8,15.0,0.8,2188,262,Baked,2.2,1
1005,Office Stew,Thai,Dinner,175,19.5,131.1,17.9,8.3,29.3,651,79,Steamed,1.4,0
1328,Page Rice,Thai,Dinner,331,9.3,38.6,15.7,1.3,7.3,238,170,Baked,1.9,1
311,Relate Sandwich,Thai,Dinner,548,14.1,89.1,40.7,9.9,28.9,1379,204,Roasted,3.6,0
1084,Model Salad,Indian,Dinner,1070,19.0,52.2,32.2,13.1,2.2,1998,125,Baked,3.4,0
1170,Animal Pasta,Mexican,Dinner,328,60.2,40.9,2.7,9.9,5.3,799,136,Raw,3.6,1
1377,Environment Soup,Japanese,Breakfast,1097,66.1,10.0,53.3,3.7,29.2,1729,169,Raw,1.2,0
1692,Air Curry,Indian,Snack,515,78.7,49.7,5.5,2.0,16.0,642,222,Fried,2.1,1
627,Somebody Rice,Italian,Breakfast,806,56.4,74.4,5.0,8.7,17.6,570,157,Baked,2.4,0
1585,Apply Curry,Indian,Dinner,216,51.4,9.0,58.5,11.3,22.7,1986,286,Grilled,2.4,0
1952,Mean Wrap,Indian,Dinner,685,23.2,24.5,9.7,25.4,7.3,780,127,Boiled,2.6,1
1089,Themselves Soup,Indian,Snack,1127,54.8,17.2,31.3,24.4,22.0,1486,67,Baked,2.6,0
604,Night Wrap,Italian,Lunch,138,21.2,44.8,22.3,20.6,9.7,2271,102,Fried,1.5,1
1249,Crime Stew,Mexican,Breakfast,339,71.2,9.2,4.3,25.5,17.9,2396,250,Raw,4.1,1
642,Will Curry,Mexican,Lunch,1175,44.2,70.8,51.1,29.4,37.5,1626,287,Steamed,1.9,0
269,Pull Sandwich,Mexican,Lunch,223,42.4,48.8,22.7,26.2,18.4,2171,62,Boiled,3.3,1
451,Change Salad,Thai,Breakfast,762,23.9,51.0,58.1,28.1,42.1,639,139,Boiled,1.8,0
585,Example Pasta,American,Breakfast,420,19.0,41.6,13.0,23.8,1.9,257,51,Raw,1.3,1
1492,Use Pasta,Thai,Breakfast,384,49.6,92.6,17.4,5.3,25.7,497,28,Fried,3.2,0
1104,Set Salad,Japanese,Lunch,851,79.6,122.9,0.8,17.0,4.2,812,294,Roasted,1.0,0
741,Everybody Curry,Japanese,Breakfast,702,72.4,57.8,10.6,14.7,40.3,1489,3,Boiled,1.4,0
491,West Stew,Thai,Lunch,538,59.9,12.3,26.2,5.4,39.3,1086,283,Grilled,2.0,0
1275,Step Soup,American,Snack,350,9.2,112.5,12.7,9.7,13.3,1728,114,Roasted,1.4,1
1461,Whom Rice,Japanese,Snack,485,42.9,70.0,10.0,1.3,3.0,215,115,Boiled,4.7,1
1564,Although Salad,Mediterranean,Dinner,636,28.6,123.0,9.1,13.0,7.6,1995,197,Boiled,1.2,1
459,Reduce Rice,Indian,Breakfast,504,16.6,68.7,15.8,26.5,17.8,1833,53,Boiled,2.4,1
1864,Thousand Soup,Italian,Dinner,896,72.1,47.3,19.7,8.9,32.2,1384,107,Steamed,4.5,0
718,Perhaps Wrap,American,Dinner,398,7.5,6.8,2.8,29.4,10.5,2328,25,Raw,2.4,1
1379,Might Salad,Mexican,Breakfast,934,7.0,28.2,12.7,28.4,8.6,608,264,Baked,2.6,0
1459,Wish Rice,Italian,Snack,344,46.6,114.1,21.7,20.8,1.4,825,107,Baked,1.4,1
329,Inside Pasta,Indian,Lunch,991,11.7,73.4,25.5,20.0,28.0,1119,176,Grilled,3.9,0
1709,Court Pasta,Indian,Lunch,825,42.6,65.1,55.0,30.0,22.5,363,280,Baked,4.8,0
1330,Know Curry,Indian,Snack,671,43.2,35.5,18.6,27.4,8.7,2231,31,Raw,1.9,1
645,Station Curry,Italian,Snack,672,52.1,17.9,35.3,13.4,17.9,2443,164,Grilled,3.6,0
866,Buy Pasta,Thai,Lunch,664,74.9,36.3,17.8,28.6,11.3,1528,286,Raw,2.3,1
466,Property Pasta,Italian,Dinner,815,47.8,124.9,10.2,4.8,45.5,387,44,Steamed,3.0,0
1157,Police Rice,Mediterranean,Dinner,473,12.9,132.7,53.7,17.2,2.0,1085,161,Roasted,2.7,0
453,Shoulder Salad,American,Lunch,662,72.7,85.0,23.2,27.6,19.6,2293,43,Grilled,4.3,1
610,North Rice,Mexican,Breakfast,606,16.4,99.7,39.3,18.8,3.2,1053,284,Boiled,3.6,0
813,Offer Sandwich,Thai,Breakfast,465,26.5,61.2,18.0,4.8,17.4,396,67,Grilled,2.3,1
221,Start Wrap,Thai,Dinner,151,13.3,94.9,1.1,16.7,18.9,1902,202,Raw,1.3,1
1945,Candidate Soup,Chinese,Breakfast,516,54.1,54.5,18.5,18.2,7.4,2377,130,Steamed,2.3,1
1317,Modern Curry,American,Dinner,430,10.8,93.6,20.0,4.7,5.7,2048,51,Steamed,2.1,1
1322,Measure Stew,Japanese,Lunch,1095,33.2,139.9,53.1,29.9,36.8,1197,287,Steamed,2.3,0
1891,Himself Sandwich,Thai,Dinner,221,70.8,118.1,19.6,19.5,48.3,599,261,Roasted,2.2,0
1609,At Wrap,Italian,Snack,277,20.0,119.9,5.3,17.5,6.6,1270,240,Roasted,2.5,1
63,Why Curry,Indian,Lunch,213,69.9,115.1,18.5,23.2,7.4,1538,102,Fried,3.6,1
1130,My Soup,Chinese,Dinner,174,16.7,9.7,21.3,21.2,12.8,657,96,Steamed,3.3,1
1422,Picture Curry,Mexican,Breakfast,168,29.8,4.0,23.1,1.4,34.9,1477,206,Raw,2.3,0
1279,Benefit Sandwich,Thai,Lunch,299,58.6,19.6,13.1,20.3,17.2,183,205,Fried,2.2,1
1148,Believe Soup,American,Breakfast,233,75.9,123.7,8.1,0.1,8.8,982,270,Roasted,3.5,1
97,Appear Stew,Mediterranean,Breakfast,172,43.0,110.6,0.5,24.1,13.2,354,185,Boiled,2.0,1
97,Appear Stew,Mediterranean,Breakfast,172,43.0,110.6,0.5,24.1,13.2,354,185,Boiled,2.0,1
1756,Return Wrap,Mexican,Dinner,785,25.4,124.4,38.1,1.5,47.6,761,279,Roasted,3.9,0
604,Night Wrap,Italian,Lunch,138,21.2,44.8,22.3,20.6,9.7,2271,102,Fried,1.5,1
1330,Know Curry,Indian,Snack,671,43.2,35.5,18.6,27.4,8.7,2231,31,Raw,1.9,1
548,Near Sandwich,Chinese,Breakfast,346,55.7,57.6,9.3,18.4,2.3,1581,212,Roasted,2.6,1
1251,Politics Sandwich,Mediterranean,Snack,658,49.0,126.3,54.4,25.2,39.5,866,250,Steamed,5.0,0
1804,Drug Curry,Italian,Dinner,680,18.3,4.5,10.7,5.4,12.0,1137,20,Baked,3.2,1
548,Near Sandwich,Chinese,Breakfast,346,55.7,57.6,9.3,18.4,2.3,1581,212,Roasted,2.6,1
968,Mind Stew,Thai,Dinner,237,37.1,3.8,6.6,2.7,19.0,1838,245,Boiled,1.5,1
1886,Activity Salad,Mediterranean,Lunch,795,32.7,4.3,57.3,17.0,29.3,2477,134,Roasted,3.1,0
1952,Mean Wrap,Indian,Dinner,685,23.2,24.5,9.7,25.4,7.3,780,127,Boiled,2.6,1
497,Paper Pasta,American,Snack,344,42.2,96.4,55.9,28.8,43.8,1228,166,Fried,4.1,0
1003,Recently Curry,Indian,Snack,792,53.8,60.1,41.6,9.0,10.7,1033,284,Fried,2.4,0
1016,Time Sandwich,Mediterranean,Lunch,139,40.9,1.4,12.7,2.6,12.9,2208,193,Grilled,2.5,1
1329,Perform Stew,Japanese,Snack,1191,70.1,62.0,34.3,27.9,17.5,1274,93,Baked,2.3,0
1407,Same Salad,Chinese,Snack,322,71.3,18.5,4.0,24.2,42.6,396,294,Grilled,1.9,0
43,Maintain Wrap,Mediterranean,Snack,686,38.5,71.2,40.6,20.3,25.8,2341,295,Grilled,1.2,0
1069,City Soup,Indian,Lunch,338,33.4,75.4,59.1,16.2,6.3,2327,271,Fried,3.8,0
1078,Discover Sandwich,Italian,Lunch,383,62.9,87.5,56.0,21.5,38.3,2043,267,Boiled,2.1,0
247,Method Stew,Chinese,Dinner,122,14.6,110.3,8.9,3.2,3.0,869,169,Roasted,4.1,1
1565,Writer Salad,American,Snack,1155,69.4,146.8,52.7,24.6,14.7,1925,124,Raw,1.4,0
1724,Recent Stew,Italian,Dinner,363,61.8,147.7,55.8,6.6,11.7,743,133,Roasted,4.8,0
45,Produce Stew,Thai,Snack,563,60.3,79.6,56.8,11.0,3.4,384,109,Baked,4.6,0
1640,Better Wrap,American,Breakfast,337,69.7,44.6,55.4,19.0,29.9,2247,67,Grilled,2.0,0
1309,My Sandwich,Italian,Snack,210,54.9,93.2,18.5,7.6,6.4,1939,122,Roasted,2.1,1
191,Just Stew,American,Lunch,1004,43.1,110.8,47.9,9.6,46.9,172,61,Raw,4.7,0
1499,Practice Rice,Thai,Lunch,372,52.6,126.3,59.3,8.2,28.7,1300,262,Baked,2.1,0
1340,Development Soup,Italian,Dinner,406,44.0,115.5,8.2,5.5,14.6,1868,44,Baked,5.0,1
2000,List Pasta,Indian,Snack,341,51.5,77.7,0.1,8.2,9.0,398,91,Fried,1.9,1
1566,Purpose Salad,Chinese,Dinner,224,72.0,88.3,2.3,10.6,2.8,241,247,Boiled,4.1,1
1130,My Soup,Chinese,Dinner,174,16.7,9.7,21.3,21.2,12.8,657,96,Steamed,3.3,1
1812,Young Sandwich,American,Lunch,1040,57.7,2.2,23.1,6.4,40.6,368,80,Baked,2.0,0
1427,Suffer Pasta,Chinese,Lunch,691,72.9,87.8,48.3,18.9,41.9,1100,145,Baked,3.9,0
1525,First Pasta,Chinese,Dinner,323,19.7,31.2,56.4,24.9,41.3,2439,201,Steamed,3.6,0
1910,Investment Stew,American,Dinner,374,36.3,134.4,10.4,20.7,8.3,714,43,Baked,2.2,1
636,Sell Sandwich,Chinese,Dinner,943,44.8,6.3,41.4,19.3,31.6,619,187,Boiled,4.7,0
774,Wish Stew,Mexican,Breakfast,675,52.1,129.7,21.6,30.0,7.9,203,60,Grilled,3.8,1
982,Trade Stew,Indian,Dinner,389,78.2,66.3,26.1,11.1,29.5,710,110,Fried,1.4,0
859,Debate Rice,Chinese,Snack,647,5.8,72.4,32.4,12.5,37.9,959,56,Roasted,4.1,0
180,Official Stew,Mediterranean,Lunch,598,56.9,85.0,6.9,28.2,43.1,838,128,Grilled,2.0,0
3,Activity Rice,Indian,Snack,881,52.9,97.3,18.8,20.0,37.5,2383,209,Boiled,4.3,0
1579,Side Salad,Indian,Lunch,328,41.8,99.7,9.2,25.6,4.8,80,62,Steamed,4.4,1
936,Near Curry,American,Dinner,737,36.6,115.3,25.9,14.7,11.9,1210,4,Steamed,3.2,0
1913,Discussion Stew,American,Dinner,536,53.4,9.0,22.2,19.9,7.6,1310,181,Boiled,4.2,1
1763,Organization Stew,Mediterranean,Breakfast,613,10.9,93.1,57.1,29.6,6.5,2471,232,Boiled,2.9,0
1959,Remain Sandwich,Mexican,Dinner,767,19.2,82.9,21.4,10.7,41.9,338,20,Fried,4.4,0
1718,Culture Rice,Mediterranean,Dinner,219,5.6,106.0,14.3,24.6,7.6,1300,157,Baked,4.5,1
1144,Event Soup,Thai,Snack,1128,52.1,117.7,53.7,23.4,19.5,1751,88,Baked,3.8,0
1705,Fire Wrap,Chinese,Lunch,1058,23.4,62.0,59.3,11.2,43.0,1897,116,Raw,2.4,0
718,Perhaps Wrap,American,Dinner,398,7.5,6.8,2.8,29.4,10.5,2328,25,Raw,2.4,1
61,Expert Rice,Mexican,Breakfast,798,75.0,100.2,8.9,17.6,9.6,1400,40,Fried,2.2,0
1651,Record Pasta,American,Lunch,479,25.5,43.3,15.8,5.4,15.3,1151,109,Raw,4.0,1
1420,Where Sandwich,Mexican,Breakfast,277,12.2,103.5,15.0,4.2,3.7,1151,236,Grilled,2.8,1
1563,Base Rice,Japanese,Lunch,180,41.3,45.5,16.8,16.3,9.5,1560,203,Grilled,2.8,1
909,Well Pasta,Japanese,Lunch,646,21.3,138.0,57.2,9.9,25.6,1178,271,Roasted,3.5,0
1801,Front Soup,American,Lunch,370,76.0,104.4,4.1,21.0,12.2,514,37,Roasted,3.6,1
1534,Thousand Rice,Italian,Snack,162,34.1,101.3,57.7,25.2,43.5,1206,10,Grilled,2.7,0
749,Role Soup,Japanese,Snack,669,59.9,91.7,17.9,19.0,17.0,764,44,Steamed,3.3,1
774,Wish Stew,Mexican,Breakfast,675,52.1,129.7,21.6,30.0,7.9,203,60,Grilled,3.8,1
1775,Air Stew,Italian,Snack,696,14.3,39.0,28.8,21.1,29.6,586,209,Raw,1.4,0
1760,Leg Curry,Chinese,Snack,771,19.3,89.8,4.5,2.8,41.1,1362,197,Baked,2.0,0
850,Leader Sandwich,Thai,Lunch,580,78.1,142.1,42.8,21.7,26.0,1505,191,Roasted,4.4,0
1829,Number Wrap,Chinese,Breakfast,207,36.8,10.0,8.2,6.2,4.6,1832,182,Fried,4.0,1
1192,Control Soup,Thai,Snack,382,51.8,0.7,43.5,2.3,42.8,1074,76,Raw,4.3,0
499,Boy Pasta,Chinese,Lunch,210,47.8,86.5,22.4,24.9,16.9,1633,45,Boiled,2.6,1
1464,Certainly Soup,Thai,Snack,220,37.6,91.3,46.8,16.0,32.7,1285,45,Steamed,2.5,0
1617,Including Pasta,Mediterranean,Lunch,700,13.2,91.3,4.7,7.8,25.2,1193,84,Baked,2.8,0
889,Condition Curry,Mediterranean,Lunch,635,49.6,118.6,13.4,23.3,41.4,131,121,Roasted,4.1,0
221,Start Wrap,Thai,Dinner,151,13.3,94.9,1.1,16.7,18.9,1902,202,Raw,1.3,1
269,Pull Sandwich,Mexican,Lunch,223,42.4,48.8,22.7,26.2,18.4,2171,62,Boiled,3.3,1
1488,Happen Soup,Mediterranean,Snack,545,12.6,96.3,9.8,17.1,16.0,233,146,Roasted,3.1,1
790,Network Curry,Mexican,Breakfast,322,23.4,80.4,24.5,3.1,17.3,2002,86,Fried,1.4,1
221,Start Wrap,Thai,Dinner,151,13.3,94.9,1.1,16.7,18.9,1902,202,Raw,1.3,1
1058,Hour Salad,Italian,Breakfast,547,27.5,66.4,39.6,25.3,30.1,1805,126,Roasted,4.9,0
436,Current Curry,Chinese,Lunch,1115,9.0,7.0,11.9,10.9,22.8,1565,268,Fried,1.8,0
1275,Step Soup,American,Snack,350,9.2,112.5,12.7,9.7,13.3,1728,114,Roasted,1.4,1
773,Deep Pasta,Thai,Breakfast,1153,48.8,137.1,0.3,24.0,16.2,2312,152,Boiled,2.5,0
473,Suddenly Salad,Mexican,Dinner,711,20.7,46.0,38.8,1.6,4.1,116,275,Raw,2.9,0
327,Center Rice,American,Snack,411,63.7,47.5,2.4,2.6,48.7,1472,209,Fried,3.8,0
1695,Western Pasta,Thai,Breakfast,218,20.9,60.5,16.3,19.3,8.2,713,183,Roasted,4.1,1
166,Lead Stew,Chinese,Lunch,634,12.6,61.2,2.6,0.9,26.0,2407,41,Baked,2.0,0
1467,Life Rice,Indian,Dinner,129,24.6,91.6,20.3,1.8,18.7,1822,106,Fried,4.3,1
1706,Goal Stew,Mediterranean,Snack,387,70.9,143.8,10.7,9.1,3.8,1498,175,Baked,2.8,1
1286,Should Wrap,Thai,Snack,1031,74.9,103.4,44.6,16.2,10.1,62,115,Boiled,4.3,0
1706,Goal Stew,Mediterranean,Snack,387,70.9,143.8,10.7,9.1,3.8,1498,175,Baked,2.8,1
791,International Sandwich,Italian,Snack,592,26.5,95.1,14.3,27.9,16.6,1528,224,Steamed,1.3,1
376,As Sandwich,Chinese,Snack,905,37.2,66.9,1.4,5.9,3.7,2368,6,Boiled,2.3,0
1857,Small Rice,Thai,Dinner,657,58.4,88.0,6.8,28.8,11.6,261,52,Steamed,3.5,1
296,Pick Pasta,American,Snack,383,70.3,39.8,41.7,27.9,10.8,1599,137,Steamed,3.4,0
1782,Face Pasta,Italian,Lunch,370,7.4,34.9,5.1,29.0,16.0,2309,269,Raw,1.1,1
1954,Next Soup,Indian,Dinner,144,26.9,135.7,40.1,20.0,13.8,1231,143,Roasted,3.7,0
303,White Rice,Italian,Snack,229,10.3,21.3,42.3,8.6,37.3,1418,127,Steamed,5.0,0
765,Health Curry,Thai,Snack,119,40.2,68.2,37.1,23.4,6.8,258,77,Boiled,5.0,0
1340,Development Soup,Italian,Dinner,406,44.0,115.5,8.2,5.5,14.6,1868,44,Baked,5.0,1
274,Business Curry,Italian,Breakfast,1096,45.7,15.9,56.1,24.9,21.7,1742,14,Fried,1.8,0
1797,Us Salad,Chinese,Breakfast,199,76.5,10.2,23.2,28.6,7.0,916,260,Fried,4.7,1
522,Join Salad,Mediterranean,Dinner,545,63.2,16.9,37.4,8.4,16.9,1930,127,Raw,3.3,0
1117,Report Sandwich,Chinese,Dinner,116,32.6,139.0,1.8,15.0,0.8,2188,262,Baked,2.2,1
63,Why Curry,Indian,Lunch,213,69.9,115.1,18.5,23.2,7.4,1538,102,Fried,3.6,1
927,Arm Soup,American,Breakfast,469,29.3,128.1,6.6,25.6,9.8,441,5,Fried,1.9,1
898,Current Rice,Chinese,Snack,1167,31.2,67.7,32.7,28.1,27.7,1247,187,Roasted,3.4,0
310,Drug Soup,Japanese,Lunch,614,59.8,36.9,13.3,14.8,12.7,2233,54,Steamed,3.8,1
308,Term Salad,Thai,Dinner,607,21.7,39.8,13.9,6.2,14.5,1880,224,Roasted,4.6,1
459,Reduce Rice,Indian,Breakfast,504,16.6,68.7,15.8,26.5,17.8,1833,53,Boiled,2.4,1
1990,Note Stew,Italian,Lunch,973,23.4,117.0,36.9,13.3,24.6,465,274,Grilled,2.8,0
1461,Whom Rice,Japanese,Snack,485,42.9,70.0,10.0,1.3,3.0,215,115,Boiled,4.7,1
280,Foreign Stew,Mediterranean,Dinner,682,51.5,62.6,28.9,8.7,39.0,1804,221,Fried,4.4,0
596,Should Curry,Chinese,Dinner,368,7.7,134.2,48.4,7.3,10.4,1044,125,Baked,1.1,0
814,Career Soup,American,Dinner,930,73.0,99.9,22.4,10.3,45.8,1695,284,Roasted,3.2,0
347,Less Wrap,Thai,Breakfast,774,79.1,40.8,12.5,22.6,18.9,314,238,Steamed,1.3,0
1242,Next Stew,Mediterranean,Breakfast,727,16.3,108.7,45.6,3.9,5.0,375,221,Grilled,3.5,0
1600,True Soup,Italian,Lunch,153,14.7,110.6,45.6,9.3,39.2,610,156,Fried,1.3,0
88,Enough Soup,Thai,Lunch,433,65.9,104.9,23.4,27.4,10.8,1025,242,Fried,3.9,1
18,Similar Salad,Japanese,Lunch,605,74.5,38.0,44.3,13.3,47.4,321,292,Raw,1.8,0
1136,Yeah Salad,Japanese,Dinner,597,49.6,4.0,12.4,5.0,18.1,2328,35,Baked,1.1,1
330,Party Sandwich,Italian,Breakfast,402,53.5,144.2,0.8,24.3,1.2,2308,213,Roasted,4.8,1
732,Enough Salad,Indian,Snack,609,60.7,84.0,19.4,27.7,18.7,1555,0,Roasted,4.0,1
401,Us Soup,Indian,Snack,394,10.6,43.6,42.5,9.3,41.2,539,237,Baked,4.4,0
206,Whole Stew,Mexican,Dinner,1076,46.1,128.0,44.1,25.4,7.4,1235,184,Roasted,1.8,0
1323,Military Sandwich,Mediterranean,Breakfast,633,21.9,119.9,33.4,23.7,32.2,1929,179,Steamed,2.9,0
1237,At Sandwich,American,Lunch,533,51.3,1.5,11.1,0.3,10.3,1581,232,Raw,4.7,1
1230,During Soup,Indian,Breakfast,120,68.0,39.4,43.3,24.4,5.3,1774,67,Steamed,4.9,0
1305,Civil Rice,Mexican,Dinner,901,16.6,59.7,19.0,10.1,17.4,2162,21,Steamed,2.0,0
1029,Try Soup,Italian,Snack,196,74.8,27.2,24.0,25.7,18.2,2467,192,Raw,3.5,1
677,Race Curry,Italian,Breakfast,461,18.9,89.9,3.3,26.5,26.0,759,292,Raw,2.8,0
1620,Score Sandwich,Indian,Lunch,439,50.3,85.9,10.2,8.7,39.6,1285,275,Raw,1.6,0
439,Help Sandwich,Chinese,Lunch,943,35.9,64.4,37.5,25.4,33.3,71,133,Roasted,2.6,0
1026,Day Sandwich,Italian,Dinner,567,60.6,30.7,14.9,14.1,24.4,1428,159,Baked,3.3,0
215,Begin Curry,Indian,Lunch,301,10.5,140.1,12.7,23.0,0.1,1441,145,Steamed,4.0,1
1602,Be Pasta,Mediterranean,Snack,232,79.0,31.3,4.3,27.2,10.5,326,206,Fried,1.9,1
800,Those Wrap,American,Dinner,684,77.3,136.5,13.6,3.7,38.9,259,127,Boiled,4.3,0
911,Total Curry,Italian,Dinner,306,5.0,95.4,11.8,1.3,25.1,2131,187,Boiled,4.7,0
1680,Now Wrap,Italian,Snack,389,12.2,52.1,39.6,15.0,29.1,1494,269,Steamed,1.3,0
157,Whatever Soup,Italian,Lunch,664,66.5,136.7,27.1,3.8,44.1,202,300,Raw,1.6,0
691,Us Salad,American,Snack,132,31.4,38.2,23.4,13.9,23.5,674,39,Roasted,2.2,0
371,Energy Salad,Mediterranean,Breakfast,374,39.9,31.5,25.6,17.7,1.4,696,286,Baked,1.7,0
428,Agreement Curry,Indian,Breakfast,393,31.1,67.1,53.6,15.4,15.5,2377,38,Roasted,3.4,0
247,Method Stew,Chinese,Dinner,122,14.6,110.3,8.9,3.2,3.0,869,169,Roasted,4.1,1
1207,Effect Sandwich,Japanese,Breakfast,642,14.9,141.2,15.7,22.9,15.5,1456,47,Boiled,2.5,1
499,Boy Pasta,Chinese,Lunch,210,47.8,86.5,22.4,24.9,16.9,1633,45,Boiled,2.6,1
781,Allow Rice,Thai,Lunch,881,39.3,32.1,50.6,20.4,33.8,349,242,Baked,3.7,0
1140,Attack Curry,Mediterranean,Dinner,1192,65.3,6.6,56.8,18.6,27.5,1863,167,Boiled,2.7,0
897,Us Curry,Mediterranean,Snack,289,75.2,141.9,15.3,17.3,1.8,108,168,Grilled,4.5,1
1566,Purpose Salad,Chinese,Dinner,224,72.0,88.3,2.3,10.6,2.8,241,247,Boiled,4.1,1
1725,Travel Soup,Mediterranean,Lunch,168,66.3,73.6,32.2,3.8,8.6,178,154,Steamed,4.3,0
1313,He Curry,Thai,Dinner,410,57.5,41.7,20.5,17.1,9.1,1998,114,Boiled,1.1,1
1650,Call Stew,Chinese,Snack,691,65.7,137.2,18.7,24.9,0.0,2424,134,Steamed,2.8,1
1221,Tell Stew,Thai,Lunch,187,45.5,23.2,36.1,25.8,11.3,421,155,Baked,2.4,0
1355,The Wrap,American,Lunch,914,28.0,57.6,10.6,17.2,27.4,638,47,Fried,3.1,0
1997,Majority Sandwich,Mediterranean,Snack,177,79.5,24.4,12.9,27.1,13.6,1612,271,Roasted,1.5,1
1664,Former Curry,Italian,Lunch,1045,27.2,109.3,7.9,25.3,45.6,666,5,Grilled,1.2,0
1930,Memory Stew,Italian,Snack,139,16.1,71.2,8.5,1.0,47.1,1928,62,Raw,3.0,0
1170,Animal Pasta,Mexican,Dinner,328,60.2,40.9,2.7,9.9,5.3,799,136,Raw,3.6,1
375,Once Curry,Thai,Breakfast,456,21.7,40.8,45.1,6.4,10.9,2000,48,Grilled,4.9,0
242,Officer Sandwich,Chinese,Snack,931,46.6,129.4,59.3,27.6,46.1,374,83,Boiled,2.0,0
1483,Year Curry,Mediterranean,Breakfast,784,68.7,119.0,21.4,22.0,37.7,2117,73,Boiled,3.4,0
948,Against Sandwich,Chinese,Dinner,506,49.9,50.5,5.2,3.1,9.2,983,234,Fried,3.6,1
658,Finally Stew,Chinese,Breakfast,641,74.9,27.2,14.6,21.4,4.8,1507,68,Roasted,2.5,1
1263,Pick Salad,Mexican,Breakfast,150,9.7,42.0,3.2,22.4,18.5,1849,47,Roasted,4.9,1
198,Nearly Curry,Japanese,Snack,688,58.3,16.1,4.1,24.5,12.0,2166,207,Boiled,2.3,1
1029,Try Soup,Italian,Snack,196,74.8,27.2,24.0,25.7,18.2,2467,192,Raw,3.5,1
118,Describe Soup,Indian,Snack,769,40.1,26.2,0.9,12.0,3.0,1972,282,Baked,4.9,0
1488,Happen Soup,Mediterranean,Snack,545,12.6,96.3,9.8,17.1,16.0,233,146,Roasted,3.1,1
194,Mrs Wrap,Thai,Lunch,390,67.6,146.2,27.8,13.5,41.1,2433,238,Grilled,4.1,0
127,Dream Curry,Italian,Breakfast,765,74.3,96.3,20.1,4.8,29.9,690,159,Steamed,3.1,0
923,Car Rice,American,Dinner,652,41.3,0.6,7.5,25.2,15.9,1602,22,Boiled,3.6,1
1868,Debate Sandwich,Thai,Dinner,578,32.0,87.9,22.7,7.0,16.0,896,169,Raw,2.4,1
671,Ahead Wrap,American,Lunch,404,20.8,128.3,12.1,1.8,10.9,1434,246,Raw,4.6,1
1868,Debate Sandwich,Thai,Dinner,578,32.0,87.9,22.7,7.0,16.0,896,169,Raw,2.4,1
103,Discussion Rice,Mexican,Breakfast,478,23.4,83.6,2.7,2.2,10.1,322,4,Steamed,2.9,1
1768,Call Salad,Mexican,Dinner,351,56.4,119.0,18.9,26.3,1.5,840,104,Boiled,2.3,1
1469,Address Rice,Italian,Breakfast,469,55.2,60.4,18.4,2.3,8.1,342,92,Raw,4.0,1
1016,Time Sandwich,Mediterranean,Lunch,139,40.9,1.4,12.7,2.6,12.9,2208,193,Grilled,2.5,1
1602,Be Pasta,Mediterranean,Snack,232,79.0,31.3,4.3,27.2,10.5,326,206,Fried,1.9,1
1029,Try Soup,Italian,Snack,196,74.8,27.2,24.0,25.7,18.2,2467,192,Raw,3.5,1
1141,Phone Soup,Mexican,Breakfast,816,27.7,72.2,54.6,28.2,10.9,1612,154,Baked,2.0,0
1264,Account Pasta,Indian,Snack,551,51.8,0.4,6.7,12.7,6.3,2053,46,Grilled,2.8,1
1683,Town Curry,Italian,Snack,689,59.7,5.1,45.1,5.8,18.7,694,295,Raw,3.6,0
1309,My Sandwich,Italian,Snack,210,54.9,93.2,18.5,7.6,6.4,1939,122,Roasted,2.1,1
1281,Newspaper Wrap,Indian,Breakfast,177,10.2,57.9,0.1,16.0,4.5,933,289,Fried,1.1,1
527,As Soup,Japanese,Snack,877,71.3,94.1,53.2,28.7,3.1,1839,215,Boiled,2.2,0
97,Appear Stew,Mediterranean,Breakfast,172,43.0,110.6,0.5,24.1,13.2,354,185,Boiled,2.0,1
1296,Process Wrap,Thai,Snack,106,24.5,18.3,1.7,10.3,0.8,526,178,Fried,4.0,1
1943,Finish Rice,Indian,Lunch,440,66.6,129.6,55.7,2.9,28.6,1410,248,Steamed,3.9,0
808,Own Sandwich,American,Lunch,526,65.7,122.4,15.4,1.9,4.2,369,244,Baked,3.9,1
1521,Understand Curry,Chinese,Dinner,432,43.3,81.7,12.3,15.0,10.1,1573,246,Baked,4.3,1
1275,Step Soup,American,Snack,350,9.2,112.5,12.7,9.7,13.3,1728,114,Roasted,1.4,1
1695,Western Pasta,Thai,Breakfast,218,20.9,60.5,16.3,19.3,8.2,713,183,Roasted,4.1,1
443,From Wrap,Mexican,Lunch,784,27.2,29.1,20.8,2.2,38.2,927,218,Raw,4.1,0
834,Few Stew,Indian,Dinner,523,74.4,17.0,45.9,24.8,34.8,389,244,Raw,2.0,0
548,Near Sandwich,Chinese,Breakfast,346,55.7,57.6,9.3,18.4,2.3,1581,212,Roasted,2.6,1
114,Condition Soup,Indian,Breakfast,248,65.2,32.6,37.5,10.0,16.4,1945,221,Fried,3.9,0
1474,Writer Rice,Mexican,Dinner,248,28.4,118.7,17.5,14.4,37.9,1456,203,Baked,1.3,0
1170,Animal Pasta,Mexican,Dinner,328,60.2,40.9,2.7,9.9,5.3,799,136,Raw,3.6,1
103,Discussion Rice,Mexican,Breakfast,478,23.4,83.6,2.7,2.2,10.1,322,4,Steamed,2.9,1
548,Near Sandwich,Chinese,Breakfast,346,55.7,57.6,9.3,18.4,2.3,1581,212,Roasted,2.6,1
1978,Evidence Wrap,Italian,Snack,324,7.1,141.9,0.8,22.4,4.1,1406,41,Roasted,2.8,1
585,Example Pasta,American,Breakfast,420,19.0,41.6,13.0,23.8,1.9,257,51,Raw,1.3,1
169,Other Soup,Thai,Lunch,693,40.7,73.6,32.0,25.1,26.4,2121,241,Steamed,4.8,0
33,Story Curry,Mediterranean,Lunch,1178,65.7,118.8,39.0,18.6,26.6,1210,160,Roasted,1.5,0
1053,Thought Curry,Indian,Breakfast,132,70.6,69.1,3.1,12.5,19.1,2469,0,Boiled,1.1,1
64,Wall Sandwich,Mediterranean,Breakfast,255,29.3,46.8,19.5,25.7,6.5,1794,116,Boiled,4.2,1
761,Enjoy Salad,Japanese,Lunch,1152,10.9,124.6,40.4,14.0,0.3,1433,252,Boiled,3.2,0
1531,Day Wrap,Mediterranean,Snack,1090,25.5,109.8,43.0,5.0,13.1,467,217,Steamed,4.5,0
1910,Investment Stew,American,Dinner,374,36.3,134.4,10.4,20.7,8.3,714,43,Baked,2.2,1
482,Other Pasta,Japanese,Snack,143,73.3,94.5,15.7,24.1,13.0,348,215,Grilled,2.5,1
1766,Learn Soup,Mexican,Dinner,1064,51.6,88.1,36.1,0.0,46.0,2202,158,Grilled,1.3,0
770,Surface Curry,Italian,Breakfast,458,11.7,38.4,8.9,2.7,35.6,125,246,Baked,3.9,0
1883,Near Curry,Mexican,Dinner,715,55.7,115.6,2.5,27.6,48.8,842,228,Steamed,4.8,0
498,Within Curry,American,Lunch,1016,64.1,26.2,27.6,1.5,38.4,1209,155,Steamed,1.2,0
22,Despite Rice,Italian,Snack,578,33.5,135.3,7.4,10.6,18.7,1156,110,Fried,3.7,1
1237,At Sandwich,American,Lunch,533,51.3,1.5,11.1,0.3,10.3,1581,232,Raw,4.7,1
670,Town Stew,Chinese,Lunch,1035,68.9,96.4,2.2,9.3,16.4,759,17,Grilled,2.8,0
189,Later Stew,American,Breakfast,1094,73.6,2.5,0.6,13.1,35.7,2279,145,Roasted,4.1,0
804,Sort Rice,Thai,Lunch,656,61.0,58.6,18.7,10.2,43.2,746,128,Baked,1.6,0
1695,Western Pasta,Thai,Breakfast,218,20.9,60.5,16.3,19.3,8.2,713,183,Roasted,4.1,1
1804,Drug Curry,Italian,Dinner,680,18.3,4.5,10.7,5.4,12.0,1137,20,Baked,3.2,1
459,Reduce Rice,Indian,Breakfast,504,16.6,68.7,15.8,26.5,17.8,1833,53,Boiled,2.4,1
1791,More Soup,Chinese,Lunch,111,74.3,75.8,22.4,26.2,30.6,768,93,Fried,1.7,0
644,Place Stew,Italian,Lunch,1104,76.0,6.2,47.7,25.4,16.2,122,287,Roasted,3.6,0
1546,Already Sandwich,Mexican,Lunch,1072,30.8,70.9,55.5,26.4,6.6,183,56,Roasted,2.2,0
1875,Situation Soup,Mexican,Lunch,1113,28.6,105.2,30.7,25.5,4.3,1000,51,Grilled,4.2,0
1385,Only Soup,Mediterranean,Breakfast,606,20.2,120.7,11.9,21.2,12.8,1598,11,Raw,3.6,1
209,In Salad,Indian,Dinner,640,53.8,92.8,11.3,1.9,14.6,1803,79,Fried,2.0,1
1524,Cultural Curry,Mediterranean,Dinner,612,16.7,122.0,39.3,10.8,45.0,834,142,Roasted,1.6,0
1249,Crime Stew,Mexican,Breakfast,339,71.2,9.2,4.3,25.5,17.9,2396,250,Raw,4.1,1
1317,Modern Curry,American,Dinner,430,10.8,93.6,20.0,4.7,5.7,2048,51,Steamed,2.1,1
1925,Despite Pasta,Mediterranean,Lunch,570,68.3,133.4,8.1,4.3,17.4,1763,195,Boiled,1.4,1
482,Other Pasta,Japanese,Snack,143,73.3,94.5,15.7,24.1,13.0,348,215,Grilled,2.5,1
646,Buy Sandwich,Mediterranean,Lunch,649,78.9,96.6,3.2,11.2,13.5,1413,75,Roasted,4.2,1
484,Phone Stew,Indian,Snack,348,48.3,10.8,4.0,7.4,27.4,1247,101,Roasted,3.8,0
1782,Face Pasta,Italian,Lunch,370,7.4,34.9,5.1,29.0,16.0,2309,269,Raw,1.1,1
1438,Keep Wrap,Mediterranean,Lunch,898,59.7,147.8,19.3,3.8,15.6,1059,2,Raw,4.9,0
1718,Culture Rice,Mediterranean,Dinner,219,5.6,106.0,14.3,24.6,7.6,1300,157,Baked,4.5,1
1441,Another Wrap,Japanese,Breakfast,145,72.5,78.9,27.3,13.9,13.4,1702,204,Roasted,1.8,0
265,Sell Rice,Indian,Lunch,1139,20.7,80.6,42.6,15.0,0.0,886,40,Fried,3.5,0
569,Piece Rice,American,Snack,541,23.6,96.5,47.4,7.2,12.8,1304,4,Baked,2.7,0
810,Stop Soup,Chinese,Breakfast,592,48.9,39.0,36.0,12.4,36.9,967,254,Steamed,3.8,0
546,Participant Soup,Indian,Breakfast,565,53.2,30.8,15.1,27.4,4.5,2452,160,Steamed,3.9,1
749,Role Soup,Japanese,Snack,669,59.9,91.7,17.9,19.0,17.0,764,44,Steamed,3.3,1
651,Arrive Salad,Japanese,Breakfast,321,57.0,9.9,36.2,24.9,48.8,620,95,Baked,2.4,0
1440,Item Rice,Italian,Snack,227,33.6,6.6,13.5,29.1,20.6,2089,280,Baked,1.8,0
1532,Air Wrap,American,Lunch,541,24.0,80.7,31.9,26.8,7.0,65,212,Baked,1.8,0
1148,Believe Soup,American,Breakfast,233,75.9,123.7,8.1,0.1,8.8,982,270,Roasted,3.5,1
791,International Sandwich,Italian,Snack,592,26.5,95.1,14.3,27.9,16.6,1528,224,Steamed,1.3,1
570,Tell Rice,Chinese,Snack,282,31.5,99.7,7.4,11.5,2.8,2381,87,Fried,2.1,1
994,Wind Rice,Mexican,Lunch,994,20.3,94.2,51.1,5.1,15.4,2030,256,Boiled,3.0,0
881,Left Wrap,Mexican,Lunch,391,7.6,121.0,6.4,17.9,2.7,2413,109,Boiled,2.4,1
1415,Not Stew,Italian,Breakfast,478,24.2,68.5,33.5,15.1,16.1,249,282,Steamed,1.1,0
1925,Despite Pasta,Mediterranean,Lunch,570,68.3,133.4,8.1,4.3,17.4,1763,195,Boiled,1.4,1
871,Act Curry,Thai,Lunch,383,41.9,60.5,14.8,5.8,15.9,1544,293,Fried,3.8,1
209,In Salad,Indian,Dinner,640,53.8,92.8,11.3,1.9,14.6,1803,79,Fried,2.0,1
790,Network Curry,Mexican,Breakfast,322,23.4,80.4,24.5,3.1,17.3,2002,86,Fried,1.4,1
1136,Yeah Salad,Japanese,Dinner,597,49.6,4.0,12.4,5.0,18.1,2328,35,Baked,1.1,1
675,Wear Rice,American,Snack,376,51.0,136.0,4.9,4.4,8.1,1118,97,Baked,1.2,1
776,Likely Rice,Mexican,Snack,1156,60.4,84.7,3.7,7.0,47.9,1606,113,Steamed,2.0,0
1176,Evidence Pasta,Japanese,Dinner,189,79.8,33.1,23.2,13.1,10.0,2458,244,Raw,1.1,1
821,Involve Rice,Chinese,Snack,640,8.5,105.9,41.9,26.9,19.0,1067,287,Baked,3.8,0
247,Method Stew,Chinese,Dinner,122,14.6,110.3,8.9,3.2,3.0,869,169,Roasted,4.1,1
1478,Remember Pasta,Mediterranean,Lunch,225,73.2,118.2,12.8,12.4,6.7,983,286,Roasted,4.1,1
561,Firm Rice,Indian,Breakfast,215,55.6,58.4,56.6,9.0,22.4,1669,231,Steamed,2.1,0
96,Democrat Stew,Chinese,Breakfast,348,50.6,17.8,45.1,18.0,10.7,1502,9,Grilled,3.7,0
1445,Relationship Pasta,Italian,Breakfast,479,79.3,15.0,42.9,27.4,11.9,2015,289,Steamed,4.8,0
1467,Life Rice,Indian,Dinner,129,24.6,91.6,20.3,1.8,18.7,1822,106,Fried,4.3,1
1004,Old Soup,Italian,Dinner,1179,18.4,85.5,30.1,8.2,5.7,659,218,Grilled,4.0,0
91,Summer Stew,Japanese,Lunch,487,6.4,72.0,16.3,22.7,6.8,621,269,Steamed,1.6,1
459,Reduce Rice,Indian,Breakfast,504,16.6,68.7,15.8,26.5,17.8,1833,53,Boiled,2.4,1
853,Left Curry,Indian,Snack,302,75.9,73.3,59.0,28.5,18.6,348,114,Steamed,1.1,0
366,Difficult Pasta,American,Lunch,614,77.8,139.1,24.6,24.6,38.8,1698,206,Steamed,4.2,0
885,Serious Wrap,Mediterranean,Lunch,287,62.3,13.6,17.3,0.5,10.3,2434,118,Fried,3.9,1
459,Reduce Rice,Indian,Breakfast,504,16.6,68.7,15.8,26.5,17.8,1833,53,Boiled,2.4,1
1037,Difference Curry,American,Dinner,603,31.9,81.3,19.9,16.4,38.5,1870,205,Boiled,3.0,0
907,Simply Stew,Mexican,Lunch,778,22.1,101.0,11.3,24.8,37.3,2496,12,Grilled,5.0,0
999,Air Stew,Chinese,Snack,742,20.0,10.8,59.8,20.7,10.9,357,27,Boiled,4.0,0
205,Majority Wrap,American,Breakfast,826,77.3,69.7,36.5,15.7,7.9,2205,224,Roasted,3.6,0
185,Recent Rice,Mediterranean,Snack,918,37.3,15.2,9.2,18.1,16.9,283,150,Grilled,1.1,0
1682,View Pasta,Mediterranean,Lunch,674,13.9,77.5,19.9,27.6,35.2,2122,145,Raw,1.4,0
495,Possible Pasta,Chinese,Dinner,970,30.8,59.3,53.3,6.2,11.5,128,275,Steamed,3.9,0
1448,International Stew,American,Breakfast,879,12.1,0.3,25.6,21.5,9.6,1287,229,Steamed,2.6,0
1220,Around Sandwich,Indian,Snack,693,45.5,143.3,43.3,11.5,22.8,1488,245,Baked,4.7,0
1782,Face Pasta,Italian,Lunch,370,7.4,34.9,5.1,29.0,16.0,2309,269,Raw,1.1,1
1424,Peace Wrap,Thai,Snack,1112,41.6,26.3,57.0,13.0,27.8,197,184,Boiled,4.5,0
364,Ever Soup,American,Breakfast,147,59.2,31.7,43.3,7.8,19.6,2261,231,Steamed,3.1,0
1975,Range Stew,Indian,Breakfast,1044,69.6,83.8,44.1,2.3,10.7,894,136,Raw,3.5,0
1330,Know Curry,Indian,Snack,671,43.2,35.5,18.6,27.4,8.7,2231,31,Raw,1.9,1
1965,Your Pasta,American,Dinner,304,16.3,127.4,23.2,11.1,10.4,1065,219,Fried,4.5,1
968,Mind Stew,Thai,Dinner,237,37.1,3.8,6.6,2.7,19.0,1838,245,Boiled,1.5,1
349,Movie Soup,Indian,Dinner,909,13.5,61.4,50.5,5.4,6.3,1316,299,Roasted,2.3,0
917,Painting Sandwich,Indian,Dinner,483,27.3,75.1,22.8,8.0,44.8,1120,60,Roasted,2.8,0
1332,Relate Salad,Indian,Lunch,757,56.3,116.6,18.7,28.4,35.5,2093,107,Baked,1.3,0
1925,Despite Pasta,Mediterranean,Lunch,570,68.3,133.4,8.1,4.3,17.4,1763,195,Boiled,1.4,1
927,Arm Soup,American,Breakfast,469,29.3,128.1,6.6,25.6,9.8,441,5,Fried,1.9,1
252,North Rice,Indian,Breakfast,393,35.4,148.6,6.3,3.4,19.9,713,66,Baked,4.3,1
597,Seven Sandwich,Mediterranean,Lunch,384,51.4,81.4,1.6,25.3,1.4,2227,219,Boiled,1.8,1
128,Item Soup,Chinese,Lunch,484,10.8,72.9,11.7,12.1,12.1,1844,102,Boiled,2.9,1
1635,Message Soup,Italian,Snack,1079,34.6,124.7,45.2,15.8,27.4,411,32,Raw,3.0,0
856,World Curry,American,Breakfast,850,42.5,18.8,39.1,16.1,6.5,2361,36,Raw,2.0,0
880,Quite Sandwich,American,Lunch,1065,71.9,75.2,55.4,23.3,38.9,1001,278,Baked,3.8,0
62,Heavy Stew,Italian,Dinner,417,35.6,123.3,3.3,29.4,49.7,2341,232,Roasted,2.1,0
790,Network Curry,Mexican,Breakfast,322,23.4,80.4,24.5,3.1,17.3,2002,86,Fried,1.4,1
1952,Mean Wrap,Indian,Dinner,685,23.2,24.5,9.7,25.4,7.3,780,127,Boiled,2.6,1
1762,Reason Curry,Mediterranean,Lunch,634,53.5,9.9,19.9,16.9,6.8,772,188,Fried,2.0,1
1876,Camera Rice,Japanese,Lunch,798,57.2,15.9,58.9,9.2,30.4,353,95,Fried,2.6,0
1318,Religious Soup,American,Breakfast,219,22.1,21.9,13.4,0.8,6.1,182,277,Steamed,2.5,1
1576,Well Stew,Thai,Dinner,565,50.9,78.3,8.9,9.9,5.2,805,231,Raw,2.6,1
1083,Idea Stew,Mediterranean,Snack,990,42.6,14.8,19.7,2.1,7.9,703,299,Fried,2.1,0
1925,Despite Pasta,Mediterranean,Lunch,570,68.3,133.4,8.1,4.3,17.4,1763,195,Boiled,1.4,1
1539,Can Sandwich,Thai,Breakfast,620,57.9,108.3,34.7,25.1,31.4,1950,139,Fried,2.4,0
847,Along Curry,Mediterranean,Breakfast,205,54.6,13.6,42.0,28.9,23.8,2038,56,Baked,3.7,0
1299,Stuff Rice,Thai,Snack,280,8.0,112.3,15.9,13.9,7.9,1943,161,Raw,1.6,1
319,Share Salad,Mexican,Breakfast,396,43.6,87.5,27.3,1.0,20.2,1127,23,Steamed,2.9,0
1609,At Wrap,Italian,Snack,277,20.0,119.9,5.3,17.5,6.6,1270,240,Roasted,2.5,1
470,Above Rice,Mediterranean,Dinner,591,24.3,66.3,54.2,21.3,7.7,1489,288,Baked,1.7,0
269,Pull Sandwich,Mexican,Lunch,223,42.4,48.8,22.7,26.2,18.4,2171,62,Boiled,3.3,1
563,Sure Sandwich,Thai,Breakfast,120,24.5,74.4,10.6,2.6,7.4,1436,299,Steamed,4.5,1
796,College Pasta,Thai,Lunch,361,14.9,38.3,14.8,2.5,48.8,2209,144,Raw,4.3,0
1045,Education Stew,Mediterranean,Breakfast,928,44.0,62.0,49.7,0.4,48.1,1154,279,Roasted,1.6,0
649,Management Soup,Thai,Breakfast,423,6.2,144.1,12.4,28.7,18.3,2489,264,Baked,1.8,1
1085,Place Rice,Chinese,Lunch,634,76.3,5.7,28.1,0.5,2.6,1432,234,Steamed,4.8,0
398,Parent Salad,Japanese,Lunch,365,50.3,136.8,2.3,14.8,14.9,1258,212,Fried,2.2,1
482,Other Pasta,Japanese,Snack,143,73.3,94.5,15.7,24.1,13.0,348,215,Grilled,2.5,1
363,Level Wrap,Indian,Snack,939,5.9,92.3,25.8,23.9,42.8,1164,54,Roasted,3.0,0
1528,Lot Wrap,Thai,Dinner,284,6.0,107.6,56.8,6.6,20.3,2352,253,Steamed,1.6,0
1899,Social Stew,Mediterranean,Snack,470,50.3,72.4,39.6,15.7,35.5,395,198,Boiled,3.3,0
1193,Still Stew,Mexican,Dinner,642,39.3,15.8,50.8,24.7,4.2,609,195,Boiled,1.9,0
378,Bag Wrap,American,Lunch,104,35.5,118.7,28.8,0.5,14.8,199,28,Baked,3.1,0
168,Father Sandwich,Japanese,Dinner,165,47.1,130.5,30.0,17.3,31.2,1825,255,Boiled,3.5,0
36,Which Soup,Indian,Snack,249,79.5,91.2,11.3,29.4,3.5,2354,120,Boiled,2.5,1
1216,Design Salad,Mediterranean,Dinner,524,79.9,85.1,38.9,6.1,40.7,1800,14,Grilled,2.7,0
935,Four Pasta,Thai,Lunch,1178,68.8,65.0,4.5,23.6,20.3,1308,53,Grilled,1.4,0
1061,Car Salad,Mexican,Dinner,403,66.3,91.3,56.7,24.7,38.4,2400,297,Baked,3.5,0
666,Plant Wrap,Mediterranean,Snack,154,15.9,32.1,4.2,11.4,15.4,1032,232,Grilled,2.0,1
1497,Receive Rice,Indian,Snack,494,59.4,99.4,15.8,4.1,19.6,415,231,Baked,4.7,1
726,Own Salad,Thai,Lunch,351,44.3,39.3,35.1,1.5,4.3,1853,239,Fried,3.8,0
1098,Weight Curry,Italian,Breakfast,862,31.8,41.4,23.3,4.5,39.7,1629,99,Boiled,4.8,0
1461,Whom Rice,Japanese,Snack,485,42.9,70.0,10.0,1.3,3.0,215,115,Boiled,4.7,1
1917,Weight Soup,American,Dinner,595,40.2,27.2,3.4,10.0,14.4,148,142,Fried,2.2,1
649,Management Soup,Thai,Breakfast,423,6.2,144.1,12.4,28.7,18.3,2489,264,Baked,1.8,1
722,System Rice,Japanese,Lunch,698,79.2,25.6,13.5,0.5,12.3,178,214,Roasted,4.4,1
618,Town Wrap,Italian,Lunch,226,77.2,69.6,18.9,6.2,16.6,422,44,Steamed,3.8,1
36,Which Soup,Indian,Snack,249,79.5,91.2,11.3,29.4,3.5,2354,120,Boiled,2.5,1
1334,Trip Sandwich,Indian,Dinner,1165,34.3,36.4,27.9,28.2,19.8,507,167,Roasted,4.6,0
1608,Policy Soup,Thai,Snack,621,53.8,118.9,15.3,18.6,19.1,852,287,Boiled,1.8,1
28,Listen Salad,Indian,Snack,1091,23.2,129.0,13.7,29.0,34.4,464,148,Raw,3.9,0
1239,Century Sandwich,Thai,Dinner,582,58.1,95.1,14.6,4.7,13.5,86,143,Boiled,1.1,1
1768,Call Salad,Mexican,Dinner,351,56.4,119.0,18.9,26.3,1.5,840,104,Boiled,2.3,1
1732,You Pasta,Japanese,Snack,319,56.6,43.3,16.4,26.9,14.5,1725,67,Grilled,3.7,1
52,Company Wrap,Indian,Dinner,153,76.0,79.0,23.3,24.0,8.5,1581,80,Raw,4.3,1
964,Could Stew,Mediterranean,Dinner,526,7.7,9.3,44.1,10.4,2.7,1779,104,Boiled,1.0,0
1154,Real Pasta,Chinese,Lunch,125,68.3,105.9,10.0,16.4,9.8,329,73,Roasted,1.8,1
1032,Gas Wrap,Italian,Dinner,1094,13.7,128.9,35.3,23.7,29.7,576,72,Fried,4.0,0
1245,Wife Soup,Japanese,Snack,544,30.8,138.8,16.2,24.3,9.0,993,241,Baked,3.4,1
1715,Move Curry,Japanese,Snack,292,65.1,146.7,8.0,0.1,4.7,1034,131,Grilled,1.1,1
1566,Purpose Salad,Chinese,Dinner,224,72.0,88.3,2.3,10.6,2.8,241,247,Boiled,4.1,1
423,Call Sandwich,Indian,Snack,989,45.1,114.8,53.2,4.7,14.8,132,36,Raw,2.2,0
1459,Wish Rice,Italian,Snack,344,46.6,114.1,21.7,20.8,1.4,825,107,Baked,1.4,1
1025,Establish Pasta,Indian,Dinner,185,39.4,5.7,14.8,28.9,1.9,578,236,Roasted,4.8,1
597,Seven Sandwich,Mediterranean,Lunch,384,51.4,81.4,1.6,25.3,1.4,2227,219,Boiled,1.8,1
1136,Yeah Salad,Japanese,Dinner,597,49.6,4.0,12.4,5.0,18.1,2328,35,Baked,1.1,1
1478,Remember Pasta,Mediterranean,Lunch,225,73.2,118.2,12.8,12.4,6.7,983,286,Roasted,4.1,1
1028,Full Soup,Japanese,Dinner,788,33.6,139.5,53.0,5.2,28.8,1826,223,Boiled,3.8,0
839,Popular Salad,American,Snack,501,64.2,127.6,10.4,28.0,8.8,1099,90,Steamed,1.3,1
1917,Weight Soup,American,Dinner,595,40.2,27.2,3.4,10.0,14.4,148,142,Fried,2.2,1
398,Parent Salad,Japanese,Lunch,365,50.3,136.8,2.3,14.8,14.9,1258,212,Fried,2.2,1
1473,Subject Wrap,Italian,Lunch,1182,73.1,57.5,35.1,26.4,41.0,1003,232,Boiled,1.9,0
1340,Development Soup,Italian,Dinner,406,44.0,115.5,8.2,5.5,14.6,1868,44,Baked,5.0,1
1027,Source Sandwich,Mediterranean,Snack,541,37.7,148.3,38.0,27.5,39.1,307,3,Boiled,4.4,0
1564,Although Salad,Mediterranean,Dinner,636,28.6,123.0,9.1,13.0,7.6,1995,197,Boiled,1.2,1
622,Wide Pasta,Indian,Breakfast,842,67.8,144.4,51.0,26.6,25.8,1684,100,Boiled,4.9,0
791,International Sandwich,Italian,Snack,592,26.5,95.1,14.3,27.9,16.6,1528,224,Steamed,1.3,1
1110,Give Sandwich,Mexican,Snack,150,69.0,85.7,10.2,26.2,6.4,1710,257,Roasted,4.3,1
1817,Various Rice,Japanese,Snack,726,47.2,45.1,21.5,15.6,17.6,417,150,Baked,3.2,0
1945,Candidate Soup,Chinese,Breakfast,516,54.1,54.5,18.5,18.2,7.4,2377,130,Steamed,2.3,1
1977,Author Rice,Chinese,Breakfast,1178,39.1,99.6,32.1,25.3,18.9,674,296,Fried,1.6,0
1580,Country Sandwich,Chinese,Breakfast,240,46.4,73.5,4.8,17.7,23.8,2345,33,Boiled,3.5,0
749,Role Soup,Japanese,Snack,669,59.9,91.7,17.9,19.0,17.0,764,44,Steamed,3.3,1
1111,Reveal Wrap,Chinese,Breakfast,213,49.3,101.2,1.6,5.7,33.5,941,265,Steamed,3.9,0
1130,My Soup,Chinese,Dinner,174,16.7,9.7,21.3,21.2,12.8,657,96,Steamed,3.3,1
252,North Rice,Indian,Breakfast,393,35.4,148.6,6.3,3.4,19.9,713,66,Baked,4.3,1
147,We Salad,Mediterranean,Dinner,851,46.4,113.0,16.5,21.1,43.2,2111,22,Roasted,3.9,0
548,Near Sandwich,Chinese,Breakfast,346,55.7,57.6,9.3,18.4,2.3,1581,212,Roasted,2.6,1
1490,Once Sandwich,Italian,Lunch,880,71.2,69.7,1.5,28.9,38.4,2123,139,Steamed,2.4,0
392,Own Salad,Mediterranean,Dinner,925,28.9,101.6,48.7,6.9,40.4,2470,99,Grilled,1.5,0
912,Somebody Wrap,Chinese,Lunch,953,70.8,66.0,52.6,23.7,36.6,362,210,Baked,4.8,0
1811,Fast Pasta,Thai,Breakfast,601,52.5,53.2,41.7,3.1,13.3,925,228,Boiled,4.3,0
1079,Country Pasta,Italian,Dinner,213,40.2,130.5,54.3,8.8,43.1,999,164,Grilled,3.1,0
585,Example Pasta,American,Breakfast,420,19.0,41.6,13.0,23.8,1.9,257,51,Raw,1.3,1
1762,Reason Curry,Mediterranean,Lunch,634,53.5,9.9,19.9,16.9,6.8,772,188,Fried,2.0,1
783,Member Curry,Chinese,Breakfast,399,15.5,126.4,5.3,25.8,14.8,1826,226,Grilled,2.7,1
400,Room Stew,Chinese,Breakfast,1166,64.3,27.1,57.5,29.0,39.7,1098,46,Baked,2.9,0
649,Management Soup,Thai,Breakfast,423,6.2,144.1,12.4,28.7,18.3,2489,264,Baked,1.8,1
382,His Rice,Mediterranean,Snack,976,37.6,60.6,46.4,12.9,47.7,1353,239,Boiled,4.0,0
1279,Benefit Sandwich,Thai,Lunch,299,58.6,19.6,13.1,20.3,17.2,183,205,Fried,2.2,1
1801,Front Soup,American,Lunch,370,76.0,104.4,4.1,21.0,12.2,514,37,Roasted,3.6,1
782,Especially Salad,Italian,Dinner,1166,79.1,29.8,8.5,28.0,8.1,334,237,Boiled,1.9,0
1497,Receive Rice,Indian,Snack,494,59.4,99.4,15.8,4.1,19.6,415,231,Baked,4.7,1
13,Because Salad,Mexican,Breakfast,545,9.0,137.2,45.3,19.5,34.1,765,175,Steamed,1.8,0
320,Serious Rice,Chinese,Breakfast,461,55.6,116.0,14.7,0.1,9.5,1314,179,Roasted,1.8,1
1318,Religious Soup,American,Breakfast,219,22.1,21.9,13.4,0.8,6.1,182,277,Steamed,2.5,1
453,Shoulder Salad,American,Lunch,662,72.7,85.0,23.2,27.6,19.6,2293,43,Grilled,4.3,1
874,Indicate Wrap,Indian,Lunch,896,36.1,116.7,47.5,29.6,30.9,603,131,Boiled,4.7,0
1307,Quickly Salad,Indian,Lunch,306,56.7,66.9,19.8,11.7,8.6,1416,116,Boiled,4.6,1
111,Use Wrap,Japanese,Lunch,897,52.1,17.5,32.8,13.3,22.2,690,20,Steamed,2.4,0
150,Pick Rice,Thai,Lunch,1110,22.1,97.4,21.4,4.0,12.6,1187,107,Grilled,4.4,0
198,Nearly Curry,Japanese,Snack,688,58.3,16.1,4.1,24.5,12.0,2166,207,Boiled,2.3,1
92,Attorney Salad,Chinese,Dinner,350,11.8,29.0,15.2,15.8,6.0,948,130,Baked,3.8,1
1136,Yeah Salad,Japanese,Dinner,597,49.6,4.0,12.4,5.0,18.1,2328,35,Baked,1.1,1
1299,Stuff Rice,Thai,Snack,280,8.0,112.3,15.9,13.9,7.9,1943,161,Raw,1.6,1
520,Way Sandwich,Thai,Dinner,138,59.0,73.6,14.0,13.4,9.1,1036,297,Raw,1.2,1
1965,Your Pasta,American,Dinner,304,16.3,127.4,23.2,11.1,10.4,1065,219,Fried,4.5,1
198,Nearly Curry,Japanese,Snack,688,58.3,16.1,4.1,24.5,12.0,2166,207,Boiled,2.3,1
1148,Believe Soup,American,Breakfast,233,75.9,123.7,8.1,0.1,8.8,982,270,Roasted,3.5,1
1563,Base Rice,Japanese,Lunch,180,41.3,45.5,16.8,16.3,9.5,1560,203,Grilled,2.8,1
897,Us Curry,Mediterranean,Snack,289,75.2,141.9,15.3,17.3,1.8,108,168,Grilled,4.5,1
1831,Fine Sandwich,American,Dinner,1168,59.6,19.8,40.8,27.0,6.2,1907,226,Grilled,2.0,0
565,Strong Sandwich,Chinese,Snack,450,24.7,77.2,53.2,0.5,28.6,1315,292,Grilled,2.0,0
1385,Only Soup,Mediterranean,Breakfast,606,20.2,120.7,11.9,21.2,12.8,1598,11,Raw,3.6,1
1309,My Sandwich,Italian,Snack,210,54.9,93.2,18.5,7.6,6.4,1939,122,Roasted,2.1,1
1411,Energy Stew,American,Breakfast,1176,44.4,141.6,19.2,15.3,39.3,431,194,Grilled,1.6,0
55,Economic Curry,Mexican,Snack,275,46.1,23.0,4.1,23.0,4.9,1179,249,Baked,1.1,1
1044,Wish Wrap,Japanese,Dinner,541,5.9,109.6,35.0,11.3,22.6,1658,257,Grilled,2.4,0
1229,Mouth Pasta,Mexican,Snack,1126,42.6,102.9,2.4,7.6,33.3,1126,15,Raw,1.6,0
1029,Try Soup,Italian,Snack,196,74.8,27.2,24.0,25.7,18.2,2467,192,Raw,3.5,1
458,Become Sandwich,Chinese,Dinner,172,74.7,148.7,57.0,23.9,0.5,1781,163,Roasted,3.6,0
1012,Mrs Salad,Japanese,Lunch,1042,33.7,44.1,21.0,11.9,27.2,2190,56,Baked,3.4,0
36,Which Soup,Indian,Snack,249,79.5,91.2,11.3,29.4,3.5,2354,120,Boiled,2.5,1
523,Feel Soup,Mediterranean,Breakfast,549,47.7,83.4,57.0,11.5,1.9,1953,299,Raw,1.2,0
1110,Give Sandwich,Mexican,Snack,150,69.0,85.7,10.2,26.2,6.4,1710,257,Roasted,4.3,1
1313,He Curry,Thai,Dinner,410,57.5,41.7,20.5,17.1,9.1,1998,114,Boiled,1.1,1
1866,During Rice,Chinese,Dinner,1198,68.3,78.8,57.2,4.4,30.7,988,69,Boiled,2.2,0
839,Popular Salad,American,Snack,501,64.2,127.6,10.4,28.0,8.8,1099,90,Steamed,1.3,1
1625,Talk Wrap,Thai,Breakfast,1185,47.4,1.2,11.4,29.5,45.7,1702,201,Fried,2.3,0
1333,Great Pasta,Mexican,Dinner,1192,17.8,109.3,48.0,19.0,21.1,849,20,Boiled,1.3,0
1420,Where Sandwich,Mexican,Breakfast,277,12.2,103.5,15.0,4.2,3.7,1151,236,Grilled,2.8,1
1842,Sense Pasta,Mediterranean,Lunch,435,48.8,115.2,1.7,0.7,25.2,748,133,Steamed,3.5,0
1408,Likely Sandwich,Thai,Lunch,185,72.1,95.2,23.8,15.7,0.4,1608,40,Boiled,2.7,1
1215,Opportunity Wrap,Mediterranean,Lunch,342,24.7,148.9,0.5,26.2,5.6,215,190,Baked,2.4,1
209,In Salad,Indian,Dinner,640,53.8,92.8,11.3,1.9,14.6,1803,79,Fried,2.0,1
905,Try Pasta,Chinese,Lunch,912,10.2,16.0,57.7,29.4,0.7,1710,49,Baked,3.3,0
675,Wear Rice,American,Snack,376,51.0,136.0,4.9,4.4,8.1,1118,97,Baked,1.2,1
1031,Certain Curry,Indian,Snack,410,48.9,132.4,4.2,10.6,11.2,240,23,Roasted,1.1,1
1380,Tell Sandwich,Mexican,Lunch,437,69.7,35.6,55.5,18.9,8.3,1969,106,Baked,4.9,0
1299,Stuff Rice,Thai,Snack,280,8.0,112.3,15.9,13.9,7.9,1943,161,Raw,1.6,1
1264,Account Pasta,Indian,Snack,551,51.8,0.4,6.7,12.7,6.3,2053,46,Grilled,2.8,1
1608,Policy Soup,Thai,Snack,621,53.8,118.9,15.3,18.6,19.1,852,287,Boiled,1.8,1
1281,Newspaper Wrap,Indian,Breakfast,177,10.2,57.9,0.1,16.0,4.5,933,289,Fried,1.1,1
1147,Environmental Soup,Indian,Breakfast,641,38.8,102.6,12.2,20.4,23.2,803,150,Grilled,1.3,0
563,Sure Sandwich,Thai,Breakfast,120,24.5,74.4,10.6,2.6,7.4,1436,299,Steamed,4.5,1
1029,Try Soup,Italian,Snack,196,74.8,27.2,24.0,25.7,18.2,2467,192,Raw,3.5,1
678,Us Pasta,Italian,Breakfast,112,73.8,15.9,51.4,11.6,1.1,1603,8,Boiled,3.0,0
1455,Assume Wrap,Chinese,Dinner,683,65.2,127.5,25.3,5.9,20.8,2312,61,Steamed,4.8,0
91,Summer Stew,Japanese,Lunch,487,6.4,72.0,16.3,22.7,6.8,621,269,Steamed,1.6,1
1237,At Sandwich,American,Lunch,533,51.3,1.5,11.1,0.3,10.3,1581,232,Raw,4.7,1
749,Role Soup,Japanese,Snack,669,59.9,91.7,17.9,19.0,17.0,764,44,Steamed,3.3,1
671,Ahead Wrap,American,Lunch,404,20.8,128.3,12.1,1.8,10.9,1434,246,Raw,4.6,1
1497,Receive Rice,Indian,Snack,494,59.4,99.4,15.8,4.1,19.6,415,231,Baked,4.7,1
1955,Technology Sandwich,Japanese,Lunch,618,79.2,8.3,44.9,20.6,41.6,864,24,Roasted,4.5,0
1130,My Soup,Chinese,Dinner,174,16.7,9.7,21.3,21.2,12.8,657,96,Steamed,3.3,1
152,Receive Pasta,Mediterranean,Breakfast,249,76.9,66.4,53.9,1.4,27.6,399,0,Baked,4.6,0
90,Include Stew,Indian,Snack,379,47.1,144.7,28.4,1.2,6.2,2255,17,Baked,2.9,0
1318,Religious Soup,American,Breakfast,219,22.1,21.9,13.4,0.8,6.1,182,277,Steamed,2.5,1
798,Someone Rice,Indian,Breakfast,1124,15.7,40.0,8.2,2.0,16.6,1093,154,Roasted,4.5,0
1451,Know Soup,Mexican,Breakfast,780,47.2,138.7,33.1,19.9,48.0,652,142,Raw,1.5,0
597,Seven Sandwich,Mediterranean,Lunch,384,51.4,81.4,1.6,25.3,1.4,2227,219,Boiled,1.8,1
1672,Build Salad,Mediterranean,Breakfast,558,29.1,149.2,17.1,22.5,15.6,1442,112,Fried,1.9,1
299,Decision Pasta,Mediterranean,Dinner,195,10.6,72.8,19.3,7.5,5.6,60,183,Roasted,3.5,1
1732,You Pasta,Japanese,Snack,319,56.6,43.3,16.4,26.9,14.5,1725,67,Grilled,3.7,1
1516,Toward Rice,Chinese,Snack,1200,22.3,51.8,20.9,20.1,14.9,818,53,Roasted,4.6,0
1768,Call Salad,Mexican,Dinner,351,56.4,119.0,18.9,26.3,1.5,840,104,Boiled,2.3,1
1456,How Soup,Chinese,Lunch,1021,53.9,49.6,28.5,16.7,41.9,2399,229,Fried,3.0,0
464,Article Pasta,Mexican,Snack,232,18.8,74.5,7.0,20.1,14.8,1433,116,Grilled,2.8,1
1965,Your Pasta,American,Dinner,304,16.3,127.4,23.2,11.1,10.4,1065,219,Fried,4.5,1
413,Seat Sandwich,American,Lunch,1175,16.1,26.9,26.5,6.5,24.4,1193,39,Fried,1.9,0
718,Perhaps Wrap,American,Dinner,398,7.5,6.8,2.8,29.4,10.5,2328,25,Raw,2.4,1
370,Price Pasta,Mediterranean,Breakfast,874,70.4,128.3,56.8,23.3,5.2,2039,145,Fried,2.1,0
1313,He Curry,Thai,Dinner,410,57.5,41.7,20.5,17.1,9.1,1998,114,Boiled,1.1,1
813,Offer Sandwich,Thai,Breakfast,465,26.5,61.2,18.0,4.8,17.4,396,67,Grilled,2.3,1
1602,Be Pasta,Mediterranean,Snack,232,79.0,31.3,4.3,27.2,10.5,326,206,Fried,1.9,1
1772,Close Soup,Indian,Snack,370,18.9,113.0,48.7,20.3,45.1,1396,70,Raw,2.8,0
1227,Price Sandwich,Indian,Snack,164,27.1,43.4,40.2,16.5,6.1,1532,160,Raw,2.6,0
885,Serious Wrap,Mediterranean,Lunch,287,62.3,13.6,17.3,0.5,10.3,2434,118,Fried,3.9,1
482,Other Pasta,Japanese,Snack,143,73.3,94.5,15.7,24.1,13.0,348,215,Grilled,2.5,1
1677,Few Stew,Italian,Breakfast,131,54.4,10.2,24.8,18.3,16.4,1369,79,Steamed,2.2,1
1249,Crime Stew,Mexican,Breakfast,339,71.2,9.2,4.3,25.5,17.9,2396,250,Raw,4.1,1
1672,Build Salad,Mediterranean,Breakfast,558,29.1,149.2,17.1,22.5,15.6,1442,112,Fried,1.9,1
1484,Brother Curry,American,Lunch,1135,63.3,126.9,36.8,3.9,30.1,1115,286,Baked,4.6,0
357,Into Pasta,American,Dinner,807,75.5,58.2,59.2,26.4,0.2,1323,202,Fried,3.6,0
1788,Door Soup,Mexican,Snack,511,17.5,103.6,46.1,15.8,43.4,1197,217,Raw,3.0,0
813,Offer Sandwich,Thai,Breakfast,465,26.5,61.2,18.0,4.8,17.4,396,67,Grilled,2.3,1
1602,Be Pasta,Mediterranean,Snack,232,79.0,31.3,4.3,27.2,10.5,326,206,Fried,1.9,1
1940,Than Stew,Japanese,Breakfast,559,23.2,136.2,5.4,5.7,13.5,997,7,Raw,2.7,1
1846,Focus Salad,Japanese,Lunch,1179,59.5,42.9,37.7,1.8,26.7,557,276,Fried,2.5,0
1016,Time Sandwich,Mediterranean,Lunch,139,40.9,1.4,12.7,2.6,12.9,2208,193,Grilled,2.5,1
291,Month Sandwich,Italian,Dinner,161,45.4,128.4,49.8,7.1,25.6,2499,89,Raw,1.7,0
1497,Receive Rice,Indian,Snack,494,59.4,99.4,15.8,4.1,19.6,415,231,Baked,4.7,1
1031,Certain Curry,Indian,Snack,410,48.9,132.4,4.2,10.6,11.2,240,23,Roasted,1.1,1
758,Identify Sandwich,Thai,Snack,541,10.3,27.2,26.2,13.5,30.9,1996,153,Boiled,1.3,0
991,Positive Soup,Mediterranean,Lunch,575,9.9,41.2,36.6,13.9,47.9,2443,83,Raw,3.4,0
32,Ready Rice,Thai,Dinner,333,78.2,130.0,16.6,0.3,19.0,2416,167,Roasted,1.6,1
1307,Quickly Salad,Indian,Lunch,306,56.7,66.9,19.8,11.7,8.6,1416,116,Boiled,4.6,1
159,With Rice,Mexican,Dinner,852,27.1,90.4,36.4,18.6,40.1,1897,2,Raw,1.7,0
467,Occur Pasta,Japanese,Dinner,608,27.1,143.4,4.0,3.9,11.4,1841,86,Fried,2.4,1
1340,Development Soup,Italian,Dinner,406,44.0,115.5,8.2,5.5,14.6,1868,44,Baked,5.0,1
1738,Serve Rice,Mediterranean,Dinner,563,39.2,57.4,30.0,26.9,5.0,2174,135,Raw,4.8,0
356,Respond Stew,American,Breakfast,728,32.1,118.6,24.9,6.7,32.2,113,142,Boiled,3.7,0
716,Million Pasta,Japanese,Snack,611,79.4,111.1,44.8,0.6,9.0,1712,59,Steamed,2.1,0
563,Sure Sandwich,Thai,Breakfast,120,24.5,74.4,10.6,2.6,7.4,1436,299,Steamed,4.5,1
839,Popular Salad,American,Snack,501,64.2,127.6,10.4,28.0,8.8,1099,90,Steamed,1.3,1
612,Good Wrap,Thai,Breakfast,556,60.1,127.0,29.6,0.7,12.2,1235,224,Baked,3.9,0
1130,My Soup,Chinese,Dinner,174,16.7,9.7,21.3,21.2,12.8,657,96,Steamed,3.3,1
133,But Wrap,Mediterranean,Breakfast,535,44.6,57.0,40.9,5.4,41.5,1258,186,Raw,2.0,0
581,Society Pasta,American,Breakfast,646,17.6,67.3,23.4,5.1,20.1,716,188,Steamed,2.0,0
253,Him Curry,Mediterranean,Snack,836,9.5,73.6,19.7,7.9,47.0,1537,16,Roasted,4.6,0
797,Tend Salad,Italian,Breakfast,984,20.2,1.2,20.8,2.8,13.2,829,234,Grilled,2.9,0
453,Shoulder Salad,American,Lunch,662,72.7,85.0,23.2,27.6,19.6,2293,43,Grilled,4.3,1
968,Mind Stew,Thai,Dinner,237,37.1,3.8,6.6,2.7,19.0,1838,245,Boiled,1.5,1
1583,Personal Curry,Japanese,Breakfast,1136,22.7,36.9,53.7,6.6,23.3,1421,195,Fried,2.5,0
1174,Two Rice,American,Breakfast,593,50.1,26.3,23.1,1.2,0.1,463,251,Raw,2.9,1
330,Party Sandwich,Italian,Breakfast,402,53.5,144.2,0.8,24.3,1.2,2308,213,Roasted,4.8,1
1497,Receive Rice,Indian,Snack,494,59.4,99.4,15.8,4.1,19.6,415,231,Baked,4.7,1
1612,Sister Salad,Mexican,Breakfast,1175,9.4,97.5,34.3,15.2,41.0,1110,81,Baked,4.6,0
119,Talk Salad,Japanese,Snack,431,26.1,8.6,4.1,1.1,12.8,1630,283,Baked,2.4,1
933,To Pasta,Mexican,Breakfast,480,54.7,99.1,10.7,3.1,29.7,1937,63,Raw,1.9,0
219,Control Sandwich,Mediterranean,Dinner,294,60.3,150.0,9.0,22.3,33.4,1052,222,Roasted,4.4,0
1618,Teach Rice,American,Lunch,250,62.8,92.4,38.9,26.1,32.9,2250,86,Steamed,2.0,0
1040,Stuff Pasta,Italian,Dinner,295,46.8,109.4,34.2,24.5,35.6,243,78,Fried,2.8,0
1695,Western Pasta,Thai,Breakfast,218,20.9,60.5,16.3,19.3,8.2,713,183,Roasted,4.1,1
658,Finally Stew,Chinese,Breakfast,641,74.9,27.2,14.6,21.4,4.8,1507,68,Roasted,2.5,1
1799,Agreement Rice,Thai,Lunch,453,67.2,130.3,42.6,18.5,6.5,1009,94,Baked,4.6,0
138,Her Stew,Japanese,Breakfast,375,59.1,118.1,29.0,9.2,30.8,1148,94,Grilled,3.7,0
708,Near Sandwich,Mediterranean,Snack,437,23.6,3.4,2.7,10.7,37.7,1918,144,Baked,1.5,0
1910,Investment Stew,American,Dinner,374,36.3,134.4,10.4,20.7,8.3,714,43,Baked,2.2,1
4,Another Salad,Mexican,Snack,427,17.5,73.1,7.6,9.8,41.7,846,107,Grilled,4.6,0
86,Check Curry,Italian,Dinner,572,24.3,63.4,26.7,7.7,19.0,1400,129,Raw,4.3,0
1935,Democrat Pasta,Japanese,Breakfast,767,43.2,27.8,26.2,26.9,30.9,394,116,Raw,4.1,0
512,On Salad,Thai,Snack,842,75.8,140.2,40.3,21.9,31.2,958,193,Roasted,3.8,0
8,Thing Rice,Mexican,Breakfast,473,57.5,119.0,19.6,2.0,39.8,257,63,Grilled,1.6,0
1378,Blue Soup,American,Snack,329,26.1,42.3,1.6,14.2,21.5,856,124,Fried,2.9,0
1009,Talk Wrap,Indian,Breakfast,1128,11.9,29.4,39.8,17.8,0.9,196,256,Boiled,2.7,0
1408,Likely Sandwich,Thai,Lunch,185,72.1,95.2,23.8,15.7,0.4,1608,40,Boiled,2.7,1
257,Them Rice,Italian,Breakfast,554,48.4,65.7,25.5,25.1,9.0,2079,64,Fried,2.3,0
1167,Wish Wrap,Thai,Breakfast,682,64.4,105.7,36.9,2.8,21.7,1559,22,Roasted,1.1,0
22,Despite Rice,Italian,Snack,578,33.5,135.3,7.4,10.6,18.7,1156,110,Fried,3.7,1
272,Threat Pasta,Indian,Snack,1142,7.7,39.2,30.4,23.6,44.9,1115,183,Steamed,2.8,0
1237,At Sandwich,American,Lunch,533,51.3,1.5,11.1,0.3,10.3,1581,232,Raw,4.7,1
1278,Bag Rice,American,Snack,285,37.4,59.9,44.3,22.0,0.2,1863,160,Fried,2.2,0
1940,Than Stew,Japanese,Breakfast,559,23.2,136.2,5.4,5.7,13.5,997,7,Raw,2.7,1
1650,Call Stew,Chinese,Snack,691,65.7,137.2,18.7,24.9,0.0,2424,134,Steamed,2.8,1
1408,Likely Sandwich,Thai,Lunch,185,72.1,95.2,23.8,15.7,0.4,1608,40,Boiled,2.7,1
1685,Environmental Curry,Chinese,Dinner,696,61.9,52.0,42.7,18.9,11.0,1545,89,Fried,4.2,0
1773,Material Stew,Italian,Lunch,425,75.9,90.6,40.1,8.2,43.6,865,219,Roasted,1.5,0
1913,Discussion Stew,American,Dinner,536,53.4,9.0,22.2,19.9,7.6,1310,181,Boiled,4.2,1
1715,Move Curry,Japanese,Snack,292,65.1,146.7,8.0,0.1,4.7,1034,131,Grilled,1.1,1
308,Term Salad,Thai,Dinner,607,21.7,39.8,13.9,6.2,14.5,1880,224,Roasted,4.6,1
6,Arm Stew,Italian,Dinner,484,55.3,130.3,0.1,29.7,1.6,411,162,Steamed,1.6,1
1829,Number Wrap,Chinese,Breakfast,207,36.8,10.0,8.2,6.2,4.6,1832,182,Fried,4.0,1
119,Talk Salad,Japanese,Snack,431,26.1,8.6,4.1,1.1,12.8,1630,283,Baked,2.4,1
338,Develop Pasta,Italian,Lunch,261,45.8,81.9,8.2,3.4,16.1,1523,19,Roasted,4.1,1
1318,Religious Soup,American,Breakfast,219,22.1,21.9,13.4,0.8,6.1,182,277,Steamed,2.5,1
1942,Suffer Stew,American,Breakfast,208,55.5,31.7,59.3,9.6,7.3,461,29,Fried,5.0,0
1442,With Pasta,Mediterranean,Lunch,383,69.3,110.5,58.1,15.3,27.5,1416,206,Baked,4.9,0
1702,Hard Sandwich,Italian,Dinner,719,5.2,142.7,34.5,1.1,7.2,971,281,Fried,4.4,0
628,Believe Wrap,Indian,Breakfast,150,42.1,65.1,0.5,10.9,15.9,89,232,Boiled,3.3,1
871,Act Curry,Thai,Lunch,383,41.9,60.5,14.8,5.8,15.9,1544,293,Fried,3.8,1
685,Indicate Curry,Mexican,Breakfast,984,39.3,80.1,23.8,15.2,34.9,345,156,Steamed,2.9,0
1913,Discussion Stew,American,Dinner,536,53.4,9.0,22.2,19.9,7.6,1310,181,Boiled,4.2,1
1647,Until Rice,Indian,Breakfast,720,52.7,54.3,16.2,15.5,39.8,2105,151,Boiled,1.5,0
131,Democrat Rice,Mexican,Snack,584,6.1,50.9,39.4,27.0,8.5,121,218,Raw,4.8,0
192,Add Wrap,Indian,Breakfast,444,45.0,29.1,17.7,28.3,10.5,103,37,Roasted,1.6,1
1263,Pick Salad,Mexican,Breakfast,150,9.7,42.0,3.2,22.4,18.5,1849,47,Roasted,4.9,1
1290,Girl Sandwich,Thai,Breakfast,504,38.2,14.1,21.6,3.4,45.6,805,168,Fried,4.4,0
1478,Remember Pasta,Mediterranean,Lunch,225,73.2,118.2,12.8,12.4,6.7,983,286,Roasted,4.1,1
261,Daughter Salad,Chinese,Lunch,580,54.1,124.4,49.0,17.8,34.9,1577,182,Roasted,2.2,0
77,Move Pasta,American,Snack,714,68.7,116.1,46.5,18.3,22.0,2387,31,Baked,4.7,0
871,Act Curry,Thai,Lunch,383,41.9,60.5,14.8,5.8,15.9,1544,293,Fried,3.8,1
563,Sure Sandwich,Thai,Breakfast,120,24.5,74.4,10.6,2.6,7.4,1436,299,Steamed,4.5,1
666,Plant Wrap,Mediterranean,Snack,154,15.9,32.1,4.2,11.4,15.4,1032,232,Grilled,2.0,1
587,Truth Salad,Indian,Lunch,882,67.5,75.9,2.0,21.4,23.7,1430,250,Baked,3.2,0
146,Actually Rice,American,Dinner,885,45.3,71.6,51.6,23.3,4.9,1726,111,Baked,3.8,0
1110,Give Sandwich,Mexican,Snack,150,69.0,85.7,10.2,26.2,6.4,1710,257,Roasted,4.3,1
1387,The Curry,Mexican,Snack,882,7.8,49.3,0.1,8.5,4.5,2326,93,Steamed,2.1,0
1016,Time Sandwich,Mediterranean,Lunch,139,40.9,1.4,12.7,2.6,12.9,2208,193,Grilled,2.5,1
1029,Try Soup,Italian,Snack,196,74.8,27.2,24.0,25.7,18.2,2467,192,Raw,3.5,1
1170,Animal Pasta,Mexican,Dinner,328,60.2,40.9,2.7,9.9,5.3,799,136,Raw,3.6,1
6,Arm Stew,Italian,Dinner,484,55.3,130.3,0.1,29.7,1.6,411,162,Steamed,1.6,1
1695,Western Pasta,Thai,Breakfast,218,20.9,60.5,16.3,19.3,8.2,713,183,Roasted,4.1,1
530,Wife Wrap,American,Snack,828,69.9,69.1,9.4,13.1,5.9,862,273,Grilled,4.7,0
1826,Idea Sandwich,Mexican,Lunch,989,62.8,143.8,32.3,10.6,32.5,1299,173,Grilled,1.8,0
628,Believe Wrap,Indian,Breakfast,150,42.1,65.1,0.5,10.9,15.9,89,232,Boiled,3.3,1
1245,Wife Soup,Japanese,Snack,544,30.8,138.8,16.2,24.3,9.0,993,241,Baked,3.4,1
1413,Late Stew,Japanese,Lunch,200,69.6,18.6,5.6,14.5,18.5,1310,251,Grilled,1.2,1
1957,Get Salad,Mediterranean,Breakfast,204,25.8,49.8,33.4,2.5,29.5,364,286,Fried,4.6,0
482,Other Pasta,Japanese,Snack,143,73.3,94.5,15.7,24.1,13.0,348,215,Grilled,2.5,1
1008,Tree Curry,Italian,Breakfast,736,73.9,113.1,35.6,5.7,2.4,1456,280,Grilled,4.7,0
1818,Future Wrap,Japanese,Dinner,185,75.0,24.6,4.5,2.9,33.7,1385,92,Steamed,4.5,0
1125,Return Sandwich,Thai,Snack,281,73.6,62.1,20.0,18.5,46.2,313,198,Boiled,4.8,0
1129,Mr Sandwich,Thai,Snack,208,32.8,147.4,24.0,3.9,34.3,1244,50,Grilled,4.1,0
972,Stay Wrap,Chinese,Breakfast,572,11.9,112.6,36.3,5.6,44.8,125,182,Raw,2.2,0
1476,Day Rice,Thai,Dinner,501,19.7,44.4,26.6,22.7,2.3,1858,279,Raw,3.7,0
718,Perhaps Wrap,American,Dinner,398,7.5,6.8,2.8,29.4,10.5,2328,25,Raw,2.4,1
402,Firm Wrap,Chinese,Breakfast,899,29.4,47.2,19.3,13.3,11.0,843,174,Raw,2.2,0
1237,At Sandwich,American,Lunch,533,51.3,1.5,11.1,0.3,10.3,1581,232,Raw,4.7,1
31,Main Soup,Mexican,Snack,872,46.9,131.6,23.3,6.1,48.4,1588,238,Grilled,3.8,0
518,Garden Soup,Indian,Lunch,770,49.5,80.0,26.0,3.2,40.5,229,148,Boiled,4.2,0
575,Fight Wrap,Mexican,Breakfast,313,63.8,128.8,34.8,8.2,24.3,2020,250,Grilled,3.0,0
799,Treatment Rice,American,Breakfast,605,78.3,123.2,32.4,21.5,30.2,1236,5,Grilled,4.8,0
65,Thought Rice,American,Dinner,477,51.5,0.0,11.1,13.4,41.5,533,198,Boiled,4.1,0
701,To Sandwich,American,Snack,865,47.2,32.0,52.2,3.0,3.9,1252,109,Fried,3.6,0
339,Firm Sandwich,Chinese,Dinner,155,37.1,101.9,4.0,19.5,23.7,2424,260,Raw,2.0,0
1130,My Soup,Chinese,Dinner,174,16.7,9.7,21.3,21.2,12.8,657,96,Steamed,3.3,1
1410,Need Soup,Indian,Breakfast,875,77.9,59.7,27.0,15.5,0.9,53,237,Steamed,4.6,0
1762,Reason Curry,Mediterranean,Lunch,634,53.5,9.9,19.9,16.9,6.8,772,188,Fried,2.0,1
687,Center Soup,Italian,Snack,1094,48.8,46.9,16.4,3.9,17.4,1955,265,Roasted,4.2,0
1170,Animal Pasta,Mexican,Dinner,328,60.2,40.9,2.7,9.9,5.3,799,136,Raw,3.6,1
1416,Half Curry,Italian,Breakfast,703,16.7,49.0,10.6,12.5,30.2,1484,235,Boiled,3.1,0
1151,Director Pasta,Chinese,Dinner,484,8.9,68.7,21.5,25.4,35.9,1571,299,Baked,2.5,0
373,Buy Soup,Mediterranean,Lunch,533,10.1,100.0,43.9,8.0,23.6,968,276,Boiled,4.3,0
54,Interview Sandwich,Mexican,Breakfast,609,9.3,12.7,59.2,6.4,6.3,1403,178,Grilled,1.7,0
126,Building Curry,American,Lunch,956,49.7,102.2,2.4,7.9,4.3,2254,115,Boiled,4.0,0
774,Wish Stew,Mexican,Breakfast,675,52.1,129.7,21.6,30.0,7.9,203,60,Grilled,3.8,1
1186,Staff Sandwich,Indian,Snack,188,7.1,121.1,15.7,2.9,31.9,1030,124,Steamed,1.8,0
1053,Thought Curry,Indian,Breakfast,132,70.6,69.1,3.1,12.5,19.1,2469,0,Boiled,1.1,1
1328,Page Rice,Thai,Dinner,331,9.3,38.6,15.7,1.3,7.3,238,170,Baked,1.9,1
1258,Better Salad,Indian,Lunch,883,74.3,62.4,29.4,10.1,8.5,1544,151,Roasted,3.2,0
464,Article Pasta,Mexican,Snack,232,18.8,74.5,7.0,20.1,14.8,1433,116,Grilled,2.8,1
774,Wish Stew,Mexican,Breakfast,675,52.1,129.7,21.6,30.0,7.9,203,60,Grilled,3.8,1
186,Give Pasta,Mediterranean,Snack,672,25.2,126.3,2.3,5.5,1.4,821,163,Steamed,2.2,1
1933,One Wrap,Indian,Breakfast,459,25.9,117.7,49.7,22.2,47.8,243,52,Grilled,2.0,0
1209,Record Salad,Mexican,Breakfast,647,28.1,113.5,48.6,7.8,30.9,1380,229,Fried,1.8,0
252,North Rice,Indian,Breakfast,393,35.4,148.6,6.3,3.4,19.9,713,66,Baked,4.3,1
1031,Certain Curry,Indian,Snack,410,48.9,132.4,4.2,10.6,11.2,240,23,Roasted,1.1,1
1340,Development Soup,Italian,Dinner,406,44.0,115.5,8.2,5.5,14.6,1868,44,Baked,5.0,1
573,Enjoy Soup,Indian,Dinner,390,10.5,129.9,44.7,22.0,23.2,1937,58,Roasted,1.2,0
1925,Despite Pasta,Mediterranean,Lunch,570,68.3,133.4,8.1,4.3,17.4,1763,195,Boiled,1.4,1
6,Arm Stew,Italian,Dinner,484,55.3,130.3,0.1,29.7,1.6,411,162,Steamed,1.6,1
1577,Deep Pasta,American,Snack,1066,56.2,99.6,5.5,25.5,34.0,2208,143,Steamed,4.9,0
320,Serious Rice,Chinese,Breakfast,461,55.6,116.0,14.7,0.1,9.5,1314,179,Roasted,1.8,1
1829,Number Wrap,Chinese,Breakfast,207,36.8,10.0,8.2,6.2,4.6,1832,182,Fried,4.0,1
663,Situation Pasta,Chinese,Dinner,480,72.6,11.3,33.5,4.8,40.6,180,83,Baked,4.1,0
1643,Protect Curry,Mexican,Lunch,634,35.9,109.7,10.4,0.7,31.7,607,204,Raw,3.1,0
893,Idea Pasta,Mexican,Snack,296,53.7,136.1,5.0,3.2,17.9,119,95,Grilled,1.9,1
1651,Record Pasta,American,Lunch,479,25.5,43.3,15.8,5.4,15.3,1151,109,Raw,4.0,1
70,Company Soup,American,Breakfast,1195,28.0,112.6,39.2,20.4,44.4,1429,177,Boiled,4.1,0
97,Appear Stew,Mediterranean,Breakfast,172,43.0,110.6,0.5,24.1,13.2,354,185,Boiled,2.0,1
738,Would Stew,Mediterranean,Dinner,464,63.7,143.6,0.6,8.8,34.7,2496,7,Roasted,1.8,0
109,Edge Stew,Indian,Dinner,296,49.5,67.6,28.9,0.5,13.1,1874,35,Raw,2.0,0
733,Stand Pasta,Mediterranean,Lunch,314,37.2,46.0,39.8,14.0,46.1,212,78,Fried,1.5,0
1082,Current Pasta,Italian,Snack,355,38.5,141.2,14.4,14.2,7.7,1712,261,Roasted,4.5,1
314,Line Salad,Indian,Breakfast,688,73.4,125.7,20.7,7.9,22.6,801,90,Fried,4.8,0
1894,Look Wrap,Chinese,Lunch,477,55.3,75.0,59.7,9.1,13.5,1159,206,Steamed,4.9,0
396,Traditional Curry,Japanese,Snack,722,46.0,58.1,48.7,2.4,32.7,2123,110,Roasted,1.1,0
989,Education Stew,Indian,Dinner,1189,45.9,83.7,39.3,4.0,31.2,236,40,Baked,2.2,0
6,Arm Stew,Italian,Dinner,484,55.3,130.3,0.1,29.7,1.6,411,162,Steamed,1.6,1
1103,Film Rice,Japanese,Snack,540,37.1,139.0,2.7,6.6,5.4,1490,102,Baked,4.9,1
1420,Where Sandwich,Mexican,Breakfast,277,12.2,103.5,15.0,4.2,3.7,1151,236,Grilled,2.8,1
838,Until Curry,Chinese,Snack,975,7.5,73.6,51.4,17.5,39.0,2096,136,Steamed,1.6,0
1695,Western Pasta,Thai,Breakfast,218,20.9,60.5,16.3,19.3,8.2,713,183,Roasted,4.1,1
192,Add Wrap,Indian,Breakfast,444,45.0,29.1,17.7,28.3,10.5,103,37,Roasted,1.6,1
48,Likely Soup,Mediterranean,Snack,1135,38.5,47.1,2.3,15.6,1.9,2162,125,Roasted,4.1,0
927,Arm Soup,American,Breakfast,469,29.3,128.1,6.6,25.6,9.8,441,5,Fried,1.9,1
231,Exist Salad,Italian,Dinner,815,54.2,58.0,6.9,25.8,7.6,2480,74,Baked,2.6,0
1627,Ready Sandwich,Chinese,Lunch,562,13.5,98.9,56.5,22.3,11.9,357,283,Grilled,2.8,0
1239,Century Sandwich,Thai,Dinner,582,58.1,95.1,14.6,4.7,13.5,86,143,Boiled,1.1,1
88,Enough Soup,Thai,Lunch,433,65.9,104.9,23.4,27.4,10.8,1025,242,Fried,3.9,1
79,Black Wrap,Chinese,Breakfast,692,50.9,144.3,12.8,22.2,34.8,1058,245,Raw,2.6,0
1170,Animal Pasta,Mexican,Dinner,328,60.2,40.9,2.7,9.9,5.3,799,136,Raw,3.6,1
1279,Benefit Sandwich,Thai,Lunch,299,58.6,19.6,13.1,20.3,17.2,183,205,Fried,2.2,1
52,Company Wrap,Indian,Dinner,153,76.0,79.0,23.3,24.0,8.5,1581,80,Raw,4.3,1
158,Interesting Rice,Japanese,Lunch,1119,58.5,119.9,34.3,7.5,42.5,1137,192,Steamed,3.2,0
877,Them Sandwich,Indian,Snack,487,53.1,138.9,11.2,2.7,43.7,514,169,Fried,2.6,0
1706,Goal Stew,Mediterranean,Snack,387,70.9,143.8,10.7,9.1,3.8,1498,175,Baked,2.8,1
63,Why Curry,Indian,Lunch,213,69.9,115.1,18.5,23.2,7.4,1538,102,Fried,3.6,1
836,Would Salad,Mediterranean,Lunch,443,44.7,34.4,36.6,20.2,19.4,626,55,Roasted,1.9,0
592,International Rice,American,Breakfast,937,34.5,95.8,32.9,8.2,19.5,1624,94,Baked,4.8,0
1118,Knowledge Sandwich,Thai,Breakfast,713,31.4,121.4,41.8,10.0,15.3,1229,221,Fried,4.0,0
813,Offer Sandwich,Thai,Breakfast,465,26.5,61.2,18.0,4.8,17.4,396,67,Grilled,2.3,1
187,Your Pasta,Italian,Lunch,671,56.1,88.1,15.9,16.0,43.3,50,290,Grilled,2.9,0
278,Lawyer Pasta,Mediterranean,Breakfast,172,63.3,42.4,47.8,5.6,21.6,2038,60,Steamed,3.8,0
1472,Spring Soup,Japanese,Dinner,1091,50.7,91.4,55.4,28.8,24.1,521,47,Steamed,1.3,0
1313,He Curry,Thai,Dinner,410,57.5,41.7,20.5,17.1,9.1,1998,114,Boiled,1.1,1
490,Sure Curry,Mexican,Breakfast,841,17.7,101.0,52.1,5.3,41.9,377,184,Roasted,2.0,0
671,Ahead Wrap,American,Lunch,404,20.8,128.3,12.1,1.8,10.9,1434,246,Raw,4.6,1
1502,Tax Rice,American,Dinner,301,35.5,48.0,43.6,23.1,31.0,1439,5,Baked,4.2,0
546,Participant Soup,Indian,Breakfast,565,53.2,30.8,15.1,27.4,4.5,2452,160,Steamed,3.9,1
1470,Remain Pasta,American,Snack,213,24.7,130.8,26.9,5.5,36.6,905,15,Baked,1.4,0
546,Participant Soup,Indian,Breakfast,565,53.2,30.8,15.1,27.4,4.5,2452,160,Steamed,3.9,1
398,Parent Salad,Japanese,Lunch,365,50.3,136.8,2.3,14.8,14.9,1258,212,Fried,2.2,1
476,Executive Soup,Japanese,Breakfast,1017,5.2,145.9,44.1,2.1,14.7,2286,169,Grilled,3.4,0
192,Add Wrap,Indian,Breakfast,444,45.0,29.1,17.7,28.3,10.5,103,37,Roasted,1.6,1
634,Agreement Curry,Indian,Breakfast,393,60.4,131.5,12.5,2.8,47.7,1143,109,Baked,2.2,0
308,Term Salad,Thai,Dinner,607,21.7,39.8,13.9,6.2,14.5,1880,224,Roasted,4.6,1
1408,Likely Sandwich,Thai,Lunch,185,72.1,95.2,23.8,15.7,0.4,1608,40,Boiled,2.7,1
1692,Air Curry,Indian,Snack,515,78.7,49.7,5.5,2.0,16.0,642,222,Fried,2.1,1
619,Avoid Pasta,Indian,Snack,203,18.6,63.2,24.0,20.3,3.5,483,250,Baked,3.1,1
841,Would Rice,American,Breakfast,569,79.6,46.6,28.6,9.6,18.5,1652,134,Grilled,2.4,0
426,Owner Salad,Japanese,Lunch,978,12.3,130.2,3.1,20.4,23.2,1132,47,Baked,2.8,0
264,Nothing Sandwich,Thai,Snack,166,44.0,56.7,57.2,12.2,21.5,2373,44,Boiled,4.1,0
1459,Wish Rice,Italian,Snack,344,46.6,114.1,21.7,20.8,1.4,825,107,Baked,1.4,1
1651,Record Pasta,American,Lunch,479,25.5,43.3,15.8,5.4,15.3,1151,109,Raw,4.0,1
298,Level Soup,Mediterranean,Lunch,558,15.5,33.9,45.9,7.0,15.4,424,199,Grilled,2.7,0
849,Evidence Wrap,Thai,Lunch,260,76.0,59.2,3.0,25.1,35.8,2015,170,Fried,3.9,0
649,Management Soup,Thai,Breakfast,423,6.2,144.1,12.4,28.7,18.3,2489,264,Baked,1.8,1
479,Claim Sandwich,Mediterranean,Breakfast,961,47.0,109.1,14.0,28.1,21.1,2128,71,Fried,1.2,0
740,Series Rice,Mediterranean,Dinner,259,35.6,90.3,2.4,21.7,38.0,1295,251,Roasted,1.4,0
279,Argue Sandwich,Indian,Breakfast,882,44.2,6.7,15.5,10.4,15.9,2408,234,Raw,1.6,0
1488,Happen Soup,Mediterranean,Snack,545,12.6,96.3,9.8,17.1,16.0,233,146,Roasted,3.1,1
1739,While Stew,Japanese,Snack,432,20.0,12.7,42.4,12.0,12.3,2380,244,Baked,4.0,0
119,Talk Salad,Japanese,Snack,431,26.1,8.6,4.1,1.1,12.8,1630,283,Baked,2.4,1
1576,Well Stew,Thai,Dinner,565,50.9,78.3,8.9,9.9,5.2,805,231,Raw,2.6,1
92,Attorney Salad,Chinese,Dinner,350,11.8,29.0,15.2,15.8,6.0,948,130,Baked,3.8,1
646,Buy Sandwich,Mediterranean,Lunch,649,78.9,96.6,3.2,11.2,13.5,1413,75,Roasted,4.2,1
1215,Opportunity Wrap,Mediterranean,Lunch,342,24.7,148.9,0.5,26.2,5.6,215,190,Baked,2.4,1
492,Must Pasta,American,Snack,1180,77.6,90.2,24.4,24.0,13.6,2126,244,Baked,3.0,0
1623,Finish Pasta,Italian,Breakfast,1050,7.5,138.3,49.8,3.2,25.5,1524,79,Boiled,2.7,0
788,Consider Pasta,Mediterranean,Dinner,493,15.5,62.6,26.1,9.7,43.0,2076,3,Raw,2.4,0
1563,Base Rice,Japanese,Lunch,180,41.3,45.5,16.8,16.3,9.5,1560,203,Grilled,2.8,1
658,Finally Stew,Chinese,Breakfast,641,74.9,27.2,14.6,21.4,4.8,1507,68,Roasted,2.5,1
1103,Film Rice,Japanese,Snack,540,37.1,139.0,2.7,6.6,5.4,1490,102,Baked,4.9,1
729,Live Sandwich,Mexican,Breakfast,602,51.5,94.9,22.6,25.6,17.6,2438,219,Fried,2.3,1
1275,Step Soup,American,Snack,350,9.2,112.5,12.7,9.7,13.3,1728,114,Roasted,1.4,1
1289,Although Curry,Japanese,Snack,628,71.3,34.7,46.5,24.2,48.0,2450,225,Fried,1.7,0
98,Particular Pasta,Chinese,Snack,312,14.8,55.1,47.9,5.0,29.7,122,17,Roasted,5.0,0
1609,At Wrap,Italian,Snack,277,20.0,119.9,5.3,17.5,6.6,1270,240,Roasted,2.5,1
927,Arm Soup,American,Breakfast,469,29.3,128.1,6.6,25.6,9.8,441,5,Fried,1.9,1
1614,Measure Stew,Chinese,Lunch,197,52.0,101.9,29.1,0.4,35.9,294,63,Roasted,3.6,0
604,Night Wrap,Italian,Lunch,138,21.2,44.8,22.3,20.6,9.7,2271,102,Fried,1.5,1
1841,Next Sandwich,American,Lunch,1084,44.1,128.7,11.8,11.5,22.0,1282,64,Boiled,1.3,0
310,Drug Soup,Japanese,Lunch,614,59.8,36.9,13.3,14.8,12.7,2233,54,Steamed,3.8,1
88,Enough Soup,Thai,Lunch,433,65.9,104.9,23.4,27.4,10.8,1025,242,Fried,3.9,1
521,Step Stew,Chinese,Dinner,207,17.2,7.1,49.6,30.0,23.3,1152,262,Roasted,3.8,0
566,Care Salad,Chinese,Breakfast,623,78.8,30.2,43.7,14.4,41.8,1707,18,Raw,3.7,0
442,Issue Curry,American,Dinner,803,13.0,95.8,59.7,19.1,44.0,1248,262,Roasted,4.6,0
422,Store Pasta,Mediterranean,Lunch,156,48.2,53.0,59.0,4.4,26.9,1842,261,Boiled,4.7,0
1940,Than Stew,Japanese,Breakfast,559,23.2,136.2,5.4,5.7,13.5,997,7,Raw,2.7,1
1031,Certain Curry,Indian,Snack,410,48.9,132.4,4.2,10.6,11.2,240,23,Roasted,1.1,1
1805,Across Rice,Mexican,Lunch,440,58.6,91.3,43.4,24.0,23.9,98,266,Raw,2.9,0
1564,Although Salad,Mediterranean,Dinner,636,28.6,123.0,9.1,13.0,7.6,1995,197,Boiled,1.2,1
757,Decade Wrap,Italian,Snack,1022,71.2,127.8,49.8,7.0,16.6,2026,72,Raw,2.4,0
1372,Let Rice,Mediterranean,Dinner,1010,46.3,19.5,48.7,17.5,33.9,949,292,Roasted,4.3,0
72,With Wrap,Mediterranean,Dinner,817,35.4,129.2,39.3,15.0,1.4,1441,92,Baked,4.1,0
939,Make Sandwich,Chinese,Snack,462,34.5,114.3,25.1,24.4,21.1,1425,173,Fried,2.7,0
32,Ready Rice,Thai,Dinner,333,78.2,130.0,16.6,0.3,19.0,2416,167,Roasted,1.6,1
464,Article Pasta,Mexican,Snack,232,18.8,74.5,7.0,20.1,14.8,1433,116,Grilled,2.8,1
1395,Inside Pasta,Japanese,Dinner,486,11.6,116.3,33.2,14.2,1.6,1833,147,Roasted,4.8,0
251,Support Salad,Chinese,Breakfast,788,49.0,49.8,6.1,3.0,3.9,690,70,Boiled,2.2,0
1414,Key Stew,Chinese,Breakfast,635,48.6,47.4,24.1,6.9,2.1,1088,38,Raw,2.0,1
411,Politics Stew,Mexican,Lunch,354,19.7,92.8,0.8,5.4,35.0,1398,26,Grilled,1.4,0
1275,Step Soup,American,Snack,350,9.2,112.5,12.7,9.7,13.3,1728,114,Roasted,1.4,1
1965,Your Pasta,American,Dinner,304,16.3,127.4,23.2,11.1,10.4,1065,219,Fried,4.5,1
1997,Majority Sandwich,Mediterranean,Snack,177,79.5,24.4,12.9,27.1,13.6,1612,271,Roasted,1.5,1
885,Serious Wrap,Mediterranean,Lunch,287,62.3,13.6,17.3,0.5,10.3,2434,118,Fried,3.9,1
1328,Page Rice,Thai,Dinner,331,9.3,38.6,15.7,1.3,7.3,238,170,Baked,1.9,1
12,Ago Soup,Thai,Breakfast,594,32.6,32.0,46.9,10.9,11.7,825,76,Steamed,4.2,0
6,Arm Stew,Italian,Dinner,484,55.3,130.3,0.1,29.7,1.6,411,162,Steamed,1.6,1
1309,My Sandwich,Italian,Snack,210,54.9,93.2,18.5,7.6,6.4,1939,122,Roasted,2.1,1
649,Management Soup,Thai,Breakfast,423,6.2,144.1,12.4,28.7,18.3,2489,264,Baked,1.8,1
779,Court Stew,Thai,Snack,819,9.6,19.7,4.3,24.6,45.8,723,189,Baked,4.8,0
285,Develop Wrap,Italian,Snack,1022,43.8,29.7,29.8,19.9,30.7,95,108,Steamed,2.9,0
1786,May Rice,Mediterranean,Lunch,1109,71.1,31.5,2.1,22.5,42.9,149,225,Roasted,1.6,0
427,Citizen Sandwich,Japanese,Lunch,910,75.7,38.1,27.4,0.3,21.0,926,274,Fried,3.5,0
1746,Idea Sandwich,Chinese,Breakfast,174,73.1,90.3,51.5,9.2,44.0,2178,172,Roasted,4.7,0
1014,Store Soup,Indian,Snack,1015,10.9,91.1,37.0,11.3,5.6,302,136,Grilled,1.3,0
1609,At Wrap,Italian,Snack,277,20.0,119.9,5.3,17.5,6.6,1270,240,Roasted,2.5,1
666,Plant Wrap,Mediterranean,Snack,154,15.9,32.1,4.2,11.4,15.4,1032,232,Grilled,2.0,1
1608,Policy Soup,Thai,Snack,621,53.8,118.9,15.3,18.6,19.1,852,287,Boiled,1.8,1
1309,My Sandwich,Italian,Snack,210,54.9,93.2,18.5,7.6,6.4,1939,122,Roasted,2.1,1
1215,Opportunity Wrap,Mediterranean,Lunch,342,24.7,148.9,0.5,26.2,5.6,215,190,Baked,2.4,1
1356,Scene Salad,Thai,Breakfast,256,53.0,3.1,50.4,21.5,21.7,1606,65,Fried,3.3,0
718,Perhaps Wrap,American,Dinner,398,7.5,6.8,2.8,29.4,10.5,2328,25,Raw,2.4,1
718,Perhaps Wrap,American,Dinner,398,7.5,6.8,2.8,29.4,10.5,2328,25,Raw,2.4,1
815,Those Curry,Chinese,Dinner,1095,6.8,57.5,47.5,27.0,5.1,653,168,Fried,4.3,0
46,Away Curry,American,Lunch,577,26.4,86.7,52.9,10.2,6.2,2033,130,Steamed,1.9,0
957,Staff Salad,American,Lunch,494,22.5,33.8,32.0,24.1,25.2,414,104,Raw,2.7,0
32,Ready Rice,Thai,Dinner,333,78.2,130.0,16.6,0.3,19.0,2416,167,Roasted,1.6,1
590,Gas Stew,Japanese,Snack,621,48.8,62.8,43.7,8.5,40.3,2364,152,Roasted,4.6,0
1797,Us Salad,Chinese,Breakfast,199,76.5,10.2,23.2,28.6,7.0,916,260,Fried,4.7,1
2000,List Pasta,Indian,Snack,341,51.5,77.7,0.1,8.2,9.0,398,91,Fried,1.9,1
119,Talk Salad,Japanese,Snack,431,26.1,8.6,4.1,1.1,12.8,1630,283,Baked,2.4,1
1515,Set Rice,Thai,Breakfast,842,14.1,79.5,55.1,7.2,49.1,457,64,Boiled,4.0,0
1259,Require Sandwich,American,Lunch,624,75.6,78.0,17.5,4.7,36.1,1429,6,Baked,3.0,0
1131,Believe Salad,Japanese,Lunch,112,38.0,83.9,55.5,0.1,21.8,2117,294,Boiled,2.8,0
410,Since Salad,Mexican,Lunch,643,36.0,95.1,49.6,19.3,28.8,485,48,Roasted,1.8,0
734,Central Rice,Italian,Snack,1110,73.9,108.7,3.5,7.4,40.1,350,123,Fried,2.6,0
394,Middle Soup,Thai,Lunch,771,70.0,86.5,44.1,5.8,18.0,2226,104,Grilled,1.4,0
1062,Summer Stew,Mexican,Lunch,233,49.2,4.8,34.9,29.0,6.5,1947,209,Fried,1.5,0
791,International Sandwich,Italian,Snack,592,26.5,95.1,14.3,27.9,16.6,1528,224,Steamed,1.3,1
1249,Crime Stew,Mexican,Breakfast,339,71.2,9.2,4.3,25.5,17.9,2396,250,Raw,4.1,1
1496,Late Soup,Chinese,Dinner,979,73.3,138.5,2.6,4.0,10.0,744,195,Fried,1.7,0
1135,Executive Sandwich,Mexican,Breakfast,795,34.8,9.0,42.0,27.2,34.5,1746,242,Roasted,4.2,0
515,Themselves Stew,Mediterranean,Breakfast,186,32.9,52.1,45.1,26.8,10.7,500,107,Grilled,3.3,0
923,Car Rice,American,Dinner,652,41.3,0.6,7.5,25.2,15.9,1602,22,Boiled,3.6,1
1541,Political Pasta,Thai,Snack,368,51.0,90.7,11.4,20.0,20.2,1658,142,Baked,4.7,0
215,Begin Curry,Indian,Lunch,301,10.5,140.1,12.7,23.0,0.1,1441,145,Steamed,4.0,1
1711,Language Curry,Indian,Dinner,497,54.7,48.9,53.5,8.8,2.9,2329,38,Fried,4.5,0
1389,Indicate Salad,Japanese,Lunch,1166,16.9,128.0,10.9,20.1,15.1,1441,41,Steamed,3.5,0
1248,Year Pasta,Mediterranean,Lunch,494,50.4,32.6,12.1,29.7,2.3,699,162,Steamed,1.2,1
1719,Blood Wrap,Indian,Lunch,363,16.0,99.1,13.3,27.6,20.2,1060,86,Boiled,4.1,0
774,Wish Stew,Mexican,Breakfast,675,52.1,129.7,21.6,30.0,7.9,203,60,Grilled,3.8,1
1382,Someone Salad,Italian,Snack,1133,31.1,57.4,54.6,29.5,48.0,1283,118,Fried,1.7,0
1874,Want Curry,Thai,Lunch,1171,38.4,46.1,40.7,5.0,32.0,1624,244,Roasted,2.4,0
1384,Purpose Salad,Mexican,Dinner,914,23.3,128.9,29.1,12.3,34.8,111,75,Fried,3.9,0
808,Own Sandwich,American,Lunch,526,65.7,122.4,15.4,1.9,4.2,369,244,Baked,3.9,1
749,Role Soup,Japanese,Snack,669,59.9,91.7,17.9,19.0,17.0,764,44,Steamed,3.3,1
94,Section Stew,Thai,Lunch,504,34.9,60.6,41.9,1.2,18.2,2206,148,Baked,2.5,0
1293,Where Sandwich,American,Dinner,907,27.9,87.1,26.1,18.1,10.9,1791,147,Baked,1.1,0
899,Him Soup,Japanese,Snack,486,63.6,70.3,11.8,19.3,46.9,874,257,Fried,2.2,0
1414,Key Stew,Chinese,Breakfast,635,48.6,47.4,24.1,6.9,2.1,1088,38,Raw,2.0,1
1801,Front Soup,American,Lunch,370,76.0,104.4,4.1,21.0,12.2,514,37,Roasted,3.6,1
1280,Learn Rice,Italian,Snack,591,13.2,110.7,14.1,6.1,13.6,2213,0,Boiled,3.3,1
398,Parent Salad,Japanese,Lunch,365,50.3,136.8,2.3,14.8,14.9,1258,212,Fried,2.2,1
1706,Goal Stew,Mediterranean,Snack,387,70.9,143.8,10.7,9.1,3.8,1498,175,Baked,2.8,1
154,Challenge Sandwich,Japanese,Dinner,395,50.4,47.7,36.3,19.6,0.6,1476,205,Fried,1.4,0
1254,Mission Pasta,Mexican,Lunch,328,37.2,45.2,17.6,24.5,48.2,1271,109,Fried,4.0,0
1024,On Pasta,Chinese,Snack,285,24.5,25.7,4.4,26.5,28.3,1552,123,Grilled,2.3,0
1019,Choice Wrap,American,Breakfast,725,74.7,5.2,14.3,6.3,27.9,2085,49,Grilled,3.3,0
908,Science Wrap,Thai,Dinner,1033,49.1,31.4,8.0,7.8,18.0,1715,231,Grilled,4.8,0
1690,Perform Soup,American,Lunch,1130,43.4,58.3,2.2,16.5,48.6,592,214,Steamed,2.0,0
1346,Religious Stew,Indian,Snack,784,38.4,145.0,57.0,28.0,13.3,1635,168,Boiled,2.2,0
552,Door Sandwich,Mexican,Snack,300,32.7,120.8,27.9,23.7,41.8,793,259,Grilled,1.2,0
1965,Your Pasta,American,Dinner,304,16.3,127.4,23.2,11.1,10.4,1065,219,Fried,4.5,1
1521,Understand Curry,Chinese,Dinner,432,43.3,81.7,12.3,15.0,10.1,1573,246,Baked,4.3,1
1249,Crime Stew,Mexican,Breakfast,339,71.2,9.2,4.3,25.5,17.9,2396,250,Raw,4.1,1
269,Pull Sandwich,Mexican,Lunch,223,42.4,48.8,22.7,26.2,18.4,2171,62,Boiled,3.3,1
783,Member Curry,Chinese,Breakfast,399,15.5,126.4,5.3,25.8,14.8,1826,226,Grilled,2.7,1
1529,Likely Stew,Indian,Snack,727,23.8,12.4,35.8,10.6,13.4,1831,67,Fried,3.4,0
984,Those Curry,Mexican,Dinner,1023,74.0,122.8,17.8,21.4,10.9,1660,258,Steamed,2.2,0
913,Seven Soup,Mexican,Snack,877,31.6,149.3,0.7,25.3,8.3,840,97,Raw,1.3,0
1677,Few Stew,Italian,Breakfast,131,54.4,10.2,24.8,18.3,16.4,1369,79,Steamed,2.2,1
1651,Record Pasta,American,Lunch,479,25.5,43.3,15.8,5.4,15.3,1151,109,Raw,4.0,1
1856,Theory Rice,American,Dinner,740,69.3,140.0,6.3,5.2,31.5,245,263,Fried,3.9,0
123,Raise Stew,Indian,Lunch,471,62.3,56.5,19.9,0.9,7.1,1910,50,Grilled,1.3,1
308,Term Salad,Thai,Dinner,607,21.7,39.8,13.9,6.2,14.5,1880,224,Roasted,4.6,1
1608,Policy Soup,Thai,Snack,621,53.8,118.9,15.3,18.6,19.1,852,287,Boiled,1.8,1
715,Activity Sandwich,Chinese,Lunch,444,59.6,48.3,36.8,22.6,25.0,1889,213,Boiled,3.6,0
195,Forget Soup,Indian,Lunch,259,48.4,109.2,22.8,28.9,24.1,102,18,Roasted,4.2,0
44,Administration Curry,Mediterranean,Snack,794,51.0,36.9,20.7,29.8,36.9,1839,268,Raw,2.0,0
666,Plant Wrap,Mediterranean,Snack,154,15.9,32.1,4.2,11.4,15.4,1032,232,Grilled,2.0,1
785,Family Stew,Mexican,Lunch,180,45.6,19.7,49.0,7.4,36.9,1186,196,Boiled,1.6,0
107,Page Sandwich,Indian,Snack,974,57.6,16.0,7.0,2.5,12.6,1554,191,Fried,3.8,0
97,Appear Stew,Mediterranean,Breakfast,172,43.0,110.6,0.5,24.1,13.2,354,185,Boiled,2.0,1
1336,News Rice,American,Snack,1176,68.9,113.6,27.3,7.2,12.9,1674,265,Grilled,3.2,0
1459,Wish Rice,Italian,Snack,344,46.6,114.1,21.7,20.8,1.4,825,107,Baked,1.4,1
1759,Hope Salad,Mediterranean,Snack,186,64.0,137.2,8.7,28.9,14.2,2293,299,Boiled,3.2,1
1608,Policy Soup,Thai,Snack,621,53.8,118.9,15.3,18.6,19.1,852,287,Boiled,1.8,1
1272,Democratic Curry,American,Snack,965,57.4,85.0,26.5,3.3,45.6,1889,6,Fried,3.4,0
1463,Since Pasta,Indian,Snack,965,79.4,51.7,41.4,29.9,12.7,2347,229,Fried,4.8,0
243,Dinner Soup,Mexican,Breakfast,140,37.2,132.3,26.5,17.2,16.2,1231,266,Grilled,1.5,0
558,Girl Soup,Mediterranean,Lunch,1127,34.1,61.6,42.8,22.6,6.9,1327,92,Fried,4.6,0
1853,Hand Soup,Thai,Snack,776,34.9,115.6,15.0,17.9,44.9,1763,84,Grilled,2.2,0
545,Head Stew,Mexican,Breakfast,374,18.1,6.7,4.0,15.0,42.3,572,13,Steamed,4.0,0
1602,Be Pasta,Mediterranean,Snack,232,79.0,31.3,4.3,27.2,10.5,326,206,Fried,1.9,1
122,Any Rice,Japanese,Breakfast,446,60.5,12.1,1.1,27.2,19.8,1482,228,Boiled,1.0,1
1533,Cold Wrap,Mediterranean,Snack,1013,62.9,12.2,28.1,2.1,24.3,710,183,Steamed,4.5,0
1678,Receive Wrap,American,Dinner,1068,44.4,16.3,26.2,7.2,23.1,735,161,Baked,3.8,0
1469,Address Rice,Italian,Breakfast,469,55.2,60.4,18.4,2.3,8.1,342,92,Raw,4.0,1
1563,Base Rice,Japanese,Lunch,180,41.3,45.5,16.8,16.3,9.5,1560,203,Grilled,2.8,1
64,Wall Sandwich,Mediterranean,Breakfast,255,29.3,46.8,19.5,25.7,6.5,1794,116,Boiled,4.2,1
1701,Above Stew,American,Lunch,416,22.5,138.9,3.0,14.4,44.5,1739,163,Roasted,3.3,0
1349,Mrs Stew,Italian,Dinner,1105,34.2,17.6,56.8,20.1,21.3,1736,266,Raw,3.3,0
548,Near Sandwich,Chinese,Breakfast,346,55.7,57.6,9.3,18.4,2.3,1581,212,Roasted,2.6,1
1263,Pick Salad,Mexican,Breakfast,150,9.7,42.0,3.2,22.4,18.5,1849,47,Roasted,4.9,1
1561,Sort Pasta,Thai,Lunch,1158,40.2,131.7,55.5,22.5,1.7,421,263,Baked,2.7,0
927,Arm Soup,American,Breakfast,469,29.3,128.1,6.6,25.6,9.8,441,5,Fried,1.9,1
718,Perhaps Wrap,American,Dinner,398,7.5,6.8,2.8,29.4,10.5,2328,25,Raw,2.4,1
1849,Total Salad,Italian,Snack,729,7.9,123.0,0.2,18.5,43.4,2055,97,Boiled,3.2,0
1326,Item Wrap,Italian,Snack,941,17.8,68.8,40.4,22.7,32.8,206,156,Steamed,3.5,0
1703,Common Curry,Italian,Dinner,1075,56.7,138.0,44.9,22.3,25.6,2325,106,Boiled,2.4,0
36,Which Soup,Indian,Snack,249,79.5,91.2,11.3,29.4,3.5,2354,120,Boiled,2.5,1
1047,Worry Soup,Japanese,Breakfast,953,30.2,18.9,17.8,19.5,33.1,846,300,Fried,2.5,0
604,Night Wrap,Italian,Lunch,138,21.2,44.8,22.3,20.6,9.7,2271,102,Fried,1.5,1
826,Year Wrap,Japanese,Snack,533,68.4,139.7,37.8,13.0,8.4,1467,270,Boiled,3.0,0
1650,Call Stew,Chinese,Snack,691,65.7,137.2,18.7,24.9,0.0,2424,134,Steamed,2.8,1
263,Tv Rice,Italian,Lunch,938,57.2,95.4,16.1,19.5,0.5,323,131,Steamed,1.4,0
806,Television Salad,Indian,Dinner,644,37.0,96.5,50.3,11.3,22.8,882,199,Fried,2.9,0
1868,Debate Sandwich,Thai,Dinner,578,32.0,87.9,22.7,7.0,16.0,896,169,Raw,2.4,1
1273,Really Pasta,American,Snack,1185,32.9,84.2,48.3,10.8,48.1,860,63,Steamed,2.6,0
597,Seven Sandwich,Mediterranean,Lunch,384,51.4,81.4,1.6,25.3,1.4,2227,219,Boiled,1.8,1
1385,Only Soup,Mediterranean,Breakfast,606,20.2,120.7,11.9,21.2,12.8,1598,11,Raw,3.6,1
1341,Budget Stew,Japanese,Snack,297,44.7,54.8,5.6,14.1,36.4,750,22,Fried,1.2,0
1169,Bed Rice,Mediterranean,Breakfast,880,5.6,13.8,5.8,16.9,12.3,188,290,Steamed,1.8,0
1130,My Soup,Chinese,Dinner,174,16.7,9.7,21.3,21.2,12.8,657,96,Steamed,3.3,1
1166,Mouth Stew,Mexican,Dinner,410,61.0,69.6,17.1,29.0,37.9,288,287,Grilled,1.2,0
598,Section Sandwich,Italian,Lunch,379,51.4,133.0,1.1,12.4,3.6,364,153,Raw,1.3,1
1288,Summer Salad,Indian,Breakfast,1138,24.6,138.9,32.5,23.2,19.3,988,261,Boiled,3.0,0
1646,Position Rice,Japanese,Snack,723,18.1,135.0,18.4,7.8,49.6,1691,200,Roasted,2.9,0
832,Keep Stew,American,Dinner,519,54.7,97.4,14.4,8.4,11.5,327,276,Raw,1.8,1
597,Seven Sandwich,Mediterranean,Lunch,384,51.4,81.4,1.6,25.3,1.4,2227,219,Boiled,1.8,1
974,See Salad,Chinese,Snack,275,26.3,112.1,21.6,26.0,37.7,777,74,Baked,3.0,0
164,Attorney Rice,Mexican,Snack,313,67.9,83.1,47.7,25.1,42.1,144,51,Roasted,1.1,0
310,Drug Soup,Japanese,Lunch,614,59.8,36.9,13.3,14.8,12.7,2233,54,Steamed,3.8,1
937,Case Stew,Chinese,Lunch,297,76.0,10.9,17.9,24.5,31.4,1289,38,Grilled,4.4,0
1279,Benefit Sandwich,Thai,Lunch,299,58.6,19.6,13.1,20.3,17.2,183,205,Fried,2.2,1
789,Local Stew,Italian,Snack,827,10.8,80.0,51.6,22.0,35.6,394,288,Roasted,3.6,0
1174,Two Rice,American,Breakfast,593,50.1,26.3,23.1,1.2,0.1,463,251,Raw,2.9,1
1521,Understand Curry,Chinese,Dinner,432,43.3,81.7,12.3,15.0,10.1,1573,246,Baked,4.3,1
295,Particular Rice,Mexican,Snack,955,59.8,100.4,36.3,29.5,6.7,2426,247,Steamed,1.9,0
87,Learn Sandwich,Italian,Dinner,783,74.1,141.3,3.4,8.2,43.3,2084,257,Boiled,4.0,0
548,Near Sandwich,Chinese,Breakfast,346,55.7,57.6,9.3,18.4,2.3,1581,212,Roasted,2.6,1
433,Player Curry,Chinese,Lunch,230,49.1,53.3,58.4,9.3,35.6,1852,161,Fried,3.3,0
839,Popular Salad,American,Snack,501,64.2,127.6,10.4,28.0,8.8,1099,90,Steamed,1.3,1
1148,Believe Soup,American,Breakfast,233,75.9,123.7,8.1,0.1,8.8,982,270,Roasted,3.5,1
546,Participant Soup,Indian,Breakfast,565,53.2,30.8,15.1,27.4,4.5,2452,160,Steamed,3.9,1
434,Current Curry,Mediterranean,Dinner,445,37.4,56.0,40.3,28.9,16.9,66,35,Roasted,4.4,0
1509,Area Salad,Chinese,Lunch,840,60.0,64.8,50.2,10.4,5.8,2096,129,Roasted,2.7,0
718,Perhaps Wrap,American,Dinner,398,7.5,6.8,2.8,29.4,10.5,2328,25,Raw,2.4,1
783,Member Curry,Chinese,Breakfast,399,15.5,126.4,5.3,25.8,14.8,1826,226,Grilled,2.7,1
654,Organization Salad,Japanese,Breakfast,106,36.7,106.4,38.8,17.5,16.6,926,281,Fried,1.1,0
186,Give Pasta,Mediterranean,Snack,672,25.2,126.3,2.3,5.5,1.4,821,163,Steamed,2.2,1
1433,Spring Rice,Italian,Dinner,180,48.3,5.2,53.6,18.4,17.4,553,267,Raw,2.2,0
1299,Stuff Rice,Thai,Snack,280,8.0,112.3,15.9,13.9,7.9,1943,161,Raw,1.6,1
961,Ask Wrap,Italian,Dinner,238,31.1,89.2,10.4,14.0,49.6,60,153,Baked,1.9,0
1312,Run Pasta,Mediterranean,Snack,188,5.8,20.3,22.6,12.6,6.9,1895,102,Steamed,4.9,1
1651,Record Pasta,American,Lunch,479,25.5,43.3,15.8,5.4,15.3,1151,109,Raw,4.0,1
729,Live Sandwich,Mexican,Breakfast,602,51.5,94.9,22.6,25.6,17.6,2438,219,Fried,2.3,1
1710,Yeah Wrap,Chinese,Dinner,1073,24.7,125.3,41.7,0.3,19.0,1844,180,Raw,2.2,0
42,Kind Wrap,Indian,Dinner,466,23.3,58.3,0.8,7.3,34.7,1337,266,Grilled,1.4,0
55,Economic Curry,Mexican,Snack,275,46.1,23.0,4.1,23.0,4.9,1179,249,Baked,1.1,1
1576,Well Stew,Thai,Dinner,565,50.9,78.3,8.9,9.9,5.2,805,231,Raw,2.6,1
1829,Number Wrap,Chinese,Breakfast,207,36.8,10.0,8.2,6.2,4.6,1832,182,Fried,4.0,1
1163,Help Stew,Indian,Breakfast,648,29.3,108.6,23.5,8.2,3.0,2469,167,Boiled,2.1,1
1072,History Soup,Thai,Dinner,676,41.5,27.5,14.1,17.7,30.9,2056,215,Grilled,2.7,0
1736,Investment Wrap,Mexican,Dinner,1100,15.4,11.7,26.6,26.7,13.1,1954,77,Boiled,2.4,0
1231,Human Curry,Chinese,Snack,116,13.2,124.4,4.3,17.9,24.1,1984,88,Raw,4.4,0
675,Wear Rice,American,Snack,376,51.0,136.0,4.9,4.4,8.1,1118,97,Baked,1.2,1
598,Section Sandwich,Italian,Lunch,379,51.4,133.0,1.1,12.4,3.6,364,153,Raw,1.3,1
1804,Drug Curry,Italian,Dinner,680,18.3,4.5,10.7,5.4,12.0,1137,20,Baked,3.2,1
88,Enough Soup,Thai,Lunch,433,65.9,104.9,23.4,27.4,10.8,1025,242,Fried,3.9,1
1245,Wife Soup,Japanese,Snack,544,30.8,138.8,16.2,24.3,9.0,993,241,Baked,3.4,1
742,Way Pasta,Mediterranean,Breakfast,177,75.6,125.6,40.2,20.3,1.4,1489,166,Fried,1.6,0
453,Shoulder Salad,American,Lunch,662,72.7,85.0,23.2,27.6,19.6,2293,43,Grilled,4.3,1
802,Many Sandwich,American,Lunch,312,64.8,113.3,26.9,11.6,0.6,298,190,Raw,2.8,0
450,Relationship Rice,American,Breakfast,454,37.8,28.1,55.3,21.6,27.5,1255,291,Grilled,3.3,0
1673,Century Soup,Mediterranean,Breakfast,736,63.3,26.1,58.0,25.1,2.8,2239,152,Fried,2.0,0
1821,Know Pasta,Italian,Dinner,1124,49.4,113.7,12.1,16.3,45.7,1471,9,Roasted,4.7,0
910,Shoulder Salad,Indian,Breakfast,139,72.4,102.4,45.4,25.4,2.2,855,169,Raw,1.6,0
679,Explain Salad,Thai,Dinner,995,54.9,22.1,16.3,16.2,1.8,2389,111,Grilled,1.5,0
135,How Curry,Indian,Dinner,661,60.0,112.0,22.9,3.4,41.0,2279,242,Baked,4.1,0
456,Onto Soup,Thai,Dinner,324,19.0,141.9,35.5,11.8,9.9,1356,171,Baked,2.5,0
1794,Until Curry,Italian,Dinner,220,73.9,125.2,10.4,23.6,24.4,891,217,Grilled,3.7,0
1330,Know Curry,Indian,Snack,671,43.2,35.5,18.6,27.4,8.7,2231,31,Raw,1.9,1
1103,Film Rice,Japanese,Snack,540,37.1,139.0,2.7,6.6,5.4,1490,102,Baked,4.9,1
1940,Than Stew,Japanese,Breakfast,559,23.2,136.2,5.4,5.7,13.5,997,7,Raw,2.7,1
106,Check Stew,Italian,Breakfast,197,10.1,66.1,23.2,5.6,28.6,242,252,Steamed,2.6,0
459,Reduce Rice,Indian,Breakfast,504,16.6,68.7,15.8,26.5,17.8,1833,53,Boiled,2.4,1
1264,Account Pasta,Indian,Snack,551,51.8,0.4,6.7,12.7,6.3,2053,46,Grilled,2.8,1
1608,Policy Soup,Thai,Snack,621,53.8,118.9,15.3,18.6,19.1,852,287,Boiled,1.8,1
829,Community Stew,Mediterranean,Breakfast,377,44.7,76.6,13.6,21.6,40.6,1867,294,Roasted,4.6,0
84,Inside Pasta,Chinese,Snack,312,68.1,95.0,4.0,19.0,8.0,2158,24,Roasted,1.7,1
1800,We Soup,Mexican,Dinner,1095,42.9,72.6,51.1,20.5,27.0,2202,63,Grilled,3.3,0
14,Indicate Curry,Italian,Lunch,708,5.3,133.7,2.9,23.7,26.1,588,216,Grilled,2.3,0
520,Way Sandwich,Thai,Dinner,138,59.0,73.6,14.0,13.4,9.1,1036,297,Raw,1.2,1
318,Maintain Soup,Italian,Lunch,943,35.5,137.7,4.6,23.5,28.5,690,69,Fried,5.0,0
1171,Rather Salad,Mexican,Dinner,1034,27.0,135.5,0.9,26.9,48.9,898,20,Boiled,3.1,0
1320,And Soup,Mexican,Breakfast,654,18.0,36.2,46.8,5.8,25.6,1741,160,Fried,4.4,0
1591,Learn Stew,Indian,Snack,257,36.4,119.6,31.5,1.4,49.4,1648,99,Grilled,3.7,0
1609,At Wrap,Italian,Snack,277,20.0,119.9,5.3,17.5,6.6,1270,240,Roasted,2.5,1
1309,My Sandwich,Italian,Snack,210,54.9,93.2,18.5,7.6,6.4,1939,122,Roasted,2.1,1
320,Serious Rice,Chinese,Breakfast,461,55.6,116.0,14.7,0.1,9.5,1314,179,Roasted,1.8,1
1579,Side Salad,Indian,Lunch,328,41.8,99.7,9.2,25.6,4.8,80,62,Steamed,4.4,1
1733,Involve Rice,Italian,Dinner,469,6.2,33.6,55.3,27.4,22.0,211,264,Baked,3.1,0
1782,Face Pasta,Italian,Lunch,370,7.4,34.9,5.1,29.0,16.0,2309,269,Raw,1.1,1
1245,Wife Soup,Japanese,Snack,544,30.8,138.8,16.2,24.3,9.0,993,241,Baked,3.4,1
1715,Move Curry,Japanese,Snack,292,65.1,146.7,8.0,0.1,4.7,1034,131,Grilled,1.1,1
1861,Lay Soup,Japanese,Lunch,839,55.0,104.9,14.6,10.3,37.3,1538,54,Raw,2.2,0
938,Congress Rice,Indian,Snack,260,61.7,112.4,22.9,24.4,20.4,942,176,Raw,2.7,0
308,Term Salad,Thai,Dinner,607,21.7,39.8,13.9,6.2,14.5,1880,224,Roasted,4.6,1
985,Most Soup,Mediterranean,Lunch,1099,18.1,33.7,29.7,19.4,29.2,715,181,Grilled,3.9,0
542,White Pasta,Mexican,Breakfast,787,51.4,48.3,21.2,17.5,25.8,1696,287,Boiled,4.7,0
774,Wish Stew,Mexican,Breakfast,675,52.1,129.7,21.6,30.0,7.9,203,60,Grilled,3.8,1
1967,Off Wrap,Japanese,Snack,867,50.6,98.3,37.2,13.9,11.7,2076,242,Baked,1.8,0
372,Traditional Curry,Mediterranean,Snack,324,7.8,139.2,57.3,14.7,38.3,2322,6,Grilled,4.4,0
1082,Current Pasta,Italian,Snack,355,38.5,141.2,14.4,14.2,7.7,1712,261,Roasted,4.5,1
564,High Soup,Mexican,Dinner,595,67.1,83.9,11.6,3.8,48.0,1938,166,Boiled,4.2,0
1491,Support Rice,Thai,Snack,983,54.3,88.9,48.4,16.9,25.3,74,199,Raw,2.0,0
1113,Size Rice,Chinese,Lunch,204,27.5,68.1,7.6,13.7,26.9,2257,287,Steamed,1.1,0
1413,Late Stew,Japanese,Lunch,200,69.6,18.6,5.6,14.5,18.5,1310,251,Grilled,1.2,1
618,Town Wrap,Italian,Lunch,226,77.2,69.6,18.9,6.2,16.6,422,44,Steamed,3.8,1
32,Ready Rice,Thai,Dinner,333,78.2,130.0,16.6,0.3,19.0,2416,167,Roasted,1.6,1
398,Parent Salad,Japanese,Lunch,365,50.3,136.8,2.3,14.8,14.9,1258,212,Fried,2.2,1
618,Town Wrap,Italian,Lunch,226,77.2,69.6,18.9,6.2,16.6,422,44,Steamed,3.8,1
1966,Particular Rice,Mexican,Snack,545,61.6,56.1,59.1,7.2,44.7,412,257,Steamed,3.9,0
1759,Hope Salad,Mediterranean,Snack,186,64.0,137.2,8.7,28.9,14.2,2293,299,Boiled,3.2,1
1970,Movie Stew,Italian,Breakfast,838,35.6,66.5,13.4,2.7,3.7,167,130,Steamed,2.9,0
7,Item Rice,Thai,Snack,114,60.9,6.7,6.7,23.4,8.3,1107,60,Roasted,2.8,1
393,Vote Stew,Mediterranean,Snack,1035,44.5,136.5,38.0,26.1,14.8,1813,64,Fried,4.0,0
1467,Life Rice,Indian,Dinner,129,24.6,91.6,20.3,1.8,18.7,1822,106,Fried,4.3,1
1449,Very Pasta,Mediterranean,Lunch,1025,63.7,138.1,36.1,26.2,14.1,479,146,Steamed,2.3,0
1807,Must Soup,Italian,Breakfast,458,35.7,102.5,57.5,22.6,46.1,1042,71,Steamed,3.7,0
603,Three Salad,American,Breakfast,386,34.0,75.3,51.7,13.9,40.0,996,160,Grilled,4.0,0
832,Keep Stew,American,Dinner,519,54.7,97.4,14.4,8.4,11.5,327,276,Raw,1.8,1
1857,Small Rice,Thai,Dinner,657,58.4,88.0,6.8,28.8,11.6,261,52,Steamed,3.5,1
1148,Believe Soup,American,Breakfast,233,75.9,123.7,8.1,0.1,8.8,982,270,Roasted,3.5,1
320,Serious Rice,Chinese,Breakfast,461,55.6,116.0,14.7,0.1,9.5,1314,179,Roasted,1.8,1
546,Participant Soup,Indian,Breakfast,565,53.2,30.8,15.1,27.4,4.5,2452,160,Steamed,3.9,1
1359,Help Sandwich,Indian,Dinner,766,62.8,108.4,17.4,21.6,49.6,88,59,Fried,2.3,0
1237,At Sandwich,American,Lunch,533,51.3,1.5,11.1,0.3,10.3,1581,232,Raw,4.7,1
1677,Few Stew,Italian,Breakfast,131,54.4,10.2,24.8,18.3,16.4,1369,79,Steamed,2.2,1
1051,Money Wrap,Italian,Dinner,918,35.3,66.6,19.1,25.6,21.6,722,220,Grilled,3.0,0
1956,Value Salad,Thai,Breakfast,367,65.7,33.1,4.1,14.5,31.6,651,76,Roasted,4.2,0
570,Tell Rice,Chinese,Snack,282,31.5,99.7,7.4,11.5,2.8,2381,87,Fried,2.1,1
1105,Road Sandwich,American,Dinner,556,58.0,18.1,30.8,26.4,19.5,2069,117,Roasted,4.5,0
1199,Food Curry,Mediterranean,Lunch,1094,53.5,102.4,6.9,22.5,33.3,81,47,Baked,2.5,0
1608,Policy Soup,Thai,Snack,621,53.8,118.9,15.3,18.6,19.1,852,287,Boiled,1.8,1
482,Other Pasta,Japanese,Snack,143,73.3,94.5,15.7,24.1,13.0,348,215,Grilled,2.5,1
1092,Meet Soup,Indian,Breakfast,617,76.0,149.1,7.0,5.8,43.8,1723,218,Raw,1.6,0
1852,Respond Soup,Chinese,Lunch,135,64.8,47.4,6.9,26.9,31.2,1874,24,Baked,3.5,0
174,Air Stew,Mediterranean,Dinner,981,51.3,73.4,15.9,26.0,44.0,465,144,Raw,3.6,0
398,Parent Salad,Japanese,Lunch,365,50.3,136.8,2.3,14.8,14.9,1258,212,Fried,2.2,1
1732,You Pasta,Japanese,Snack,319,56.6,43.3,16.4,26.9,14.5,1725,67,Grilled,3.7,1
1718,Culture Rice,Mediterranean,Dinner,219,5.6,106.0,14.3,24.6,7.6,1300,157,Baked,4.5,1
637,Guess Soup,Thai,Lunch,544,31.3,92.6,10.0,26.4,44.5,615,139,Boiled,1.2,0
1624,She Soup,Mediterranean,Snack,1103,12.0,149.4,22.0,20.1,28.6,2000,105,Raw,2.0,0
772,Newspaper Soup,Mediterranean,Dinner,488,8.5,29.3,21.9,16.3,30.7,1793,254,Roasted,3.3,0
1344,Attack Stew,Mexican,Lunch,536,29.7,22.4,58.7,26.7,13.4,529,21,Steamed,2.2,0
986,Key Rice,Mediterranean,Dinner,866,60.6,57.1,24.2,26.3,10.6,1688,79,Raw,3.7,0
533,Gas Curry,Italian,Lunch,437,26.0,129.1,13.6,7.7,22.4,318,163,Raw,1.6,0
613,Investment Soup,Indian,Lunch,454,25.0,60.7,49.8,15.7,2.2,104,204,Grilled,4.8,0
1255,Few Salad,Indian,Lunch,589,76.6,79.6,37.7,21.7,34.6,775,31,Grilled,2.8,0
1228,Tell Soup,Indian,Dinner,181,19.3,82.5,50.4,20.6,1.9,2295,31,Grilled,4.8,0
832,Keep Stew,American,Dinner,519,54.7,97.4,14.4,8.4,11.5,327,276,Raw,1.8,1
560,Result Salad,Japanese,Lunch,1116,8.4,38.4,57.0,22.9,16.6,1701,214,Roasted,1.0,0
696,Thought Pasta,Thai,Dinner,1100,7.5,89.1,19.4,28.5,16.7,2215,207,Roasted,3.2,0
1521,Understand Curry,Chinese,Dinner,432,43.3,81.7,12.3,15.0,10.1,1573,246,Baked,4.3,1
1837,Rise Rice,Mexican,Snack,725,49.3,6.9,30.9,23.2,1.3,1553,76,Raw,4.5,0
1109,Today Pasta,Thai,Snack,180,36.1,128.9,51.2,3.6,45.1,1979,230,Baked,3.5,0
330,Party Sandwich,Italian,Breakfast,402,53.5,144.2,0.8,24.3,1.2,2308,213,Roasted,4.8,1
1267,Something Pasta,Japanese,Lunch,568,47.8,50.6,55.5,1.0,43.4,395,169,Fried,5.0,0
1053,Thought Curry,Indian,Breakfast,132,70.6,69.1,3.1,12.5,19.1,2469,0,Boiled,1.1,1
790,Network Curry,Mexican,Breakfast,322,23.4,80.4,24.5,3.1,17.3,2002,86,Fried,1.4,1
137,Network Pasta,American,Breakfast,772,45.4,115.8,31.3,29.1,13.8,2356,287,Grilled,4.8,0
816,Into Wrap,Japanese,Dinner,965,18.1,133.2,32.0,25.4,44.0,467,237,Boiled,2.3,0
1695,Western Pasta,Thai,Breakfast,218,20.9,60.5,16.3,19.3,8.2,713,183,Roasted,4.1,1
813,Offer Sandwich,Thai,Breakfast,465,26.5,61.2,18.0,4.8,17.4,396,67,Grilled,2.3,1
1188,Company Curry,Mediterranean,Lunch,803,69.1,70.4,34.3,13.5,0.6,1451,157,Fried,1.5,0
1996,Admit Curry,Mediterranean,Lunch,163,16.0,48.1,3.6,26.6,40.9,984,155,Grilled,1.3,0
915,The Curry,Mexican,Snack,349,41.0,29.4,4.9,1.8,20.5,910,6,Baked,4.4,0
140,Law Stew,Indian,Dinner,438,44.4,74.7,44.3,2.8,13.8,1975,207,Boiled,3.8,0
720,Six Sandwich,American,Dinner,216,65.3,99.6,52.3,27.7,37.4,483,41,Baked,2.0,0
658,Finally Stew,Chinese,Breakfast,641,74.9,27.2,14.6,21.4,4.8,1507,68,Roasted,2.5,1
1340,Development Soup,Italian,Dinner,406,44.0,115.5,8.2,5.5,14.6,1868,44,Baked,5.0,1
1589,Will Rice,Chinese,Breakfast,375,26.3,142.9,11.7,25.8,15.2,1160,138,Steamed,3.8,1
698,Agree Wrap,Indian,Dinner,705,53.6,133.5,59.8,20.0,20.5,1868,237,Roasted,3.5,0
407,Activity Sandwich,American,Lunch,100,64.1,134.8,11.7,4.5,21.0,519,215,Fried,2.6,0
300,Remain Stew,Thai,Lunch,428,35.7,74.9,55.2,6.5,20.1,414,70,Baked,4.2,0
1330,Know Curry,Indian,Snack,671,43.2,35.5,18.6,27.4,8.7,2231,31,Raw,1.9,1
467,Occur Pasta,Japanese,Dinner,608,27.1,143.4,4.0,3.9,11.4,1841,86,Fried,2.4,1
1650,Call Stew,Chinese,Snack,691,65.7,137.2,18.7,24.9,0.0,2424,134,Steamed,2.8,1
1961,Practice Curry,Indian,Lunch,473,49.5,94.6,9.9,16.5,17.8,772,279,Baked,3.9,1
53,Many Salad,American,Breakfast,312,58.0,24.8,32.7,20.8,37.7,1397,242,Boiled,4.7,0
729,Live Sandwich,Mexican,Breakfast,602,51.5,94.9,22.6,25.6,17.6,2438,219,Fried,2.3,1
1087,End Rice,Thai,Lunch,973,77.2,148.6,20.0,6.1,11.1,1320,110,Grilled,3.7,0
965,Worker Salad,Mediterranean,Breakfast,476,19.1,140.5,18.1,22.8,48.5,417,14,Grilled,1.5,0
852,Seven Curry,American,Breakfast,942,14.2,40.5,48.6,1.6,20.3,2407,157,Raw,3.5,0
1351,Activity Sandwich,Thai,Lunch,874,31.0,18.7,15.5,7.7,46.3,1698,57,Boiled,3.0,0
1235,Painting Wrap,Indian,Dinner,851,35.8,111.0,47.9,24.6,19.2,2247,236,Grilled,2.9,0
5,Quite Stew,Thai,Lunch,210,51.6,104.3,26.3,24.8,18.2,1460,42,Raw,4.3,0
783,Member Curry,Chinese,Breakfast,399,15.5,126.4,5.3,25.8,14.8,1826,226,Grilled,2.7,1
1761,Then Wrap,Indian,Breakfast,911,25.7,126.0,4.3,16.6,38.5,1878,94,Raw,3.9,0
1706,Goal Stew,Mediterranean,Snack,387,70.9,143.8,10.7,9.1,3.8,1498,175,Baked,2.8,1
1318,Religious Soup,American,Breakfast,219,22.1,21.9,13.4,0.8,6.1,182,277,Steamed,2.5,1
570,Tell Rice,Chinese,Snack,282,31.5,99.7,7.4,11.5,2.8,2381,87,Fried,2.1,1
464,Article Pasta,Mexican,Snack,232,18.8,74.5,7.0,20.1,14.8,1433,116,Grilled,2.8,1
1564,Although Salad,Mediterranean,Dinner,636,28.6,123.0,9.1,13.0,7.6,1995,197,Boiled,1.2,1
570,Tell Rice,Chinese,Snack,282,31.5,99.7,7.4,11.5,2.8,2381,87,Fried,2.1,1
1184,Last Wrap,Mediterranean,Snack,645,36.8,39.6,26.6,18.0,31.5,2048,220,Boiled,3.8,0
922,Several Soup,Mediterranean,Lunch,1110,39.9,82.4,20.8,28.9,2.7,400,122,Roasted,2.2,0
750,Lawyer Soup,Italian,Dinner,1062,33.8,135.0,21.8,8.8,17.7,127,180,Fried,1.5,0
1890,Truth Pasta,Thai,Breakfast,1030,70.1,123.7,29.4,7.5,30.7,809,68,Roasted,3.3,0
1676,Economy Salad,Thai,Lunch,698,27.2,19.6,0.8,19.3,1.0,1700,293,Boiled,2.9,1
1762,Reason Curry,Mediterranean,Lunch,634,53.5,9.9,19.9,16.9,6.8,772,188,Fried,2.0,1
1130,My Soup,Chinese,Dinner,174,16.7,9.7,21.3,21.2,12.8,657,96,Steamed,3.3,1
128,Item Soup,Chinese,Lunch,484,10.8,72.9,11.7,12.1,12.1,1844,102,Boiled,2.9,1
1262,Resource Rice,Japanese,Dinner,335,41.4,105.8,36.9,5.5,17.7,1172,67,Boiled,1.4,0
631,Include Salad,Chinese,Dinner,1095,38.2,63.3,35.3,0.3,20.9,204,120,Steamed,3.1,0
58,Section Salad,Japanese,Lunch,836,12.8,108.8,7.8,5.8,20.4,565,163,Baked,3.5,0
940,Into Curry,Mediterranean,Lunch,938,20.2,131.9,25.6,22.0,47.6,2079,149,Baked,4.4,0
22,Despite Rice,Italian,Snack,578,33.5,135.3,7.4,10.6,18.7,1156,110,Fried,3.7,1
338,Develop Pasta,Italian,Lunch,261,45.8,81.9,8.2,3.4,16.1,1523,19,Roasted,4.1,1
948,Against Sandwich,Chinese,Dinner,506,49.9,50.5,5.2,3.1,9.2,983,234,Fried,3.6,1
918,Also Wrap,Italian,Snack,1182,32.5,61.3,19.7,1.1,15.3,315,230,Roasted,1.8,0
1224,In Soup,Indian,Dinner,157,34.7,135.7,11.7,1.2,45.3,1137,281,Steamed,3.3,0
1287,Policy Wrap,Mediterranean,Snack,493,6.0,87.8,43.3,14.7,3.8,961,149,Steamed,1.3,0
666,Plant Wrap,Mediterranean,Snack,154,15.9,32.1,4.2,11.4,15.4,1032,232,Grilled,2.0,1
1328,Page Rice,Thai,Dinner,331,9.3,38.6,15.7,1.3,7.3,238,170,Baked,1.9,1
1066,Time Stew,American,Lunch,1156,69.2,129.9,12.5,17.5,29.1,76,221,Fried,1.4,0
252,North Rice,Indian,Breakfast,393,35.4,148.6,6.3,3.4,19.9,713,66,Baked,4.3,1
437,Face Stew,Japanese,Dinner,1179,70.3,138.0,44.0,26.1,22.8,1726,109,Grilled,3.5,0
1579,Side Salad,Indian,Lunch,328,41.8,99.7,9.2,25.6,4.8,80,62,Steamed,4.4,1
1249,Crime Stew,Mexican,Breakfast,339,71.2,9.2,4.3,25.5,17.9,2396,250,Raw,4.1,1
23,Season Curry,Mexican,Dinner,1067,5.2,47.0,13.0,3.8,20.6,921,6,Grilled,1.4,0
753,Professor Curry,American,Breakfast,1077,74.4,24.5,34.5,2.1,10.0,655,95,Fried,2.3,0
41,Fund Sandwich,Italian,Dinner,806,72.1,13.3,2.5,5.3,40.8,1997,268,Baked,3.7,0
1576,Well Stew,Thai,Dinner,565,50.9,78.3,8.9,9.9,5.2,805,231,Raw,2.6,1
675,Wear Rice,American,Snack,376,51.0,136.0,4.9,4.4,8.1,1118,97,Baked,1.2,1
968,Mind Stew,Thai,Dinner,237,37.1,3.8,6.6,2.7,19.0,1838,245,Boiled,1.5,1
574,Today Wrap,American,Breakfast,918,56.5,119.9,28.8,5.1,9.0,1377,226,Grilled,4.4,0
123,Raise Stew,Indian,Lunch,471,62.3,56.5,19.9,0.9,7.1,1910,50,Grilled,1.3,1
1010,Treatment Soup,American,Snack,1161,35.0,104.9,23.3,2.8,30.0,942,8,Raw,4.1,0
570,Tell Rice,Chinese,Snack,282,31.5,99.7,7.4,11.5,2.8,2381,87,Fried,2.1,1
464,Article Pasta,Mexican,Snack,232,18.8,74.5,7.0,20.1,14.8,1433,116,Grilled,2.8,1
588,Continue Sandwich,Japanese,Breakfast,213,14.3,54.2,8.0,10.0,28.3,704,33,Roasted,2.8,0
1488,Happen Soup,Mediterranean,Snack,545,12.6,96.3,9.8,17.1,16.0,233,146,Roasted,3.1,1
1880,Human Wrap,Chinese,Lunch,1037,59.1,80.1,49.6,8.9,17.1,1319,277,Raw,1.9,0
88,Enough Soup,Thai,Lunch,433,65.9,104.9,23.4,27.4,10.8,1025,242,Fried,3.9,1
948,Against Sandwich,Chinese,Dinner,506,49.9,50.5,5.2,3.1,9.2,983,234,Fried,3.6,1
275,Congress Stew,Mexican,Lunch,396,44.3,63.0,15.1,13.6,47.5,1203,171,Fried,4.6,0
1564,Although Salad,Mediterranean,Dinner,636,28.6,123.0,9.1,13.0,7.6,1995,197,Boiled,1.2,1
863,Bring Stew,American,Lunch,872,5.8,4.1,4.2,17.3,1.5,1500,248,Roasted,3.7,0
1554,Two Pasta,Japanese,Snack,557,35.4,68.3,19.6,20.2,21.5,1949,208,Grilled,2.6,0
290,Open Soup,American,Lunch,277,60.2,45.5,2.9,13.8,16.7,590,232,Boiled,3.0,1
175,Challenge Curry,Italian,Breakfast,633,79.1,84.7,51.7,2.4,45.6,2014,293,Baked,3.3,0
1650,Call Stew,Chinese,Snack,691,65.7,137.2,18.7,24.9,0.0,2424,134,Steamed,2.8,1
1860,End Stew,Italian,Breakfast,194,51.4,49.7,35.2,16.8,46.0,1739,68,Fried,3.9,0
1925,Despite Pasta,Mediterranean,Lunch,570,68.3,133.4,8.1,4.3,17.4,1763,195,Boiled,1.4,1
688,Trip Sandwich,Mexican,Lunch,193,47.6,65.7,43.8,22.4,10.8,1166,0,Steamed,1.6,0
748,Develop Sandwich,Indian,Snack,332,69.9,7.5,10.3,26.5,15.4,2265,31,Baked,3.7,1
310,Drug Soup,Japanese,Lunch,614,59.8,36.9,13.3,14.8,12.7,2233,54,Steamed,3.8,1
1489,Catch Stew,Indian,Snack,491,33.6,62.1,53.2,5.0,11.2,1371,256,Fried,4.1,0
625,Executive Pasta,Indian,Dinner,768,73.3,111.5,24.6,29.7,40.9,2411,259,Steamed,3.3,0
1563,Base Rice,Japanese,Lunch,180,41.3,45.5,16.8,16.3,9.5,1560,203,Grilled,2.8,1
1938,Note Sandwich,Japanese,Breakfast,378,11.1,60.3,57.8,12.2,31.1,1404,235,Raw,2.4,0
97,Appear Stew,Mediterranean,Breakfast,172,43.0,110.6,0.5,24.1,13.2,354,185,Boiled,2.0,1
1521,Understand Curry,Chinese,Dinner,432,43.3,81.7,12.3,15.0,10.1,1573,246,Baked,4.3,1
148,A Curry,Italian,Breakfast,644,41.1,9.2,3.6,10.3,49.6,2417,111,Baked,1.8,0
97,Appear Stew,Mediterranean,Breakfast,172,43.0,110.6,0.5,24.1,13.2,354,185,Boiled,2.0,1
1249,Crime Stew,Mexican,Breakfast,339,71.2,9.2,4.3,25.5,17.9,2396,250,Raw,4.1,1
1176,Evidence Pasta,Japanese,Dinner,189,79.8,33.1,23.2,13.1,10.0,2458,244,Raw,1.1,1
1075,Young Curry,Japanese,Breakfast,624,20.8,72.5,49.7,11.4,33.2,1394,126,Steamed,2.1,0
6,Arm Stew,Italian,Dinner,484,55.3,130.3,0.1,29.7,1.6,411,162,Steamed,1.6,1
216,Themselves Rice,American,Dinner,649,63.5,122.1,14.4,0.8,34.0,638,241,Steamed,3.5,0
1253,Focus Rice,Indian,Breakfast,887,5.3,27.1,35.7,27.5,45.5,138,31,Raw,3.2,0
1088,Painting Sandwich,Japanese,Breakfast,313,13.3,142.7,49.9,8.7,13.6,55,96,Boiled,1.1,0
768,Soldier Wrap,Japanese,Dinner,725,78.9,30.2,3.2,17.1,11.0,1943,268,Baked,1.6,0
885,Serious Wrap,Mediterranean,Lunch,287,62.3,13.6,17.3,0.5,10.3,2434,118,Fried,3.9,1
667,Develop Pasta,Japanese,Breakfast,238,23.2,77.3,17.6,0.1,30.1,1447,136,Boiled,1.5,0
204,Writer Rice,Mexican,Snack,922,16.5,92.7,50.0,21.0,39.0,892,273,Steamed,2.0,0
337,Door Soup,American,Lunch,329,68.1,57.3,41.8,14.0,6.4,1701,300,Baked,3.0,0
1564,Although Salad,Mediterranean,Dinner,636,28.6,123.0,9.1,13.0,7.6,1995,197,Boiled,1.2,1
1917,Weight Soup,American,Dinner,595,40.2,27.2,3.4,10.0,14.4,148,142,Fried,2.2,1
1164,Many Wrap,Mexican,Lunch,471,36.8,23.3,9.2,9.0,20.1,623,59,Raw,1.1,0
618,Town Wrap,Italian,Lunch,226,77.2,69.6,18.9,6.2,16.6,422,44,Steamed,3.8,1
1566,Purpose Salad,Chinese,Dinner,224,72.0,88.3,2.3,10.6,2.8,241,247,Boiled,4.1,1
22,Despite Rice,Italian,Snack,578,33.5,135.3,7.4,10.6,18.7,1156,110,Fried,3.7,1
1175,Series Salad,American,Dinner,871,5.0,54.0,51.4,9.8,34.5,1394,78,Roasted,2.4,0
1563,Base Rice,Japanese,Lunch,180,41.3,45.5,16.8,16.3,9.5,1560,203,Grilled,2.8,1
1117,Report Sandwich,Chinese,Dinner,116,32.6,139.0,1.8,15.0,0.8,2188,262,Baked,2.2,1
1375,Feel Curry,Mexican,Dinner,482,25.8,14.2,47.5,24.5,37.4,2128,57,Roasted,2.7,0
19,Down Stew,American,Lunch,150,55.3,27.6,37.1,0.3,26.8,2478,123,Grilled,3.8,0
1913,Discussion Stew,American,Dinner,536,53.4,9.0,22.2,19.9,7.6,1310,181,Boiled,4.2,1
722,System Rice,Japanese,Lunch,698,79.2,25.6,13.5,0.5,12.3,178,214,Roasted,4.4,1
599,Scientist Stew,American,Snack,486,20.8,64.2,34.2,6.4,45.9,1444,178,Raw,3.7,0
723,Ask Pasta,Mediterranean,Snack,1015,39.0,126.7,16.6,28.7,39.7,2142,285,Baked,4.5,0
619,Avoid Pasta,Indian,Snack,203,18.6,63.2,24.0,20.3,3.5,483,250,Baked,3.1,1
122,Any Rice,Japanese,Breakfast,446,60.5,12.1,1.1,27.2,19.8,1482,228,Boiled,1.0,1
1163,Help Stew,Indian,Breakfast,648,29.3,108.6,23.5,8.2,3.0,2469,167,Boiled,2.1,1
1660,Research Curry,Indian,Dinner,260,57.9,49.7,2.8,27.6,48.1,734,47,Fried,1.5,0
1054,Debate Salad,American,Snack,1035,28.3,66.7,0.3,23.2,1.2,1307,160,Grilled,4.0,0
1692,Air Curry,Indian,Snack,515,78.7,49.7,5.5,2.0,16.0,642,222,Fried,2.1,1
499,Boy Pasta,Chinese,Lunch,210,47.8,86.5,22.4,24.9,16.9,1633,45,Boiled,2.6,1
878,Argue Pasta,Japanese,Snack,871,41.3,103.6,31.1,11.3,39.3,212,37,Fried,4.4,0
254,Manager Curry,Japanese,Breakfast,734,15.6,17.1,3.3,28.8,20.1,1858,7,Boiled,3.5,0
398,Parent Salad,Japanese,Lunch,365,50.3,136.8,2.3,14.8,14.9,1258,212,Fried,2.2,1
1985,Place Salad,Thai,Breakfast,517,19.8,8.8,18.6,28.0,33.5,1758,121,Grilled,1.2,0
871,Act Curry,Thai,Lunch,383,41.9,60.5,14.8,5.8,15.9,1544,293,Fried,3.8,1
192,Add Wrap,Indian,Breakfast,444,45.0,29.1,17.7,28.3,10.5,103,37,Roasted,1.6,1
832,Keep Stew,American,Dinner,519,54.7,97.4,14.4,8.4,11.5,327,276,Raw,1.8,1
1706,Goal Stew,Mediterranean,Snack,387,70.9,143.8,10.7,9.1,3.8,1498,175,Baked,2.8,1
1867,Responsibility Sandwich,Italian,Dinner,294,71.7,4.7,29.5,25.8,6.9,1263,16,Steamed,4.3,0
1279,Benefit Sandwich,Thai,Lunch,299,58.6,19.6,13.1,20.3,17.2,183,205,Fried,2.2,1
1146,Quality Pasta,Italian,Dinner,913,53.7,72.4,59.6,23.0,14.2,901,139,Fried,2.5,0
514,Score Stew,Mexican,Lunch,883,7.5,49.1,42.2,9.5,33.0,110,172,Raw,3.1,0
1048,Fly Soup,Indian,Lunch,780,30.4,71.9,30.8,24.7,15.2,2091,79,Fried,3.4,0
1762,Reason Curry,Mediterranean,Lunch,634,53.5,9.9,19.9,16.9,6.8,772,188,Fried,2.0,1
1564,Although Salad,Mediterranean,Dinner,636,28.6,123.0,9.1,13.0,7.6,1995,197,Boiled,1.2,1
658,Finally Stew,Chinese,Breakfast,641,74.9,27.2,14.6,21.4,4.8,1507,68,Roasted,2.5,1
702,Factor Wrap,Indian,Dinner,213,58.1,9.2,52.0,1.9,33.8,1248,54,Steamed,2.4,0
1488,Happen Soup,Mediterranean,Snack,545,12.6,96.3,9.8,17.1,16.0,233,146,Roasted,3.1,1
1350,Assume Rice,Mexican,Snack,397,26.6,137.0,13.5,10.6,47.6,394,166,Fried,2.6,0
1276,Specific Rice,Japanese,Breakfast,252,64.1,49.4,22.6,2.6,30.5,774,142,Raw,1.3,0
1560,Thought Pasta,Mexican,Breakfast,304,7.9,55.2,29.8,9.7,2.0,2345,26,Steamed,2.4,0
88,Enough Soup,Thai,Lunch,433,65.9,104.9,23.4,27.4,10.8,1025,242,Fried,3.9,1
1686,Order Stew,American,Dinner,945,68.8,97.8,28.3,5.9,26.5,1206,108,Grilled,3.1,0
718,Perhaps Wrap,American,Dinner,398,7.5,6.8,2.8,29.4,10.5,2328,25,Raw,2.4,1
1437,Hotel Pasta,American,Dinner,1132,69.1,128.9,20.5,27.9,26.3,1939,144,Grilled,1.5,0
520,Way Sandwich,Thai,Dinner,138,59.0,73.6,14.0,13.4,9.1,1036,297,Raw,1.2,1
1715,Move Curry,Japanese,Snack,292,65.1,146.7,8.0,0.1,4.7,1034,131,Grilled,1.1,1
1771,Wife Soup,American,Breakfast,258,76.9,112.7,58.4,20.6,1.7,1567,187,Fried,4.5,0
181,Nation Stew,Chinese,Dinner,385,67.8,16.8,44.9,27.4,21.5,2137,210,Steamed,3.8,0
1879,Step Rice,Mexican,Breakfast,684,57.1,143.0,6.7,12.3,43.1,1872,38,Steamed,3.6,0
1050,Cost Pasta,Mexican,Snack,334,48.7,21.7,40.0,7.2,22.6,1838,135,Steamed,4.2,0
1576,Well Stew,Thai,Dinner,565,50.9,78.3,8.9,9.9,5.2,805,231,Raw,2.6,1
839,Popular Salad,American,Snack,501,64.2,127.6,10.4,28.0,8.8,1099,90,Steamed,1.3,1
1117,Report Sandwich,Chinese,Dinner,116,32.6,139.0,1.8,15.0,0.8,2188,262,Baked,2.2,1
966,Business Pasta,Japanese,Snack,572,11.6,106.4,17.9,18.5,44.3,1426,151,Roasted,3.0,0
1414,Key Stew,Chinese,Breakfast,635,48.6,47.4,24.1,6.9,2.1,1088,38,Raw,2.0,1
1469,Address Rice,Italian,Breakfast,469,55.2,60.4,18.4,2.3,8.1,342,92,Raw,4.0,1
499,Boy Pasta,Chinese,Lunch,210,47.8,86.5,22.4,24.9,16.9,1633,45,Boiled,2.6,1
1521,Understand Curry,Chinese,Dinner,432,43.3,81.7,12.3,15.0,10.1,1573,246,Baked,4.3,1
115,Try Curry,American,Lunch,854,68.0,111.9,43.4,21.7,6.6,1200,245,Roasted,4.5,0
1925,Despite Pasta,Mediterranean,Lunch,570,68.3,133.4,8.1,4.3,17.4,1763,195,Boiled,1.4,1
1130,My Soup,Chinese,Dinner,174,16.7,9.7,21.3,21.2,12.8,657,96,Steamed,3.3,1
119,Talk Salad,Japanese,Snack,431,26.1,8.6,4.1,1.1,12.8,1630,283,Baked,2.4,1
283,Break Pasta,American,Snack,503,36.3,34.6,2.4,20.3,24.1,1922,79,Roasted,1.1,0
121,Billion Salad,Thai,Breakfast,410,28.1,20.9,28.9,16.9,7.9,1434,123,Grilled,2.1,0
1596,Reveal Pasta,Indian,Snack,1099,31.1,61.6,0.7,6.4,49.5,1307,94,Roasted,3.9,0
1594,Now Pasta,Thai,Breakfast,222,37.2,26.4,15.7,4.9,44.7,613,62,Boiled,2.2,0
1820,Since Sandwich,American,Snack,441,43.9,115.2,45.7,8.0,26.2,568,300,Roasted,4.8,0
643,Draw Salad,Mediterranean,Snack,503,57.4,27.6,45.7,17.3,7.7,2284,39,Baked,1.7,0
690,Executive Curry,Thai,Dinner,942,34.9,129.1,47.3,15.1,32.3,340,119,Fried,4.9,0
1871,Have Stew,Italian,Lunch,795,70.6,42.6,19.5,13.2,12.3,2118,48,Raw,3.0,0
927,Arm Soup,American,Breakfast,469,29.3,128.1,6.6,25.6,9.8,441,5,Fried,1.9,1
885,Serious Wrap,Mediterranean,Lunch,287,62.3,13.6,17.3,0.5,10.3,2434,118,Fried,3.9,1
63,Why Curry,Indian,Lunch,213,69.9,115.1,18.5,23.2,7.4,1538,102,Fried,3.6,1
441,Despite Stew,Indian,Lunch,267,38.6,74.3,55.7,8.3,3.8,2426,295,Boiled,2.7,0
1271,Thousand Soup,Japanese,Lunch,1005,69.8,25.9,53.6,25.8,27.8,1510,74,Grilled,2.9,0
1275,Step Soup,American,Snack,350,9.2,112.5,12.7,9.7,13.3,1728,114,Roasted,1.4,1
290,Open Soup,American,Lunch,277,60.2,45.5,2.9,13.8,16.7,590,232,Boiled,3.0,1
1855,Young Wrap,Mediterranean,Snack,754,30.9,35.2,22.1,7.5,38.4,1422,60,Fried,3.0,0
1237,At Sandwich,American,Lunch,533,51.3,1.5,11.1,0.3,10.3,1581,232,Raw,4.7,1
1328,Page Rice,Thai,Dinner,331,9.3,38.6,15.7,1.3,7.3,238,170,Baked,1.9,1
1857,Small Rice,Thai,Dinner,657,58.4,88.0,6.8,28.8,11.6,261,52,Steamed,3.5,1
269,Pull Sandwich,Mexican,Lunch,223,42.4,48.8,22.7,26.2,18.4,2171,62,Boiled,3.3,1
330,Party Sandwich,Italian,Breakfast,402,53.5,144.2,0.8,24.3,1.2,2308,213,Roasted,4.8,1
496,Network Wrap,Indian,Breakfast,502,64.4,49.0,23.6,28.6,42.7,1019,6,Baked,3.9,0
1566,Purpose Salad,Chinese,Dinner,224,72.0,88.3,2.3,10.6,2.8,241,247,Boiled,4.1,1
1466,Shoulder Curry,Mexican,Lunch,873,31.5,91.1,29.5,5.8,32.4,1345,191,Fried,2.6,0
1732,You Pasta,Japanese,Snack,319,56.6,43.3,16.4,26.9,14.5,1725,67,Grilled,3.7,1
598,Section Sandwich,Italian,Lunch,379,51.4,133.0,1.1,12.4,3.6,364,153,Raw,1.3,1
970,Machine Wrap,Mexican,Snack,1089,51.9,30.6,16.5,12.1,19.4,237,22,Steamed,1.3,0
1718,Culture Rice,Mediterranean,Dinner,219,5.6,106.0,14.3,24.6,7.6,1300,157,Baked,4.5,1
686,Allow Curry,Indian,Snack,112,12.0,122.8,27.5,26.4,42.7,933,225,Fried,2.7,0
893,Idea Pasta,Mexican,Snack,296,53.7,136.1,5.0,3.2,17.9,119,95,Grilled,1.9,1
1677,Few Stew,Italian,Breakfast,131,54.4,10.2,24.8,18.3,16.4,1369,79,Steamed,2.2,1
1972,President Pasta,Italian,Breakfast,489,66.6,81.9,32.7,29.9,32.9,249,204,Boiled,3.4,0
293,Stuff Wrap,Mediterranean,Lunch,736,62.3,20.8,54.9,20.7,0.2,540,255,Fried,3.4,0
1806,While Sandwich,American,Dinner,838,40.7,106.5,2.5,22.8,2.9,2158,30,Raw,4.9,0
1588,Card Sandwich,Indian,Dinner,858,19.4,11.1,20.6,12.8,31.7,717,299,Boiled,1.5,0
729,Live Sandwich,Mexican,Breakfast,602,51.5,94.9,22.6,25.6,17.6,2438,219,Fried,2.3,1
252,North Rice,Indian,Breakfast,393,35.4,148.6,6.3,3.4,19.9,713,66,Baked,4.3,1
252,North Rice,Indian,Breakfast,393,35.4,148.6,6.3,3.4,19.9,713,66,Baked,4.3,1
1988,Attention Salad,Japanese,Dinner,665,77.0,12.7,34.8,28.8,16.5,1758,140,Steamed,3.1,0
703,Treatment Wrap,Mexican,Lunch,1048,34.3,90.1,9.0,10.6,5.8,1178,72,Raw,1.7,0
1563,Base Rice,Japanese,Lunch,180,41.3,45.5,16.8,16.3,9.5,1560,203,Grilled,2.8,1
1136,Yeah Salad,Japanese,Dinner,597,49.6,4.0,12.4,5.0,18.1,2328,35,Baked,1.1,1
1248,Year Pasta,Mediterranean,Lunch,494,50.4,32.6,12.1,29.7,2.3,699,162,Steamed,1.2,1
1563,Base Rice,Japanese,Lunch,180,41.3,45.5,16.8,16.3,9.5,1560,203,Grilled,2.8,1
2000,List Pasta,Indian,Snack,341,51.5,77.7,0.1,8.2,9.0,398,91,Fried,1.9,1
1029,Try Soup,Italian,Snack,196,74.8,27.2,24.0,25.7,18.2,2467,192,Raw,3.5,1
534,Rather Sandwich,Italian,Snack,881,38.4,27.9,40.7,11.8,39.8,801,8,Steamed,1.3,0
1801,Front Soup,American,Lunch,370,76.0,104.4,4.1,21.0,12.2,514,37,Roasted,3.6,1
1909,Similar Rice,Indian,Lunch,908,20.8,17.9,15.3,27.9,4.8,1752,172,Baked,3.7,0
1978,Evidence Wrap,Italian,Snack,324,7.1,141.9,0.8,22.4,4.1,1406,41,Roasted,2.8,1
84,Inside Pasta,Chinese,Snack,312,68.1,95.0,4.0,19.0,8.0,2158,24,Roasted,1.7,1
167,Prove Rice,Mediterranean,Lunch,595,6.0,31.4,51.6,14.2,31.9,2266,138,Steamed,3.7,0
1694,Sit Wrap,Japanese,Dinner,393,49.6,50.2,41.6,22.2,4.6,2282,254,Raw,4.6,0
675,Wear Rice,American,Snack,376,51.0,136.0,4.9,4.4,8.1,1118,97,Baked,1.2,1
1513,Father Stew,Italian,Lunch,845,74.8,93.3,15.4,21.5,38.8,546,286,Roasted,1.2,0
1215,Opportunity Wrap,Mediterranean,Lunch,342,24.7,148.9,0.5,26.2,5.6,215,190,Baked,2.4,1
92,Attorney Salad,Chinese,Dinner,350,11.8,29.0,15.2,15.8,6.0,948,130,Baked,3.8,1
1579,Side Salad,Indian,Lunch,328,41.8,99.7,9.2,25.6,4.8,80,62,Steamed,4.4,1
1467,Life Rice,Indian,Dinner,129,24.6,91.6,20.3,1.8,18.7,1822,106,Fried,4.3,1
724,Close Pasta,Mexican,Dinner,306,72.5,34.0,57.3,5.9,29.9,1954,145,Fried,4.7,0
1980,Recognize Stew,Chinese,Dinner,676,28.4,42.0,4.5,13.8,48.8,995,136,Roasted,2.2,0
63,Why Curry,Indian,Lunch,213,69.9,115.1,18.5,23.2,7.4,1538,102,Fried,3.6,1
211,Bill Stew,Indian,Dinner,582,70.9,63.2,59.2,2.6,12.1,1803,288,Boiled,4.5,0
1261,From Salad,Italian,Snack,1127,72.6,52.0,56.3,11.7,12.8,1721,38,Roasted,4.4,0
881,Left Wrap,Mexican,Lunch,391,7.6,121.0,6.4,17.9,2.7,2413,109,Boiled,2.4,1
669,For Rice,Mediterranean,Breakfast,347,64.9,26.7,38.2,22.0,0.6,2168,263,Fried,3.8,0
91,Summer Stew,Japanese,Lunch,487,6.4,72.0,16.3,22.7,6.8,621,269,Steamed,1.6,1
123,Raise Stew,Indian,Lunch,471,62.3,56.5,19.9,0.9,7.1,1910,50,Grilled,1.3,1
1170,Animal Pasta,Mexican,Dinner,328,60.2,40.9,2.7,9.9,5.3,799,136,Raw,3.6,1
215,Begin Curry,Indian,Lunch,301,10.5,140.1,12.7,23.0,0.1,1441,145,Steamed,4.0,1
224,Night Wrap,Italian,Breakfast,700,42.1,149.8,40.5,16.2,0.3,2319,229,Baked,3.3,0
97,Appear Stew,Mediterranean,Breakfast,172,43.0,110.6,0.5,24.1,13.2,354,185,Boiled,2.0,1
1706,Goal Stew,Mediterranean,Snack,387,70.9,143.8,10.7,9.1,3.8,1498,175,Baked,2.8,1
328,Know Stew,American,Snack,530,78.0,118.5,35.1,15.1,15.1,375,278,Grilled,2.4,0
845,End Stew,Mediterranean,Lunch,882,34.3,68.4,14.8,9.8,0.7,1435,172,Boiled,3.0,0
438,Miss Soup,Japanese,Breakfast,517,67.4,132.2,35.0,15.8,15.6,623,198,Roasted,3.8,0
143,Return Curry,American,Lunch,778,69.5,0.8,36.5,20.6,1.8,1460,293,Grilled,5.0,0
88,Enough Soup,Thai,Lunch,433,65.9,104.9,23.4,27.4,10.8,1025,242,Fried,3.9,1
229,Fact Curry,Chinese,Dinner,721,50.5,149.8,42.5,3.8,34.3,1729,169,Fried,3.2,0
920,Film Wrap,Indian,Breakfast,1149,75.1,105.1,23.1,23.7,4.6,2172,113,Grilled,4.9,0
198,Nearly Curry,Japanese,Snack,688,58.3,16.1,4.1,24.5,12.0,2166,207,Boiled,2.3,1
1590,Time Wrap,Mediterranean,Lunch,1025,41.6,43.5,46.0,14.0,20.7,303,203,Fried,3.8,0
1908,Sit Wrap,Indian,Breakfast,1132,28.2,133.6,18.0,28.4,18.7,89,163,Boiled,3.6,0
1870,Positive Pasta,Italian,Lunch,777,24.6,13.9,3.7,15.4,48.4,1051,144,Baked,1.0,0
1103,Film Rice,Japanese,Snack,540,37.1,139.0,2.7,6.6,5.4,1490,102,Baked,4.9,1
1882,Whose Rice,American,Breakfast,681,67.6,32.2,1.3,19.4,35.2,2268,278,Steamed,3.2,0
119,Talk Salad,Japanese,Snack,431,26.1,8.6,4.1,1.1,12.8,1630,283,Baked,2.4,1
1270,Than Soup,Indian,Lunch,829,28.9,27.1,32.5,12.1,19.6,1709,268,Boiled,4.0,0
1834,Skin Soup,Mexican,Lunch,650,27.4,132.9,4.5,9.3,39.4,1927,163,Fried,2.8,0
1299,Stuff Rice,Thai,Snack,280,8.0,112.3,15.9,13.9,7.9,1943,161,Raw,1.6,1
646,Buy Sandwich,Mediterranean,Lunch,649,78.9,96.6,3.2,11.2,13.5,1413,75,Roasted,4.2,1
1939,Look Soup,American,Breakfast,968,36.1,23.8,26.7,2.5,2.6,1191,37,Steamed,4.2,0
942,Place Soup,Japanese,Snack,1006,23.1,128.0,53.1,24.1,38.5,1773,0,Steamed,3.3,0
1754,See Pasta,Mediterranean,Lunch,1108,24.8,2.7,16.5,27.3,31.5,873,271,Boiled,2.3,0
1313,He Curry,Thai,Dinner,410,57.5,41.7,20.5,17.1,9.1,1998,114,Boiled,1.1,1
704,Party Pasta,Thai,Snack,526,66.9,122.1,3.6,26.4,43.5,250,108,Boiled,2.8,0
2,Husband Rice,Mexican,Lunch,182,74.7,144.4,0.1,22.3,38.6,423,7,Roasted,2.4,0
748,Develop Sandwich,Indian,Snack,332,69.9,7.5,10.3,26.5,15.4,2265,31,Baked,3.7,1
767,Analysis Curry,Thai,Dinner,543,29.9,67.3,28.0,23.1,36.0,644,139,Boiled,3.1,0
1910,Investment Stew,American,Dinner,374,36.3,134.4,10.4,20.7,8.3,714,43,Baked,2.2,1
1264,Account Pasta,Indian,Snack,551,51.8,0.4,6.7,12.7,6.3,2053,46,Grilled,2.8,1
1808,Young Rice,Thai,Breakfast,482,43.2,17.6,24.6,14.8,49.2,588,107,Roasted,1.5,0
1759,Hope Salad,Mediterranean,Snack,186,64.0,137.2,8.7,28.9,14.2,2293,299,Boiled,3.2,1
1428,Beyond Stew,Mediterranean,Dinner,1182,35.9,109.5,52.5,10.8,8.1,64,29,Steamed,1.2,0
790,Network Curry,Mexican,Breakfast,322,23.4,80.4,24.5,3.1,17.3,2002,86,Fried,1.4,1
128,Item Soup,Chinese,Lunch,484,10.8,72.9,11.7,12.1,12.1,1844,102,Boiled,2.9,1
1679,As Stew,Thai,Dinner,815,62.6,114.8,26.9,22.2,1.9,1650,36,Fried,4.3,0
186,Give Pasta,Mediterranean,Snack,672,25.2,126.3,2.3,5.5,1.4,821,163,Steamed,2.2,1
1250,Writer Soup,Thai,Dinner,878,15.1,8.8,47.2,21.3,7.8,211,177,Steamed,2.2,0
2000,List Pasta,Indian,Snack,341,51.5,77.7,0.1,8.2,9.0,398,91,Fried,1.9,1
1695,Western Pasta,Thai,Breakfast,218,20.9,60.5,16.3,19.3,8.2,713,183,Roasted,4.1,1
1802,Expert Curry,American,Breakfast,952,12.4,70.4,18.1,4.0,28.3,1355,71,Roasted,1.7,0
1997,Majority Sandwich,Mediterranean,Snack,177,79.5,24.4,12.9,27.1,13.6,1612,271,Roasted,1.5,1
728,Sound Soup,American,Breakfast,125,49.3,18.4,21.6,19.7,41.7,1927,41,Roasted,2.8,0
752,Crime Pasta,Chinese,Lunch,835,55.3,95.9,7.9,21.1,6.0,314,217,Fried,3.1,0
1390,Design Soup,Mexican,Dinner,853,46.0,101.3,25.4,22.0,30.6,701,27,Boiled,2.3,0
671,Ahead Wrap,American,Lunch,404,20.8,128.3,12.1,1.8,10.9,1434,246,Raw,4.6,1
354,Return Soup,Chinese,Dinner,370,76.9,88.7,40.9,1.9,6.1,630,295,Raw,2.1,0
711,Be Wrap,Italian,Snack,383,69.7,110.6,15.6,25.8,39.8,1813,189,Grilled,1.0,0
1584,Eat Rice,American,Dinner,342,72.0,52.2,27.3,28.8,12.4,1899,93,Fried,1.0,0
1633,Truth Rice,Japanese,Breakfast,327,20.4,33.6,46.1,19.3,36.8,1346,147,Roasted,4.1,0
780,Central Stew,Chinese,Breakfast,1181,66.9,1.2,32.3,22.0,15.9,364,59,Grilled,1.2,0
1418,Trip Wrap,Thai,Lunch,848,66.5,101.4,40.0,8.9,44.2,2234,251,Steamed,2.9,0
1950,Beat Sandwich,Thai,Lunch,387,79.9,53.0,52.2,27.3,45.7,507,284,Boiled,2.1,0
1067,Party Salad,Chinese,Lunch,266,12.4,70.3,24.5,10.9,29.6,1299,6,Baked,2.5,0
1917,Weight Soup,American,Dinner,595,40.2,27.2,3.4,10.0,14.4,148,142,Fried,2.2,1
221,Start Wrap,Thai,Dinner,151,13.3,94.9,1.1,16.7,18.9,1902,202,Raw,1.3,1
1443,Standard Salad,Mexican,Lunch,741,5.2,76.0,44.6,18.2,3.8,1880,261,Steamed,3.1,0
1545,Sell Salad,American,Lunch,1035,50.9,50.0,8.0,27.1,28.8,1176,153,Steamed,2.2,0
1553,Rather Pasta,American,Snack,585,51.4,147.6,43.2,19.3,31.1,1854,292,Fried,4.7,0
1264,Account Pasta,Indian,Snack,551,51.8,0.4,6.7,12.7,6.3,2053,46,Grilled,2.8,1
619,Avoid Pasta,Indian,Snack,203,18.6,63.2,24.0,20.3,3.5,483,250,Baked,3.1,1
1768,Call Salad,Mexican,Dinner,351,56.4,119.0,18.9,26.3,1.5,840,104,Boiled,2.3,1
1652,Range Stew,American,Lunch,428,60.4,46.9,55.2,2.5,33.3,551,22,Roasted,3.1,0
778,Itself Salad,Japanese,Lunch,395,63.6,114.0,0.8,7.3,4.0,247,28,Grilled,4.2,1
1688,Service Salad,Mediterranean,Lunch,1169,21.1,75.7,27.2,14.9,11.6,1993,64,Raw,3.2,0
1836,On Sandwich,Mediterranean,Dinner,1006,51.7,32.2,44.2,19.0,25.1,1521,68,Grilled,3.3,0
1498,Institution Curry,Indian,Snack,140,72.3,104.8,44.5,0.9,13.9,2396,230,Raw,2.6,0
866,Buy Pasta,Thai,Lunch,664,74.9,36.3,17.8,28.6,11.3,1528,286,Raw,2.3,1
1245,Wife Soup,Japanese,Snack,544,30.8,138.8,16.2,24.3,9.0,993,241,Baked,3.4,1
1815,Whom Wrap,Japanese,Breakfast,832,47.4,8.8,38.4,9.5,12.8,2287,107,Fried,4.4,0
1153,Admit Wrap,Chinese,Breakfast,490,25.6,117.8,43.9,10.6,30.5,353,285,Baked,1.5,0
876,Threat Rice,Italian,Breakfast,917,59.1,49.9,4.5,9.4,40.4,1643,238,Roasted,2.6,0
63,Why Curry,Indian,Lunch,213,69.9,115.1,18.5,23.2,7.4,1538,102,Fried,3.6,1
269,Pull Sandwich,Mexican,Lunch,223,42.4,48.8,22.7,26.2,18.4,2171,62,Boiled,3.3,1
1764,East Sandwich,Indian,Dinner,1054,49.2,59.9,32.2,20.7,43.2,1060,68,Steamed,2.8,0
813,Offer Sandwich,Thai,Breakfast,465,26.5,61.2,18.0,4.8,17.4,396,67,Grilled,2.3,1
91,Summer Stew,Japanese,Lunch,487,6.4,72.0,16.3,22.7,6.8,621,269,Steamed,1.6,1
1385,Only Soup,Mediterranean,Breakfast,606,20.2,120.7,11.9,21.2,12.8,1598,11,Raw,3.6,1
186,Give Pasta,Mediterranean,Snack,672,25.2,126.3,2.3,5.5,1.4,821,163,Steamed,2.2,1
1318,Religious Soup,American,Breakfast,219,22.1,21.9,13.4,0.8,6.1,182,277,Steamed,2.5,1
398,Parent Salad,Japanese,Lunch,365,50.3,136.8,2.3,14.8,14.9,1258,212,Fried,2.2,1
1897,Unit Stew,Indian,Snack,712,42.7,32.9,5.9,10.4,24.8,2287,163,Roasted,3.3,0
1306,Detail Salad,Mexican,Snack,588,36.6,88.3,14.4,2.3,41.8,1643,203,Fried,4.7,0
923,Car Rice,American,Dinner,652,41.3,0.6,7.5,25.2,15.9,1602,22,Boiled,3.6,1
1162,Serious Pasta,Mexican,Lunch,178,65.4,84.2,26.9,22.7,48.7,2146,177,Grilled,4.2,0
591,Really Stew,Mexican,Breakfast,252,42.9,82.3,48.1,20.7,36.5,1877,53,Fried,2.9,0
671,Ahead Wrap,American,Lunch,404,20.8,128.3,12.1,1.8,10.9,1434,246,Raw,4.6,1
1851,Measure Soup,Mexican,Snack,788,48.1,103.3,34.4,15.9,47.5,828,4,Steamed,1.5,0
1650,Call Stew,Chinese,Snack,691,65.7,137.2,18.7,24.9,0.0,2424,134,Steamed,2.8,1
1136,Yeah Salad,Japanese,Dinner,597,49.6,4.0,12.4,5.0,18.1,2328,35,Baked,1.1,1
1264,Account Pasta,Indian,Snack,551,51.8,0.4,6.7,12.7,6.3,2053,46,Grilled,2.8,1
1937,Return Sandwich,Indian,Dinner,1126,23.5,91.7,2.3,8.4,37.1,2436,88,Roasted,4.8,0
310,Drug Soup,Japanese,Lunch,614,59.8,36.9,13.3,14.8,12.7,2233,54,Steamed,3.8,1
112,Final Sandwich,Mexican,Dinner,635,29.4,98.4,30.0,26.4,11.2,2189,177,Roasted,4.3,0
1119,Cost Wrap,Mediterranean,Snack,143,68.3,2.3,12.9,6.7,45.2,1449,109,Roasted,2.4,0
617,Debate Pasta,Indian,Lunch,770,9.3,44.2,12.9,27.7,18.0,666,116,Boiled,2.7,0
1117,Report Sandwich,Chinese,Dinner,116,32.6,139.0,1.8,15.0,0.8,2188,262,Baked,2.2,1
221,Start Wrap,Thai,Dinner,151,13.3,94.9,1.1,16.7,18.9,1902,202,Raw,1.3,1
952,Since Stew,Thai,Lunch,768,70.1,40.2,3.9,23.0,41.3,130,171,Raw,3.1,0
1638,Course Stew,Japanese,Lunch,859,39.1,141.3,11.0,21.6,48.1,1777,79,Raw,2.5,0
1857,Small Rice,Thai,Dinner,657,58.4,88.0,6.8,28.8,11.6,261,52,Steamed,3.5,1
32,Ready Rice,Thai,Dinner,333,78.2,130.0,16.6,0.3,19.0,2416,167,Roasted,1.6,1
1139,Reveal Wrap,Thai,Breakfast,567,39.9,78.8,33.1,3.6,42.4,576,169,Baked,1.1,0
233,Or Curry,Thai,Breakfast,736,77.7,139.1,34.6,13.7,8.8,1675,202,Baked,4.7,0
430,Election Sandwich,Italian,Breakfast,1040,76.5,11.9,40.4,3.2,34.5,2175,197,Roasted,2.7,0
675,Wear Rice,American,Snack,376,51.0,136.0,4.9,4.4,8.1,1118,97,Baked,1.2,1
959,Keep Soup,Japanese,Dinner,846,69.7,82.8,9.2,6.1,3.5,1839,14,Baked,3.5,0
435,Suffer Rice,Thai,Lunch,1159,75.9,21.6,3.8,0.9,7.5,92,90,Roasted,4.9,0
22,Despite Rice,Italian,Snack,578,33.5,135.3,7.4,10.6,18.7,1156,110,Fried,3.7,1
1110,Give Sandwich,Mexican,Snack,150,69.0,85.7,10.2,26.2,6.4,1710,257,Roasted,4.3,1
927,Arm Soup,American,Breakfast,469,29.3,128.1,6.6,25.6,9.8,441,5,Fried,1.9,1
1127,White Salad,Japanese,Snack,214,64.1,26.3,30.6,24.1,16.4,1444,196,Roasted,4.4,0
221,Start Wrap,Thai,Dinner,151,13.3,94.9,1.1,16.7,18.9,1902,202,Raw,1.3,1
1639,Together Stew,American,Breakfast,183,12.1,33.4,54.8,6.5,21.0,884,179,Grilled,5.0,0
1566,Purpose Salad,Chinese,Dinner,224,72.0,88.3,2.3,10.6,2.8,241,247,Boiled,4.1,1
1055,Knowledge Stew,Mexican,Lunch,889,59.9,50.2,21.3,23.1,28.4,986,131,Boiled,2.3,0
1735,Throughout Curry,Mexican,Breakfast,451,63.8,43.5,44.8,26.8,6.3,881,30,Boiled,2.9,0
464,Article Pasta,Mexican,Snack,232,18.8,74.5,7.0,20.1,14.8,1433,116,Grilled,2.8,1
1650,Call Stew,Chinese,Snack,691,65.7,137.2,18.7,24.9,0.0,2424,134,Steamed,2.8,1
749,Role Soup,Japanese,Snack,669,59.9,91.7,17.9,19.0,17.0,764,44,Steamed,3.3,1
1275,Step Soup,American,Snack,350,9.2,112.5,12.7,9.7,13.3,1728,114,Roasted,1.4,1
887,Air Curry,Chinese,Snack,225,10.2,88.4,16.7,28.5,28.0,1295,31,Roasted,1.0,0
1931,Kitchen Salad,Japanese,Breakfast,1158,8.6,141.8,45.2,5.2,45.9,709,71,Fried,3.3,0
1016,Time Sandwich,Mediterranean,Lunch,139,40.9,1.4,12.7,2.6,12.9,2208,193,Grilled,2.5,1
550,Report Pasta,Mediterranean,Breakfast,333,37.6,25.4,42.7,12.7,18.2,113,52,Baked,3.8,0
619,Avoid Pasta,Indian,Snack,203,18.6,63.2,24.0,20.3,3.5,483,250,Baked,3.1,1
1110,Give Sandwich,Mexican,Snack,150,69.0,85.7,10.2,26.2,6.4,1710,257,Roasted,4.3,1
299,Decision Pasta,Mediterranean,Dinner,195,10.6,72.8,19.3,7.5,5.6,60,183,Roasted,3.5,1
858,Government Sandwich,Thai,Snack,748,64.6,16.2,19.1,4.6,24.3,1557,146,Roasted,1.3,0
604,Night Wrap,Italian,Lunch,138,21.2,44.8,22.3,20.6,9.7,2271,102,Fried,1.5,1
227,Give Stew,Mexican,Breakfast,1181,74.7,80.2,42.8,12.0,24.2,1440,296,Steamed,4.2,0
487,Next Pasta,Indian,Lunch,471,30.4,68.1,11.8,28.5,13.8,1736,63,Fried,2.5,1
2000,List Pasta,Indian,Snack,341,51.5,77.7,0.1,8.2,9.0,398,91,Fried,1.9,1
813,Offer Sandwich,Thai,Breakfast,465,26.5,61.2,18.0,4.8,17.4,396,67,Grilled,2.3,1
1782,Face Pasta,Italian,Lunch,370,7.4,34.9,5.1,29.0,16.0,2309,269,Raw,1.1,1
1650,Call Stew,Chinese,Snack,691,65.7,137.2,18.7,24.9,0.0,2424,134,Steamed,2.8,1
1982,Why Rice,Mexican,Breakfast,959,52.6,64.5,31.4,30.0,11.7,109,253,Raw,4.7,0
416,Despite Soup,Indian,Breakfast,419,55.7,129.4,2.6,4.1,37.0,879,235,Fried,4.0,0
546,Participant Soup,Indian,Breakfast,565,53.2,30.8,15.1,27.4,4.5,2452,160,Steamed,3.9,1
457,Prevent Sandwich,American,Dinner,561,60.0,29.2,32.7,17.1,31.3,60,268,Fried,3.4,0
1873,Structure Pasta,Chinese,Dinner,307,5.4,149.3,14.0,25.0,47.5,587,208,Fried,3.3,0
429,Television Stew,Mediterranean,Dinner,841,21.0,133.9,55.6,5.2,10.8,748,117,Fried,3.5,0
1602,Be Pasta,Mediterranean,Snack,232,79.0,31.3,4.3,27.2,10.5,326,206,Fried,1.9,1
1681,White Soup,Japanese,Dinner,561,43.9,29.8,48.5,22.1,9.5,71,242,Roasted,3.4,0
1283,Statement Wrap,Chinese,Breakfast,152,55.3,28.2,51.0,11.9,49.7,1150,244,Boiled,3.7,0
7,Item Rice,Thai,Snack,114,60.9,6.7,6.7,23.4,8.3,1107,60,Roasted,2.8,1
1649,Shake Curry,Chinese,Breakfast,1185,42.1,142.2,44.0,16.6,31.5,1631,5,Steamed,1.1,0
1130,My Soup,Chinese,Dinner,174,16.7,9.7,21.3,21.2,12.8,657,96,Steamed,3.3,1
1563,Base Rice,Japanese,Lunch,180,41.3,45.5,16.8,16.3,9.5,1560,203,Grilled,2.8,1
1269,During Soup,Indian,Dinner,285,46.3,22.4,52.5,1.7,38.2,298,38,Grilled,3.3,0
1511,Contain Stew,Indian,Breakfast,146,29.6,32.3,17.1,14.7,24.1,2450,14,Raw,2.5,0
604,Night Wrap,Italian,Lunch,138,21.2,44.8,22.3,20.6,9.7,2271,102,Fried,1.5,1
74,Well Wrap,Thai,Lunch,350,53.1,32.9,19.1,15.3,50.0,1035,204,Roasted,2.2,0
482,Other Pasta,Japanese,Snack,143,73.3,94.5,15.7,24.1,13.0,348,215,Grilled,2.5,1
1303,Relationship Soup,Japanese,Breakfast,733,24.1,22.9,16.6,26.9,4.6,2286,44,Boiled,3.6,0
308,Term Salad,Thai,Dinner,607,21.7,39.8,13.9,6.2,14.5,1880,224,Roasted,4.6,1
538,Might Sandwich,Chinese,Lunch,865,16.4,37.8,5.9,26.0,0.2,1367,28,Baked,4.2,0
417,Here Pasta,Indian,Dinner,882,69.9,58.2,4.4,10.1,38.1,1708,221,Steamed,3.4,0
548,Near Sandwich,Chinese,Breakfast,346,55.7,57.6,9.3,18.4,2.3,1581,212,Roasted,2.6,1
842,Join Soup,Chinese,Dinner,1033,63.7,61.1,48.3,25.4,46.6,745,228,Fried,1.8,0
6,Arm Stew,Italian,Dinner,484,55.3,130.3,0.1,29.7,1.6,411,162,Steamed,1.6,1
872,Difference Pasta,Italian,Snack,234,49.1,143.4,20.6,12.5,25.0,326,58,Fried,4.9,0
1183,Say Rice,Mexican,Dinner,229,35.7,67.9,47.5,22.2,42.4,846,298,Baked,4.1,0
967,Reach Curry,Indian,Dinner,231,47.0,85.8,39.6,6.5,43.4,702,135,Roasted,1.2,0
374,Produce Stew,American,Lunch,992,75.9,144.3,36.9,21.3,15.3,293,247,Grilled,1.3,0
1082,Current Pasta,Italian,Snack,355,38.5,141.2,14.4,14.2,7.7,1712,261,Roasted,4.5,1
1650,Call Stew,Chinese,Snack,691,65.7,137.2,18.7,24.9,0.0,2424,134,Steamed,2.8,1
1114,Blue Pasta,Indian,Dinner,1030,56.4,47.4,49.1,6.0,11.8,1209,52,Boiled,1.5,0
1409,Might Rice,American,Breakfast,336,8.4,108.8,28.7,7.6,29.6,1616,156,Boiled,4.4,0
500,Imagine Rice,Italian,Lunch,1094,77.3,12.7,10.9,29.1,48.4,2141,182,Boiled,3.8,0
546,Participant Soup,Indian,Breakfast,565,53.2,30.8,15.1,27.4,4.5,2452,160,Steamed,3.9,1
900,Visit Salad,Indian,Dinner,438,24.2,94.3,37.1,28.4,42.5,930,214,Roasted,2.1,0
1718,Culture Rice,Mediterranean,Dinner,219,5.6,106.0,14.3,24.6,7.6,1300,157,Baked,4.5,1
1091,Measure Sandwich,Indian,Snack,436,33.2,21.3,42.2,5.4,22.0,512,8,Roasted,4.4,0
1265,Trip Salad,Chinese,Breakfast,531,52.6,74.1,4.3,27.2,2.8,648,102,Roasted,4.4,1
228,Continue Wrap,Mediterranean,Breakfast,876,38.7,88.2,30.2,7.9,31.2,1698,287,Fried,1.3,0
182,Challenge Sandwich,Mediterranean,Snack,343,59.4,139.4,17.5,20.3,43.1,692,172,Grilled,2.1,0
1744,If Sandwich,Mediterranean,Dinner,485,28.6,46.6,27.4,8.3,32.5,1763,99,Baked,3.4,0
732,Enough Salad,Indian,Snack,609,60.7,84.0,19.4,27.7,18.7,1555,0,Roasted,4.0,1
123,Raise Stew,Indian,Lunch,471,62.3,56.5,19.9,0.9,7.1,1910,50,Grilled,1.3,1
771,Free Soup,Indian,Lunch,202,79.8,142.4,50.8,12.8,29.6,2427,280,Boiled,2.6,0
1656,Simply Soup,Italian,Dinner,881,44.9,148.5,21.9,7.9,43.7,630,153,Roasted,1.1,0
1240,Hour Rice,Indian,Lunch,1020,69.7,24.3,47.2,20.5,34.6,108,68,Baked,1.2,0
866,Buy Pasta,Thai,Lunch,664,74.9,36.3,17.8,28.6,11.3,1528,286,Raw,2.3,1
464,Article Pasta,Mexican,Snack,232,18.8,74.5,7.0,20.1,14.8,1433,116,Grilled,2.8,1
1120,Where Wrap,Indian,Lunch,255,72.9,108.5,54.6,14.2,22.6,979,37,Roasted,2.6,0
1263,Pick Salad,Mexican,Breakfast,150,9.7,42.0,3.2,22.4,18.5,1849,47,Roasted,4.9,1
881,Left Wrap,Mexican,Lunch,391,7.6,121.0,6.4,17.9,2.7,2413,109,Boiled,2.4,1
1750,Quality Rice,Mediterranean,Breakfast,973,15.1,116.2,7.7,17.1,24.1,1299,67,Fried,4.6,0
338,Develop Pasta,Italian,Lunch,261,45.8,81.9,8.2,3.4,16.1,1523,19,Roasted,4.1,1
209,In Salad,Indian,Dinner,640,53.8,92.8,11.3,1.9,14.6,1803,79,Fried,2.0,1
1961,Practice Curry,Indian,Lunch,473,49.5,94.6,9.9,16.5,17.8,772,279,Baked,3.9,1
40,Yeah Pasta,Indian,Dinner,1003,26.4,89.2,31.1,2.0,15.1,149,264,Raw,2.0,0
854,Than Soup,Thai,Dinner,1191,25.7,72.8,35.9,8.4,1.0,248,135,Boiled,3.5,0
1174,Two Rice,American,Breakfast,593,50.1,26.3,23.1,1.2,0.1,463,251,Raw,2.9,1
1801,Front Soup,American,Lunch,370,76.0,104.4,4.1,21.0,12.2,514,37,Roasted,3.6,1
1632,Moment Wrap,Japanese,Snack,1040,78.2,99.5,22.9,7.2,13.6,2271,253,Roasted,1.7,0
1910,Investment Stew,American,Dinner,374,36.3,134.4,10.4,20.7,8.3,714,43,Baked,2.2,1
1535,Human Curry,Italian,Lunch,1148,40.9,53.8,9.0,10.0,7.3,1648,171,Boiled,3.9,0
32,Ready Rice,Thai,Dinner,333,78.2,130.0,16.6,0.3,19.0,2416,167,Roasted,1.6,1
1507,Particular Salad,Thai,Lunch,395,6.6,54.8,46.9,18.0,12.0,897,226,Boiled,4.2,0
338,Develop Pasta,Italian,Lunch,261,45.8,81.9,8.2,3.4,16.1,1523,19,Roasted,4.1,1
290,Open Soup,American,Lunch,277,60.2,45.5,2.9,13.8,16.7,590,232,Boiled,3.0,1
1919,Development Salad,American,Lunch,513,55.6,84.3,4.1,26.7,19.7,1340,240,Boiled,1.9,1
91,Summer Stew,Japanese,Lunch,487,6.4,72.0,16.3,22.7,6.8,621,269,Steamed,1.6,1
1576,Well Stew,Thai,Dinner,565,50.9,78.3,8.9,9.9,5.2,805,231,Raw,2.6,1
271,Parent Curry,American,Dinner,1119,66.8,113.0,22.4,18.9,11.3,620,9,Grilled,1.6,0
1692,Air Curry,Indian,Snack,515,78.7,49.7,5.5,2.0,16.0,642,222,Fried,2.1,1
1103,Film Rice,Japanese,Snack,540,37.1,139.0,2.7,6.6,5.4,1490,102,Baked,4.9,1
660,Mrs Stew,Japanese,Lunch,592,74.3,25.6,28.8,29.2,19.7,1721,41,Raw,4.6,0
1759,Hope Salad,Mediterranean,Snack,186,64.0,137.2,8.7,28.9,14.2,2293,299,Boiled,3.2,1
1434,Wish Salad,Mexican,Lunch,914,69.8,88.7,49.4,23.6,0.7,1880,105,Fried,1.3,0
1589,Will Rice,Chinese,Breakfast,375,26.3,142.9,11.7,25.8,15.2,1160,138,Steamed,3.8,1
718,Perhaps Wrap,American,Dinner,398,7.5,6.8,2.8,29.4,10.5,2328,25,Raw,2.4,1
666,Plant Wrap,Mediterranean,Snack,154,15.9,32.1,4.2,11.4,15.4,1032,232,Grilled,2.0,1
709,Parent Sandwich,Mexican,Snack,451,43.8,73.4,40.9,12.0,38.8,870,30,Raw,2.9,0
866,Buy Pasta,Thai,Lunch,664,74.9,36.3,17.8,28.6,11.3,1528,286,Raw,2.3,1
1563,Base Rice,Japanese,Lunch,180,41.3,45.5,16.8,16.3,9.5,1560,203,Grilled,2.8,1
1687,Story Sandwich,Mexican,Dinner,604,77.8,82.2,40.2,20.5,30.6,2365,58,Raw,4.7,0
459,Reduce Rice,Indian,Breakfast,504,16.6,68.7,15.8,26.5,17.8,1833,53,Boiled,2.4,1
1400,Role Sandwich,Indian,Lunch,794,70.3,97.9,42.0,17.1,9.6,782,276,Roasted,4.3,0
97,Appear Stew,Mediterranean,Breakfast,172,43.0,110.6,0.5,24.1,13.2,354,185,Boiled,2.0,1
616,Decision Rice,Mediterranean,Dinner,533,11.9,24.9,30.5,12.7,11.2,1034,130,Baked,1.8,0
1313,He Curry,Thai,Dinner,410,57.5,41.7,20.5,17.1,9.1,1998,114,Boiled,1.1,1
1237,At Sandwich,American,Lunch,533,51.3,1.5,11.1,0.3,10.3,1581,232,Raw,4.7,1
1459,Wish Rice,Italian,Snack,344,46.6,114.1,21.7,20.8,1.4,825,107,Baked,1.4,1
214,Size Sandwich,Chinese,Snack,881,29.6,90.7,51.1,19.1,41.4,568,104,Roasted,3.7,0
1992,Thing Sandwich,Thai,Dinner,130,46.1,3.0,37.2,14.0,14.3,1874,67,Steamed,2.3,0
1070,Month Stew,Italian,Snack,443,72.9,81.2,0.2,10.7,38.3,1094,118,Boiled,1.7,0
52,Company Wrap,Indian,Dinner,153,76.0,79.0,23.3,24.0,8.5,1581,80,Raw,4.3,1
1732,You Pasta,Japanese,Snack,319,56.6,43.3,16.4,26.9,14.5,1725,67,Grilled,3.7,1
1576,Well Stew,Thai,Dinner,565,50.9,78.3,8.9,9.9,5.2,805,231,Raw,2.6,1
1328,Page Rice,Thai,Dinner,331,9.3,38.6,15.7,1.3,7.3,238,170,Baked,1.9,1
1189,Once Wrap,American,Lunch,434,51.8,7.2,50.8,14.4,10.6,1790,259,Fried,2.4,0
519,Would Pasta,Japanese,Snack,426,56.0,35.7,46.2,29.0,34.9,216,259,Boiled,4.1,0
1245,Wife Soup,Japanese,Snack,544,30.8,138.8,16.2,24.3,9.0,993,241,Baked,3.4,1
823,Respond Sandwich,Chinese,Breakfast,887,14.9,38.8,42.2,29.9,16.3,2278,223,Baked,2.7,0
1461,Whom Rice,Japanese,Snack,485,42.9,70.0,10.0,1.3,3.0,215,115,Boiled,4.7,1
25,Per Pasta,Italian,Dinner,1153,75.0,8.7,43.9,25.9,46.8,1043,86,Boiled,2.9,0
675,Wear Rice,American,Snack,376,51.0,136.0,4.9,4.4,8.1,1118,97,Baked,1.2,1
504,Religious Rice,Italian,Dinner,960,52.5,44.8,4.9,4.3,27.1,1964,36,Fried,2.6,0
1308,Involve Curry,Italian,Snack,517,31.3,137.1,26.4,1.7,1.9,1955,197,Baked,4.5,0
88,Enough Soup,Thai,Lunch,433,65.9,104.9,23.4,27.4,10.8,1025,242,Fried,3.9,1
1049,Foot Wrap,Mexican,Snack,739,24.5,96.7,16.3,5.6,42.3,2201,139,Fried,1.4,0
1347,Subject Sandwich,Chinese,Dinner,487,55.8,47.4,37.7,20.3,19.7,382,104,Grilled,3.3,0
36,Which Soup,Indian,Snack,249,79.5,91.2,11.3,29.4,3.5,2354,120,Boiled,2.5,1
722,System Rice,Japanese,Lunch,698,79.2,25.6,13.5,0.5,12.3,178,214,Roasted,4.4,1
1207,Effect Sandwich,Japanese,Breakfast,642,14.9,141.2,15.7,22.9,15.5,1456,47,Boiled,2.5,1
1671,Receive Curry,American,Lunch,1122,28.3,101.5,51.0,21.9,24.4,2497,169,Baked,1.3,0
1318,Religious Soup,American,Breakfast,219,22.1,21.9,13.4,0.8,6.1,182,277,Steamed,2.5,1
848,Voice Sandwich,American,Lunch,921,35.5,15.6,50.3,24.3,9.7,195,235,Grilled,2.3,0
1965,Your Pasta,American,Dinner,304,16.3,127.4,23.2,11.1,10.4,1065,219,Fried,4.5,1
1859,Rock Pasta,Thai,Breakfast,296,6.9,52.9,47.2,27.1,11.2,587,131,Baked,2.1,0
151,Member Curry,Japanese,Breakfast,1106,50.4,96.4,9.4,12.3,26.8,50,293,Steamed,3.7,0
36,Which Soup,Indian,Snack,249,79.5,91.2,11.3,29.4,3.5,2354,120,Boiled,2.5,1
1117,Report Sandwich,Chinese,Dinner,116,32.6,139.0,1.8,15.0,0.8,2188,262,Baked,2.2,1
215,Begin Curry,Indian,Lunch,301,10.5,140.1,12.7,23.0,0.1,1441,145,Steamed,4.0,1
1245,Wife Soup,Japanese,Snack,544,30.8,138.8,16.2,24.3,9.0,993,241,Baked,3.4,1
1636,Responsibility Soup,Thai,Lunch,808,26.2,43.0,5.9,0.6,36.8,352,190,Steamed,4.6,0
367,Time Curry,Thai,Breakfast,168,73.9,86.9,58.4,9.1,25.1,1830,154,Grilled,2.8,0
1370,Tree Salad,Japanese,Dinner,968,8.0,84.9,48.7,13.4,27.3,381,174,Fried,2.2,0
511,Yeah Sandwich,Italian,Snack,1072,65.7,92.5,0.7,3.4,39.3,1215,107,Baked,3.5,0
209,In Salad,Indian,Dinner,640,53.8,92.8,11.3,1.9,14.6,1803,79,Fried,2.0,1
1810,Red Curry,American,Breakfast,465,28.4,79.8,10.5,1.4,47.1,2190,106,Roasted,1.8,0
1919,Development Salad,American,Lunch,513,55.6,84.3,4.1,26.7,19.7,1340,240,Boiled,1.9,1
1202,Stock Rice,Thai,Lunch,971,70.3,64.9,35.9,17.9,44.2,509,237,Boiled,1.6,0
1241,Hour Rice,Japanese,Dinner,194,37.3,113.8,31.8,7.3,31.6,509,221,Baked,3.8,0
1431,Agree Salad,Chinese,Dinner,233,75.3,67.5,53.5,12.4,9.7,280,44,Steamed,1.3,0
949,Military Salad,Italian,Snack,1149,24.6,18.5,45.9,10.1,48.2,1664,91,Boiled,1.4,0
885,Serious Wrap,Mediterranean,Lunch,287,62.3,13.6,17.3,0.5,10.3,2434,118,Fried,3.9,1
778,Itself Salad,Japanese,Lunch,395,63.6,114.0,0.8,7.3,4.0,247,28,Grilled,4.2,1
